<annotation>
	<folder></folder>
	<filename>Download--3-_jpeg.rf.cc187b64da2c92f66a1864ab810476f3.jpg</filename>
	<path>Download--3-_jpeg.rf.cc187b64da2c92f66a1864ab810476f3.jpg</path>
	<source>
		<database>roboflow.ai</database>
	</source>
	<size>
		<width>194</width>
		<height>259</height>
		<depth>3</depth>
	</size>
	<segmented>0</segmented>
	<object>
		<name>WineRed</name>
		<pose>Unspecified</pose>
		<truncated>0</truncated>
		<difficult>0</difficult>
		<occluded>0</occluded>
		<bndbox>
			<xmin>17</xmin>
			<xmax>54</xmax>
			<ymin>69</ymin>
			<ymax>204</ymax>
		</bndbox>
	</object>
	<object>
		<name>WineRed</name>
		<pose>Unspecified</pose>
		<truncated>0</truncated>
		<difficult>0</difficult>
		<occluded>0</occluded>
		<bndbox>
			<xmin>70</xmin>
			<xmax>108</xmax>
			<ymin>65</ymin>
			<ymax>217</ymax>
		</bndbox>
	</object>
	<object>
		<name>WineRed</name>
		<pose>Unspecified</pose>
		<truncated>0</truncated>
		<difficult>0</difficult>
		<occluded>0</occluded>
		<bndbox>
			<xmin>124</xmin>
			<xmax>169</xmax>
			<ymin>56</ymin>
			<ymax>231</ymax>
		</bndbox>
	</object>
</annotation>
