<annotation>
	<folder></folder>
	<filename>Download--4-_jpeg.rf.67bc38c4250ec2c97c76ffb58b097c0a.jpg</filename>
	<path>Download--4-_jpeg.rf.67bc38c4250ec2c97c76ffb58b097c0a.jpg</path>
	<source>
		<database>roboflow.ai</database>
	</source>
	<size>
		<width>238</width>
		<height>212</height>
		<depth>3</depth>
	</size>
	<segmented>0</segmented>
	<object>
		<name>WineRed</name>
		<pose>Unspecified</pose>
		<truncated>0</truncated>
		<difficult>0</difficult>
		<occluded>0</occluded>
		<bndbox>
			<xmin>77</xmin>
			<xmax>118</xmax>
			<ymin>17</ymin>
			<ymax>197</ymax>
		</bndbox>
	</object>
	<object>
		<name>WineRed</name>
		<pose>Unspecified</pose>
		<truncated>0</truncated>
		<difficult>0</difficult>
		<occluded>0</occluded>
		<bndbox>
			<xmin>198</xmin>
			<xmax>236</xmax>
			<ymin>9</ymin>
			<ymax>144</ymax>
		</bndbox>
	</object>
	<object>
		<name>WineRed</name>
		<pose>Unspecified</pose>
		<truncated>0</truncated>
		<difficult>0</difficult>
		<occluded>0</occluded>
		<bndbox>
			<xmin>6</xmin>
			<xmax>43</xmax>
			<ymin>5</ymin>
			<ymax>157</ymax>
		</bndbox>
	</object>
	<object>
		<name>WineRed</name>
		<pose>Unspecified</pose>
		<truncated>0</truncated>
		<difficult>0</difficult>
		<occluded>0</occluded>
		<bndbox>
			<xmin>131</xmin>
			<xmax>179</xmax>
			<ymin>15</ymin>
			<ymax>181</ymax>
		</bndbox>
	</object>
</annotation>
