<annotation>
	<folder></folder>
	<filename>download--3-_jpeg.rf.44a8983f6f766fe19e0e9b3c48c5662a.jpg</filename>
	<path>download--3-_jpeg.rf.44a8983f6f766fe19e0e9b3c48c5662a.jpg</path>
	<source>
		<database>roboflow.ai</database>
	</source>
	<size>
		<width>168</width>
		<height>300</height>
		<depth>3</depth>
	</size>
	<segmented>0</segmented>
	<object>
		<name>OrangeJuice</name>
		<pose>Unspecified</pose>
		<truncated>0</truncated>
		<difficult>0</difficult>
		<occluded>0</occluded>
		<bndbox>
			<xmin>22</xmin>
			<xmax>78</xmax>
			<ymin>57</ymin>
			<ymax>242</ymax>
		</bndbox>
	</object>
</annotation>
