<annotation>
	<folder></folder>
	<filename>download--4-_jpeg.rf.173dbbb2f1f064adc638fbf105e82343.jpg</filename>
	<path>download--4-_jpeg.rf.173dbbb2f1f064adc638fbf105e82343.jpg</path>
	<source>
		<database>roboflow.ai</database>
	</source>
	<size>
		<width>161</width>
		<height>312</height>
		<depth>3</depth>
	</size>
	<segmented>0</segmented>
	<object>
		<name>OrangeJuice</name>
		<pose>Unspecified</pose>
		<truncated>0</truncated>
		<difficult>0</difficult>
		<occluded>0</occluded>
		<bndbox>
			<xmin>11</xmin>
			<xmax>154</xmax>
			<ymin>1</ymin>
			<ymax>306</ymax>
		</bndbox>
	</object>
</annotation>
