<annotation>
	<folder></folder>
	<filename>download_jpeg.rf.74bc60bdd1eb7c520852b0e04abfbd77.jpg</filename>
	<path>download_jpeg.rf.74bc60bdd1eb7c520852b0e04abfbd77.jpg</path>
	<source>
		<database>roboflow.ai</database>
	</source>
	<size>
		<width>258</width>
		<height>195</height>
		<depth>3</depth>
	</size>
	<segmented>0</segmented>
	<object>
		<name>OrangeJuice</name>
		<pose>Unspecified</pose>
		<truncated>0</truncated>
		<difficult>0</difficult>
		<occluded>0</occluded>
		<bndbox>
			<xmin>121</xmin>
			<xmax>169</xmax>
			<ymin>25</ymin>
			<ymax>180</ymax>
		</bndbox>
	</object>
</annotation>
