<annotation>
	<folder></folder>
	<filename>download--6-_jpeg.rf.b45b8867afdebd04962efd810f316cec.jpg</filename>
	<path>download--6-_jpeg.rf.b45b8867afdebd04962efd810f316cec.jpg</path>
	<source>
		<database>roboflow.ai</database>
	</source>
	<size>
		<width>192</width>
		<height>262</height>
		<depth>3</depth>
	</size>
	<segmented>0</segmented>
	<object>
		<name>OrangeJuice</name>
		<pose>Unspecified</pose>
		<truncated>0</truncated>
		<difficult>0</difficult>
		<occluded>0</occluded>
		<bndbox>
			<xmin>57</xmin>
			<xmax>117</xmax>
			<ymin>25</ymin>
			<ymax>210</ymax>
		</bndbox>
	</object>
</annotation>
