<annotation>
	<folder></folder>
	<filename>download--1-_jpeg.rf.e4d4ba484f2dd1ed532ca46da7dfd3a7.jpg</filename>
	<path>download--1-_jpeg.rf.e4d4ba484f2dd1ed532ca46da7dfd3a7.jpg</path>
	<source>
		<database>roboflow.ai</database>
	</source>
	<size>
		<width>258</width>
		<height>195</height>
		<depth>3</depth>
	</size>
	<segmented>0</segmented>
	<object>
		<name>OrangeJuice</name>
		<pose>Unspecified</pose>
		<truncated>0</truncated>
		<difficult>0</difficult>
		<occluded>0</occluded>
		<bndbox>
			<xmin>110</xmin>
			<xmax>160</xmax>
			<ymin>24</ymin>
			<ymax>177</ymax>
		</bndbox>
	</object>
</annotation>
