<annotation>
	<folder></folder>
	<filename>download--2-_jpeg.rf.098479542b3b161191b68db177262b66.jpg</filename>
	<path>download--2-_jpeg.rf.098479542b3b161191b68db177262b66.jpg</path>
	<source>
		<database>roboflow.ai</database>
	</source>
	<size>
		<width>311</width>
		<height>162</height>
		<depth>3</depth>
	</size>
	<segmented>0</segmented>
	<object>
		<name>OrangeJuice</name>
		<pose>Unspecified</pose>
		<truncated>0</truncated>
		<difficult>0</difficult>
		<occluded>0</occluded>
		<bndbox>
			<xmin>111</xmin>
			<xmax>172</xmax>
			<ymin>1</ymin>
			<ymax>159</ymax>
		</bndbox>
	</object>
</annotation>
