<annotation>
	<folder></folder>
	<filename>Download--6-_jpeg.rf.764615b6cf4abc509c5d5f18b9b74bb9.jpg</filename>
	<path>Download--6-_jpeg.rf.764615b6cf4abc509c5d5f18b9b74bb9.jpg</path>
	<source>
		<database>roboflow.ai</database>
	</source>
	<size>
		<width>225</width>
		<height>225</height>
		<depth>3</depth>
	</size>
	<segmented>0</segmented>
	<object>
		<name>WineWhite</name>
		<pose>Unspecified</pose>
		<truncated>0</truncated>
		<difficult>0</difficult>
		<occluded>0</occluded>
		<bndbox>
			<xmin>136</xmin>
			<xmax>178</xmax>
			<ymin>55</ymin>
			<ymax>212</ymax>
		</bndbox>
	</object>
	<object>
		<name>WineRed</name>
		<pose>Unspecified</pose>
		<truncated>0</truncated>
		<difficult>0</difficult>
		<occluded>0</occluded>
		<bndbox>
			<xmin>99</xmin>
			<xmax>136</xmax>
			<ymin>10</ymin>
			<ymax>156</ymax>
		</bndbox>
	</object>
</annotation>
