<annotation>
	<folder></folder>
	<filename>download--7-_jpeg.rf.d01235053a25c101ac28428d79ba2327.jpg</filename>
	<path>download--7-_jpeg.rf.d01235053a25c101ac28428d79ba2327.jpg</path>
	<source>
		<database>roboflow.ai</database>
	</source>
	<size>
		<width>100</width>
		<height>100</height>
		<depth>3</depth>
	</size>
	<segmented>0</segmented>
	<object>
		<name>OrangeJuice</name>
		<pose>Unspecified</pose>
		<truncated>0</truncated>
		<difficult>0</difficult>
		<occluded>0</occluded>
		<bndbox>
			<xmin>25</xmin>
			<xmax>75</xmax>
			<ymin>1</ymin>
			<ymax>100</ymax>
		</bndbox>
	</object>
</annotation>
