<annotation>
	<folder></folder>
	<filename>DSCF8736_JPG.rf.1a459b44b8f6dbf3c0f75f29079f8fc1.jpg</filename>
	<path>DSCF8736_JPG.rf.1a459b44b8f6dbf3c0f75f29079f8fc1.jpg</path>
	<source>
		<database>roboflow.ai</database>
	</source>
	<size>
		<width>1024</width>
		<height>1024</height>
		<depth>3</depth>
	</size>
	<segmented>0</segmented>
	<object>
		<name>WineWhite</name>
		<pose>Unspecified</pose>
		<truncated>0</truncated>
		<difficult>0</difficult>
		<occluded>0</occluded>
		<bndbox>
			<xmin>674</xmin>
			<xmax>836</xmax>
			<ymin>231</ymin>
			<ymax>765</ymax>
		</bndbox>
	</object>
	<object>
		<name>WineWhite</name>
		<pose>Unspecified</pose>
		<truncated>0</truncated>
		<difficult>0</difficult>
		<occluded>0</occluded>
		<bndbox>
			<xmin>440</xmin>
			<xmax>565</xmax>
			<ymin>169</ymin>
			<ymax>717</ymax>
		</bndbox>
	</object>
	<object>
		<name>WineWhite</name>
		<pose>Unspecified</pose>
		<truncated>0</truncated>
		<difficult>0</difficult>
		<occluded>0</occluded>
		<bndbox>
			<xmin>181</xmin>
			<xmax>327</xmax>
			<ymin>221</ymin>
			<ymax>685</ymax>
		</bndbox>
	</object>
</annotation>
