<annotation>
	<folder></folder>
	<filename>DSCF8723_JPG.rf.71a91e989be13ed4bdda8cfb15fe9693.jpg</filename>
	<path>DSCF8723_JPG.rf.71a91e989be13ed4bdda8cfb15fe9693.jpg</path>
	<source>
		<database>roboflow.ai</database>
	</source>
	<size>
		<width>1024</width>
		<height>1024</height>
		<depth>3</depth>
	</size>
	<segmented>0</segmented>
	<object>
		<name>Beer</name>
		<pose>Unspecified</pose>
		<truncated>0</truncated>
		<difficult>0</difficult>
		<occluded>0</occluded>
		<bndbox>
			<xmin>174</xmin>
			<xmax>355</xmax>
			<ymin>210</ymin>
			<ymax>819</ymax>
		</bndbox>
	</object>
	<object>
		<name>Beer</name>
		<pose>Unspecified</pose>
		<truncated>0</truncated>
		<difficult>0</difficult>
		<occluded>0</occluded>
		<bndbox>
			<xmin>780</xmin>
			<xmax>940</xmax>
			<ymin>179</ymin>
			<ymax>715</ymax>
		</bndbox>
	</object>
</annotation>
