<annotation>
	<folder></folder>
	<filename>DSCF8719_JPG.rf.8fea4a6c28d6224e2155a63f010ed052.jpg</filename>
	<path>DSCF8719_JPG.rf.8fea4a6c28d6224e2155a63f010ed052.jpg</path>
	<source>
		<database>roboflow.ai</database>
	</source>
	<size>
		<width>1024</width>
		<height>1024</height>
		<depth>3</depth>
	</size>
	<segmented>0</segmented>
	<object>
		<name>Beer</name>
		<pose>Unspecified</pose>
		<truncated>0</truncated>
		<difficult>0</difficult>
		<occluded>0</occluded>
		<bndbox>
			<xmin>428</xmin>
			<xmax>624</xmax>
			<ymin>77</ymin>
			<ymax>789</ymax>
		</bndbox>
	</object>
	<object>
		<name>Beer</name>
		<pose>Unspecified</pose>
		<truncated>0</truncated>
		<difficult>0</difficult>
		<occluded>0</occluded>
		<bndbox>
			<xmin>651</xmin>
			<xmax>800</xmax>
			<ymin>250</ymin>
			<ymax>684</ymax>
		</bndbox>
	</object>
</annotation>
