<annotation>
	<folder></folder>
	<filename>DSCF8732_JPG.rf.531f9810f57a675de2508fe2b8a87939.jpg</filename>
	<path>DSCF8732_JPG.rf.531f9810f57a675de2508fe2b8a87939.jpg</path>
	<source>
		<database>roboflow.ai</database>
	</source>
	<size>
		<width>1024</width>
		<height>1024</height>
		<depth>3</depth>
	</size>
	<segmented>0</segmented>
	<object>
		<name>WineWhite</name>
		<pose>Unspecified</pose>
		<truncated>0</truncated>
		<difficult>0</difficult>
		<occluded>0</occluded>
		<bndbox>
			<xmin>15</xmin>
			<xmax>188</xmax>
			<ymin>258</ymin>
			<ymax>813</ymax>
		</bndbox>
	</object>
	<object>
		<name>WineWhite</name>
		<pose>Unspecified</pose>
		<truncated>0</truncated>
		<difficult>0</difficult>
		<occluded>0</occluded>
		<bndbox>
			<xmin>797</xmin>
			<xmax>922</xmax>
			<ymin>257</ymin>
			<ymax>756</ymax>
		</bndbox>
	</object>
	<object>
		<name>WineWhite</name>
		<pose>Unspecified</pose>
		<truncated>0</truncated>
		<difficult>0</difficult>
		<occluded>0</occluded>
		<bndbox>
			<xmin>531</xmin>
			<xmax>665</xmax>
			<ymin>288</ymin>
			<ymax>756</ymax>
		</bndbox>
	</object>
</annotation>
