<annotation>
	<folder></folder>
	<filename>DSCF8735_JPG.rf.edea8b20bfbe9fe3c044f0443f9ef0da.jpg</filename>
	<path>DSCF8735_JPG.rf.edea8b20bfbe9fe3c044f0443f9ef0da.jpg</path>
	<source>
		<database>roboflow.ai</database>
	</source>
	<size>
		<width>1024</width>
		<height>1024</height>
		<depth>3</depth>
	</size>
	<segmented>0</segmented>
	<object>
		<name>WineWhite</name>
		<pose>Unspecified</pose>
		<truncated>0</truncated>
		<difficult>0</difficult>
		<occluded>0</occluded>
		<bndbox>
			<xmin>91</xmin>
			<xmax>247</xmax>
			<ymin>94</ymin>
			<ymax>781</ymax>
		</bndbox>
	</object>
	<object>
		<name>WineWhite</name>
		<pose>Unspecified</pose>
		<truncated>0</truncated>
		<difficult>0</difficult>
		<occluded>0</occluded>
		<bndbox>
			<xmin>679</xmin>
			<xmax>802</xmax>
			<ymin>236</ymin>
			<ymax>623</ymax>
		</bndbox>
	</object>
	<object>
		<name>WineWhite</name>
		<pose>Unspecified</pose>
		<truncated>0</truncated>
		<difficult>0</difficult>
		<occluded>0</occluded>
		<bndbox>
			<xmin>427</xmin>
			<xmax>542</xmax>
			<ymin>210</ymin>
			<ymax>614</ymax>
		</bndbox>
	</object>
</annotation>
