<annotation>
	<folder></folder>
	<filename>DSCF8731_JPG.rf.a059090f309f7862ad5acfe792b500a6.jpg</filename>
	<path>DSCF8731_JPG.rf.a059090f309f7862ad5acfe792b500a6.jpg</path>
	<source>
		<database>roboflow.ai</database>
	</source>
	<size>
		<width>1024</width>
		<height>1024</height>
		<depth>3</depth>
	</size>
	<segmented>0</segmented>
	<object>
		<name>WineWhite</name>
		<pose>Unspecified</pose>
		<truncated>0</truncated>
		<difficult>0</difficult>
		<occluded>0</occluded>
		<bndbox>
			<xmin>110</xmin>
			<xmax>305</xmax>
			<ymin>291</ymin>
			<ymax>961</ymax>
		</bndbox>
	</object>
	<object>
		<name>WineWhite</name>
		<pose>Unspecified</pose>
		<truncated>0</truncated>
		<difficult>0</difficult>
		<occluded>0</occluded>
		<bndbox>
			<xmin>736</xmin>
			<xmax>864</xmax>
			<ymin>295</ymin>
			<ymax>864</ymax>
		</bndbox>
	</object>
	<object>
		<name>WineWhite</name>
		<pose>Unspecified</pose>
		<truncated>0</truncated>
		<difficult>0</difficult>
		<occluded>0</occluded>
		<bndbox>
			<xmin>435</xmin>
			<xmax>607</xmax>
			<ymin>351</ymin>
			<ymax>882</ymax>
		</bndbox>
	</object>
</annotation>
