<annotation>
	<folder></folder>
	<filename>DSCF8743_JPG.rf.650b6306dfb1c294c29c2e5cb00b3232.jpg</filename>
	<path>DSCF8743_JPG.rf.650b6306dfb1c294c29c2e5cb00b3232.jpg</path>
	<source>
		<database>roboflow.ai</database>
	</source>
	<size>
		<width>1024</width>
		<height>1024</height>
		<depth>3</depth>
	</size>
	<segmented>0</segmented>
	<object>
		<name>WineWhite</name>
		<pose>Unspecified</pose>
		<truncated>0</truncated>
		<difficult>0</difficult>
		<occluded>0</occluded>
		<bndbox>
			<xmin>456</xmin>
			<xmax>582</xmax>
			<ymin>203</ymin>
			<ymax>536</ymax>
		</bndbox>
	</object>
	<object>
		<name>WineWhite</name>
		<pose>Unspecified</pose>
		<truncated>0</truncated>
		<difficult>0</difficult>
		<occluded>0</occluded>
		<bndbox>
			<xmin>260</xmin>
			<xmax>385</xmax>
			<ymin>205</ymin>
			<ymax>501</ymax>
		</bndbox>
	</object>
	<object>
		<name>WineWhite</name>
		<pose>Unspecified</pose>
		<truncated>0</truncated>
		<difficult>0</difficult>
		<occluded>0</occluded>
		<bndbox>
			<xmin>612</xmin>
			<xmax>726</xmax>
			<ymin>138</ymin>
			<ymax>539</ymax>
		</bndbox>
	</object>
</annotation>
