<annotation>
	<folder></folder>
	<filename>DSCF8716_JPG.rf.a13cbf6a5290c9aa965b43cb7b57beea.jpg</filename>
	<path>DSCF8716_JPG.rf.a13cbf6a5290c9aa965b43cb7b57beea.jpg</path>
	<source>
		<database>roboflow.ai</database>
	</source>
	<size>
		<width>1024</width>
		<height>1024</height>
		<depth>3</depth>
	</size>
	<segmented>0</segmented>
	<object>
		<name>Beer</name>
		<pose>Unspecified</pose>
		<truncated>0</truncated>
		<difficult>0</difficult>
		<occluded>0</occluded>
		<bndbox>
			<xmin>386</xmin>
			<xmax>583</xmax>
			<ymin>236</ymin>
			<ymax>868</ymax>
		</bndbox>
	</object>
	<object>
		<name>Beer</name>
		<pose>Unspecified</pose>
		<truncated>0</truncated>
		<difficult>0</difficult>
		<occluded>0</occluded>
		<bndbox>
			<xmin>739</xmin>
			<xmax>883</xmax>
			<ymin>221</ymin>
			<ymax>735</ymax>
		</bndbox>
	</object>
</annotation>
