<annotation>
	<folder></folder>
	<filename>DSCF8717_JPG.rf.8d955ace5290d78c7041bdbd6b6a32d9.jpg</filename>
	<path>DSCF8717_JPG.rf.8d955ace5290d78c7041bdbd6b6a32d9.jpg</path>
	<source>
		<database>roboflow.ai</database>
	</source>
	<size>
		<width>1024</width>
		<height>1024</height>
		<depth>3</depth>
	</size>
	<segmented>0</segmented>
	<object>
		<name>Beer</name>
		<pose>Unspecified</pose>
		<truncated>0</truncated>
		<difficult>0</difficult>
		<occluded>0</occluded>
		<bndbox>
			<xmin>556</xmin>
			<xmax>754</xmax>
			<ymin>236</ymin>
			<ymax>896</ymax>
		</bndbox>
	</object>
</annotation>
