<annotation>
	<folder></folder>
	<filename>DSCF8720_JPG.rf.85f3aa3b69e5cb1661f72caf099a1758.jpg</filename>
	<path>DSCF8720_JPG.rf.85f3aa3b69e5cb1661f72caf099a1758.jpg</path>
	<source>
		<database>roboflow.ai</database>
	</source>
	<size>
		<width>1024</width>
		<height>1024</height>
		<depth>3</depth>
	</size>
	<segmented>0</segmented>
	<object>
		<name>Beer</name>
		<pose>Unspecified</pose>
		<truncated>0</truncated>
		<difficult>0</difficult>
		<occluded>0</occluded>
		<bndbox>
			<xmin>462</xmin>
			<xmax>532</xmax>
			<ymin>371</ymin>
			<ymax>622</ymax>
		</bndbox>
	</object>
	<object>
		<name>Beer</name>
		<pose>Unspecified</pose>
		<truncated>0</truncated>
		<difficult>0</difficult>
		<occluded>0</occluded>
		<bndbox>
			<xmin>313</xmin>
			<xmax>403</xmax>
			<ymin>341</ymin>
			<ymax>677</ymax>
		</bndbox>
	</object>
	<object>
		<name>Beer</name>
		<pose>Unspecified</pose>
		<truncated>0</truncated>
		<difficult>0</difficult>
		<occluded>0</occluded>
		<bndbox>
			<xmin>146</xmin>
			<xmax>261</xmax>
			<ymin>368</ymin>
			<ymax>715</ymax>
		</bndbox>
	</object>
	<object>
		<name>Beer</name>
		<pose>Unspecified</pose>
		<truncated>0</truncated>
		<difficult>0</difficult>
		<occluded>0</occluded>
		<bndbox>
			<xmin>677</xmin>
			<xmax>747</xmax>
			<ymin>397</ymin>
			<ymax>601</ymax>
		</bndbox>
	</object>
</annotation>
