<annotation>
	<folder></folder>
	<filename>DSCF8744_JPG.rf.bec97f806be21d5ac02ef7f47d3f544e.jpg</filename>
	<path>DSCF8744_JPG.rf.bec97f806be21d5ac02ef7f47d3f544e.jpg</path>
	<source>
		<database>roboflow.ai</database>
	</source>
	<size>
		<width>1024</width>
		<height>1024</height>
		<depth>3</depth>
	</size>
	<segmented>0</segmented>
	<object>
		<name>WineWhite</name>
		<pose>Unspecified</pose>
		<truncated>0</truncated>
		<difficult>0</difficult>
		<occluded>0</occluded>
		<bndbox>
			<xmin>378</xmin>
			<xmax>523</xmax>
			<ymin>188</ymin>
			<ymax>631</ymax>
		</bndbox>
	</object>
	<object>
		<name>WineWhite</name>
		<pose>Unspecified</pose>
		<truncated>0</truncated>
		<difficult>0</difficult>
		<occluded>0</occluded>
		<bndbox>
			<xmin>192</xmin>
			<xmax>315</xmax>
			<ymin>106</ymin>
			<ymax>645</ymax>
		</bndbox>
	</object>
	<object>
		<name>WineWhite</name>
		<pose>Unspecified</pose>
		<truncated>0</truncated>
		<difficult>0</difficult>
		<occluded>0</occluded>
		<bndbox>
			<xmin>671</xmin>
			<xmax>804</xmax>
			<ymin>173</ymin>
			<ymax>634</ymax>
		</bndbox>
	</object>
</annotation>
