<annotation>
	<folder></folder>
	<filename>DSCF8729_JPG.rf.733610997bed99d644f4d20335e5ad68.jpg</filename>
	<path>DSCF8729_JPG.rf.733610997bed99d644f4d20335e5ad68.jpg</path>
	<source>
		<database>roboflow.ai</database>
	</source>
	<size>
		<width>1024</width>
		<height>1024</height>
		<depth>3</depth>
	</size>
	<segmented>0</segmented>
	<object>
		<name>WineWhite</name>
		<pose>Unspecified</pose>
		<truncated>0</truncated>
		<difficult>0</difficult>
		<occluded>0</occluded>
		<bndbox>
			<xmin>759</xmin>
			<xmax>979</xmax>
			<ymin>44</ymin>
			<ymax>955</ymax>
		</bndbox>
	</object>
	<object>
		<name>WineWhite</name>
		<pose>Unspecified</pose>
		<truncated>0</truncated>
		<difficult>0</difficult>
		<occluded>0</occluded>
		<bndbox>
			<xmin>94</xmin>
			<xmax>293</xmax>
			<ymin>135</ymin>
			<ymax>797</ymax>
		</bndbox>
	</object>
	<object>
		<name>WineWhite</name>
		<pose>Unspecified</pose>
		<truncated>0</truncated>
		<difficult>0</difficult>
		<occluded>0</occluded>
		<bndbox>
			<xmin>390</xmin>
			<xmax>610</xmax>
			<ymin>157</ymin>
			<ymax>887</ymax>
		</bndbox>
	</object>
</annotation>
