<annotation>
	<folder></folder>
	<filename>DSCF8738_JPG.rf.7f6dd72b57a627d0b2e649b8606f24aa.jpg</filename>
	<path>DSCF8738_JPG.rf.7f6dd72b57a627d0b2e649b8606f24aa.jpg</path>
	<source>
		<database>roboflow.ai</database>
	</source>
	<size>
		<width>1024</width>
		<height>1024</height>
		<depth>3</depth>
	</size>
	<segmented>0</segmented>
	<object>
		<name>WineWhite</name>
		<pose>Unspecified</pose>
		<truncated>0</truncated>
		<difficult>0</difficult>
		<occluded>0</occluded>
		<bndbox>
			<xmin>477</xmin>
			<xmax>589</xmax>
			<ymin>251</ymin>
			<ymax>741</ymax>
		</bndbox>
	</object>
	<object>
		<name>WineWhite</name>
		<pose>Unspecified</pose>
		<truncated>0</truncated>
		<difficult>0</difficult>
		<occluded>0</occluded>
		<bndbox>
			<xmin>673</xmin>
			<xmax>853</xmax>
			<ymin>325</ymin>
			<ymax>912</ymax>
		</bndbox>
	</object>
	<object>
		<name>WineWhite</name>
		<pose>Unspecified</pose>
		<truncated>0</truncated>
		<difficult>0</difficult>
		<occluded>0</occluded>
		<bndbox>
			<xmin>160</xmin>
			<xmax>298</xmax>
			<ymin>293</ymin>
			<ymax>761</ymax>
		</bndbox>
	</object>
</annotation>
