<annotation>
	<folder></folder>
	<filename>DSCF8741_JPG.rf.fc767b5a0914ef86c2654a1a658fe387.jpg</filename>
	<path>DSCF8741_JPG.rf.fc767b5a0914ef86c2654a1a658fe387.jpg</path>
	<source>
		<database>roboflow.ai</database>
	</source>
	<size>
		<width>1024</width>
		<height>1024</height>
		<depth>3</depth>
	</size>
	<segmented>0</segmented>
	<object>
		<name>WineWhite</name>
		<pose>Unspecified</pose>
		<truncated>0</truncated>
		<difficult>0</difficult>
		<occluded>0</occluded>
		<bndbox>
			<xmin>738</xmin>
			<xmax>941</xmax>
			<ymin>157</ymin>
			<ymax>835</ymax>
		</bndbox>
	</object>
	<object>
		<name>WineWhite</name>
		<pose>Unspecified</pose>
		<truncated>0</truncated>
		<difficult>0</difficult>
		<occluded>0</occluded>
		<bndbox>
			<xmin>31</xmin>
			<xmax>246</xmax>
			<ymin>167</ymin>
			<ymax>838</ymax>
		</bndbox>
	</object>
	<object>
		<name>WineWhite</name>
		<pose>Unspecified</pose>
		<truncated>0</truncated>
		<difficult>0</difficult>
		<occluded>0</occluded>
		<bndbox>
			<xmin>421</xmin>
			<xmax>600</xmax>
			<ymin>68</ymin>
			<ymax>847</ymax>
		</bndbox>
	</object>
</annotation>
