<annotation>
	<folder></folder>
	<filename>DSCF8718_JPG.rf.7fb4282340f5984f7769ea5af02498fd.jpg</filename>
	<path>DSCF8718_JPG.rf.7fb4282340f5984f7769ea5af02498fd.jpg</path>
	<source>
		<database>roboflow.ai</database>
	</source>
	<size>
		<width>1024</width>
		<height>1024</height>
		<depth>3</depth>
	</size>
	<segmented>0</segmented>
	<object>
		<name>Beer</name>
		<pose>Unspecified</pose>
		<truncated>0</truncated>
		<difficult>0</difficult>
		<occluded>0</occluded>
		<bndbox>
			<xmin>309</xmin>
			<xmax>394</xmax>
			<ymin>413</ymin>
			<ymax>676</ymax>
		</bndbox>
	</object>
	<object>
		<name>Beer</name>
		<pose>Unspecified</pose>
		<truncated>0</truncated>
		<difficult>0</difficult>
		<occluded>0</occluded>
		<bndbox>
			<xmin>69</xmin>
			<xmax>178</xmax>
			<ymin>355</ymin>
			<ymax>715</ymax>
		</bndbox>
	</object>
	<object>
		<name>Beer</name>
		<pose>Unspecified</pose>
		<truncated>0</truncated>
		<difficult>0</difficult>
		<occluded>0</occluded>
		<bndbox>
			<xmin>477</xmin>
			<xmax>579</xmax>
			<ymin>396</ymin>
			<ymax>722</ymax>
		</bndbox>
	</object>
	<object>
		<name>Beer</name>
		<pose>Unspecified</pose>
		<truncated>0</truncated>
		<difficult>0</difficult>
		<occluded>0</occluded>
		<bndbox>
			<xmin>870</xmin>
			<xmax>994</xmax>
			<ymin>365</ymin>
			<ymax>756</ymax>
		</bndbox>
	</object>
	<object>
		<name>Beer</name>
		<pose>Unspecified</pose>
		<truncated>0</truncated>
		<difficult>0</difficult>
		<occluded>0</occluded>
		<bndbox>
			<xmin>606</xmin>
			<xmax>693</xmax>
			<ymin>398</ymin>
			<ymax>684</ymax>
		</bndbox>
	</object>
</annotation>
