<annotation>
	<folder></folder>
	<filename>DSCF8727_JPG.rf.2ba505019efa30fbf163d03171c4ed50.jpg</filename>
	<path>DSCF8727_JPG.rf.2ba505019efa30fbf163d03171c4ed50.jpg</path>
	<source>
		<database>roboflow.ai</database>
	</source>
	<size>
		<width>1024</width>
		<height>1024</height>
		<depth>3</depth>
	</size>
	<segmented>0</segmented>
	<object>
		<name>Beer</name>
		<pose>Unspecified</pose>
		<truncated>0</truncated>
		<difficult>0</difficult>
		<occluded>0</occluded>
		<bndbox>
			<xmin>360</xmin>
			<xmax>461</xmax>
			<ymin>376</ymin>
			<ymax>742</ymax>
		</bndbox>
	</object>
	<object>
		<name>Beer</name>
		<pose>Unspecified</pose>
		<truncated>0</truncated>
		<difficult>0</difficult>
		<occluded>0</occluded>
		<bndbox>
			<xmin>578</xmin>
			<xmax>700</xmax>
			<ymin>331</ymin>
			<ymax>786</ymax>
		</bndbox>
	</object>
	<object>
		<name>Beer</name>
		<pose>Unspecified</pose>
		<truncated>0</truncated>
		<difficult>0</difficult>
		<occluded>0</occluded>
		<bndbox>
			<xmin>787</xmin>
			<xmax>964</xmax>
			<ymin>340</ymin>
			<ymax>903</ymax>
		</bndbox>
	</object>
	<object>
		<name>Beer</name>
		<pose>Unspecified</pose>
		<truncated>0</truncated>
		<difficult>0</difficult>
		<occluded>0</occluded>
		<bndbox>
			<xmin>97</xmin>
			<xmax>216</xmax>
			<ymin>399</ymin>
			<ymax>766</ymax>
		</bndbox>
	</object>
</annotation>
