<annotation>
	<folder></folder>
	<filename>DSCF8725_JPG.rf.b861810a4fe9d52fc1a9bdd2d32f91a8.jpg</filename>
	<path>DSCF8725_JPG.rf.b861810a4fe9d52fc1a9bdd2d32f91a8.jpg</path>
	<source>
		<database>roboflow.ai</database>
	</source>
	<size>
		<width>1024</width>
		<height>1024</height>
		<depth>3</depth>
	</size>
	<segmented>0</segmented>
	<object>
		<name>Beer</name>
		<pose>Unspecified</pose>
		<truncated>0</truncated>
		<difficult>0</difficult>
		<occluded>0</occluded>
		<bndbox>
			<xmin>126</xmin>
			<xmax>308</xmax>
			<ymin>303</ymin>
			<ymax>806</ymax>
		</bndbox>
	</object>
	<object>
		<name>Beer</name>
		<pose>Unspecified</pose>
		<truncated>0</truncated>
		<difficult>0</difficult>
		<occluded>0</occluded>
		<bndbox>
			<xmin>366</xmin>
			<xmax>549</xmax>
			<ymin>242</ymin>
			<ymax>841</ymax>
		</bndbox>
	</object>
	<object>
		<name>Beer</name>
		<pose>Unspecified</pose>
		<truncated>0</truncated>
		<difficult>0</difficult>
		<occluded>0</occluded>
		<bndbox>
			<xmin>623</xmin>
			<xmax>774</xmax>
			<ymin>277</ymin>
			<ymax>749</ymax>
		</bndbox>
	</object>
	<object>
		<name>Beer</name>
		<pose>Unspecified</pose>
		<truncated>0</truncated>
		<difficult>0</difficult>
		<occluded>0</occluded>
		<bndbox>
			<xmin>811</xmin>
			<xmax>935</xmax>
			<ymin>211</ymin>
			<ymax>647</ymax>
		</bndbox>
	</object>
</annotation>
