<annotation>
	<folder></folder>
	<filename>DSCF8721_JPG.rf.df3bfdbab0f6bccd32cacb26fce35dbf.jpg</filename>
	<path>DSCF8721_JPG.rf.df3bfdbab0f6bccd32cacb26fce35dbf.jpg</path>
	<source>
		<database>roboflow.ai</database>
	</source>
	<size>
		<width>1024</width>
		<height>1024</height>
		<depth>3</depth>
	</size>
	<segmented>0</segmented>
	<object>
		<name>Beer</name>
		<pose>Unspecified</pose>
		<truncated>0</truncated>
		<difficult>0</difficult>
		<occluded>0</occluded>
		<bndbox>
			<xmin>211</xmin>
			<xmax>289</xmax>
			<ymin>434</ymin>
			<ymax>660</ymax>
		</bndbox>
	</object>
	<object>
		<name>Beer</name>
		<pose>Unspecified</pose>
		<truncated>0</truncated>
		<difficult>0</difficult>
		<occluded>0</occluded>
		<bndbox>
			<xmin>854</xmin>
			<xmax>981</xmax>
			<ymin>377</ymin>
			<ymax>763</ymax>
		</bndbox>
	</object>
	<object>
		<name>Beer</name>
		<pose>Unspecified</pose>
		<truncated>0</truncated>
		<difficult>0</difficult>
		<occluded>0</occluded>
		<bndbox>
			<xmin>307</xmin>
			<xmax>405</xmax>
			<ymin>391</ymin>
			<ymax>716</ymax>
		</bndbox>
	</object>
	<object>
		<name>Beer</name>
		<pose>Unspecified</pose>
		<truncated>0</truncated>
		<difficult>0</difficult>
		<occluded>0</occluded>
		<bndbox>
			<xmin>637</xmin>
			<xmax>758</xmax>
			<ymin>347</ymin>
			<ymax>730</ymax>
		</bndbox>
	</object>
</annotation>
