<annotation>
	<folder></folder>
	<filename>DSCF8737_JPG.rf.eb89db117389f50ddfa4de106973feb5.jpg</filename>
	<path>DSCF8737_JPG.rf.eb89db117389f50ddfa4de106973feb5.jpg</path>
	<source>
		<database>roboflow.ai</database>
	</source>
	<size>
		<width>1024</width>
		<height>1024</height>
		<depth>3</depth>
	</size>
	<segmented>0</segmented>
	<object>
		<name>WineWhite</name>
		<pose>Unspecified</pose>
		<truncated>0</truncated>
		<difficult>0</difficult>
		<occluded>0</occluded>
		<bndbox>
			<xmin>351</xmin>
			<xmax>577</xmax>
			<ymin>33</ymin>
			<ymax>827</ymax>
		</bndbox>
	</object>
	<object>
		<name>WineWhite</name>
		<pose>Unspecified</pose>
		<truncated>0</truncated>
		<difficult>0</difficult>
		<occluded>0</occluded>
		<bndbox>
			<xmin>690</xmin>
			<xmax>862</xmax>
			<ymin>84</ymin>
			<ymax>654</ymax>
		</bndbox>
	</object>
	<object>
		<name>WineWhite</name>
		<pose>Unspecified</pose>
		<truncated>0</truncated>
		<difficult>0</difficult>
		<occluded>0</occluded>
		<bndbox>
			<xmin>24</xmin>
			<xmax>209</xmax>
			<ymin>3</ymin>
			<ymax>728</ymax>
		</bndbox>
	</object>
	<object>
		<name>WineWhite</name>
		<pose>Unspecified</pose>
		<truncated>0</truncated>
		<difficult>0</difficult>
		<occluded>0</occluded>
		<bndbox>
			<xmin>351</xmin>
			<xmax>397</xmax>
			<ymin>171</ymin>
			<ymax>340</ymax>
		</bndbox>
	</object>
</annotation>
