<annotation>
	<folder></folder>
	<filename>DSCF8746_JPG.rf.cb0c105ba979bbbb918a5c0475f81a3a.jpg</filename>
	<path>DSCF8746_JPG.rf.cb0c105ba979bbbb918a5c0475f81a3a.jpg</path>
	<source>
		<database>roboflow.ai</database>
	</source>
	<size>
		<width>1024</width>
		<height>1024</height>
		<depth>3</depth>
	</size>
	<segmented>0</segmented>
	<object>
		<name>Shampoo</name>
		<pose>Unspecified</pose>
		<truncated>0</truncated>
		<difficult>0</difficult>
		<occluded>0</occluded>
		<bndbox>
			<xmin>427</xmin>
			<xmax>585</xmax>
			<ymin>310</ymin>
			<ymax>728</ymax>
		</bndbox>
	</object>
	<object>
		<name>Shampoo</name>
		<pose>Unspecified</pose>
		<truncated>0</truncated>
		<difficult>0</difficult>
		<occluded>0</occluded>
		<bndbox>
			<xmin>585</xmin>
			<xmax>698</xmax>
			<ymin>311</ymin>
			<ymax>723</ymax>
		</bndbox>
	</object>
	<object>
		<name>Shampoo</name>
		<pose>Unspecified</pose>
		<truncated>0</truncated>
		<difficult>0</difficult>
		<occluded>0</occluded>
		<bndbox>
			<xmin>293</xmin>
			<xmax>454</xmax>
			<ymin>334</ymin>
			<ymax>752</ymax>
		</bndbox>
	</object>
</annotation>
