<annotation>
	<folder></folder>
	<filename>DSCF8751_JPG.rf.95b156977f31dad1f8d2e3ee02d0aa30.jpg</filename>
	<path>DSCF8751_JPG.rf.95b156977f31dad1f8d2e3ee02d0aa30.jpg</path>
	<source>
		<database>roboflow.ai</database>
	</source>
	<size>
		<width>1024</width>
		<height>1024</height>
		<depth>3</depth>
	</size>
	<segmented>0</segmented>
	<object>
		<name>Shampoo</name>
		<pose>Unspecified</pose>
		<truncated>0</truncated>
		<difficult>0</difficult>
		<occluded>0</occluded>
		<bndbox>
			<xmin>361</xmin>
			<xmax>447</xmax>
			<ymin>370</ymin>
			<ymax>639</ymax>
		</bndbox>
	</object>
	<object>
		<name>Shampoo</name>
		<pose>Unspecified</pose>
		<truncated>0</truncated>
		<difficult>0</difficult>
		<occluded>0</occluded>
		<bndbox>
			<xmin>859</xmin>
			<xmax>938</xmax>
			<ymin>358</ymin>
			<ymax>630</ymax>
		</bndbox>
	</object>
	<object>
		<name>Shampoo</name>
		<pose>Unspecified</pose>
		<truncated>0</truncated>
		<difficult>0</difficult>
		<occluded>0</occluded>
		<bndbox>
			<xmin>627</xmin>
			<xmax>740</xmax>
			<ymin>346</ymin>
			<ymax>639</ymax>
		</bndbox>
	</object>
	<object>
		<name>Shampoo</name>
		<pose>Unspecified</pose>
		<truncated>0</truncated>
		<difficult>0</difficult>
		<occluded>0</occluded>
		<bndbox>
			<xmin>507</xmin>
			<xmax>575</xmax>
			<ymin>365</ymin>
			<ymax>635</ymax>
		</bndbox>
	</object>
	<object>
		<name>Shampoo</name>
		<pose>Unspecified</pose>
		<truncated>0</truncated>
		<difficult>0</difficult>
		<occluded>0</occluded>
		<bndbox>
			<xmin>64</xmin>
			<xmax>170</xmax>
			<ymin>346</ymin>
			<ymax>638</ymax>
		</bndbox>
	</object>
	<object>
		<name>Shampoo</name>
		<pose>Unspecified</pose>
		<truncated>0</truncated>
		<difficult>0</difficult>
		<occluded>0</occluded>
		<bndbox>
			<xmin>223</xmin>
			<xmax>318</xmax>
			<ymin>324</ymin>
			<ymax>644</ymax>
		</bndbox>
	</object>
</annotation>
