<annotation>
	<folder></folder>
	<filename>DSCF8730_JPG.rf.76e25e2af763e6915bea91fdb3d3a6a7.jpg</filename>
	<path>DSCF8730_JPG.rf.76e25e2af763e6915bea91fdb3d3a6a7.jpg</path>
	<source>
		<database>roboflow.ai</database>
	</source>
	<size>
		<width>1024</width>
		<height>1024</height>
		<depth>3</depth>
	</size>
	<segmented>0</segmented>
	<object>
		<name>WineWhite</name>
		<pose>Unspecified</pose>
		<truncated>0</truncated>
		<difficult>0</difficult>
		<occluded>0</occluded>
		<bndbox>
			<xmin>270</xmin>
			<xmax>436</xmax>
			<ymin>87</ymin>
			<ymax>696</ymax>
		</bndbox>
	</object>
	<object>
		<name>WineWhite</name>
		<pose>Unspecified</pose>
		<truncated>0</truncated>
		<difficult>0</difficult>
		<occluded>0</occluded>
		<bndbox>
			<xmin>460</xmin>
			<xmax>687</xmax>
			<ymin>67</ymin>
			<ymax>801</ymax>
		</bndbox>
	</object>
	<object>
		<name>WineWhite</name>
		<pose>Unspecified</pose>
		<truncated>0</truncated>
		<difficult>0</difficult>
		<occluded>0</occluded>
		<bndbox>
			<xmin>72</xmin>
			<xmax>275</xmax>
			<ymin>1</ymin>
			<ymax>829</ymax>
		</bndbox>
	</object>
</annotation>
