<annotation>
	<folder></folder>
	<filename>DSCF8739_JPG.rf.27f758f11d38122c36a2c870b2dcc788.jpg</filename>
	<path>DSCF8739_JPG.rf.27f758f11d38122c36a2c870b2dcc788.jpg</path>
	<source>
		<database>roboflow.ai</database>
	</source>
	<size>
		<width>1024</width>
		<height>1024</height>
		<depth>3</depth>
	</size>
	<segmented>0</segmented>
	<object>
		<name>WineWhite</name>
		<pose>Unspecified</pose>
		<truncated>0</truncated>
		<difficult>0</difficult>
		<occluded>0</occluded>
		<bndbox>
			<xmin>194</xmin>
			<xmax>364</xmax>
			<ymin>127</ymin>
			<ymax>669</ymax>
		</bndbox>
	</object>
	<object>
		<name>WineWhite</name>
		<pose>Unspecified</pose>
		<truncated>0</truncated>
		<difficult>0</difficult>
		<occluded>0</occluded>
		<bndbox>
			<xmin>483</xmin>
			<xmax>623</xmax>
			<ymin>57</ymin>
			<ymax>655</ymax>
		</bndbox>
	</object>
	<object>
		<name>WineWhite</name>
		<pose>Unspecified</pose>
		<truncated>0</truncated>
		<difficult>0</difficult>
		<occluded>0</occluded>
		<bndbox>
			<xmin>684</xmin>
			<xmax>927</xmax>
			<ymin>21</ymin>
			<ymax>892</ymax>
		</bndbox>
	</object>
</annotation>
