<annotation>
	<folder></folder>
	<filename>DSCF8724_JPG.rf.82387b61b49a056f3274d5266f772a56.jpg</filename>
	<path>DSCF8724_JPG.rf.82387b61b49a056f3274d5266f772a56.jpg</path>
	<source>
		<database>roboflow.ai</database>
	</source>
	<size>
		<width>1024</width>
		<height>1024</height>
		<depth>3</depth>
	</size>
	<segmented>0</segmented>
	<object>
		<name>Beer</name>
		<pose>Unspecified</pose>
		<truncated>0</truncated>
		<difficult>0</difficult>
		<occluded>0</occluded>
		<bndbox>
			<xmin>320</xmin>
			<xmax>411</xmax>
			<ymin>270</ymin>
			<ymax>574</ymax>
		</bndbox>
	</object>
	<object>
		<name>Beer</name>
		<pose>Unspecified</pose>
		<truncated>0</truncated>
		<difficult>0</difficult>
		<occluded>0</occluded>
		<bndbox>
			<xmin>747</xmin>
			<xmax>885</xmax>
			<ymin>237</ymin>
			<ymax>716</ymax>
		</bndbox>
	</object>
	<object>
		<name>Beer</name>
		<pose>Unspecified</pose>
		<truncated>0</truncated>
		<difficult>0</difficult>
		<occluded>0</occluded>
		<bndbox>
			<xmin>248</xmin>
			<xmax>355</xmax>
			<ymin>240</ymin>
			<ymax>620</ymax>
		</bndbox>
	</object>
	<object>
		<name>Beer</name>
		<pose>Unspecified</pose>
		<truncated>0</truncated>
		<difficult>0</difficult>
		<occluded>0</occluded>
		<bndbox>
			<xmin>421</xmin>
			<xmax>538</xmax>
			<ymin>282</ymin>
			<ymax>660</ymax>
		</bndbox>
	</object>
</annotation>
