<annotation>
	<folder></folder>
	<filename>DSCF8755_JPG.rf.87eb3c7ae6f6ab9a3a7b0712e5cd0523.jpg</filename>
	<path>DSCF8755_JPG.rf.87eb3c7ae6f6ab9a3a7b0712e5cd0523.jpg</path>
	<source>
		<database>roboflow.ai</database>
	</source>
	<size>
		<width>1024</width>
		<height>1024</height>
		<depth>3</depth>
	</size>
	<segmented>0</segmented>
	<object>
		<name>Shampoo</name>
		<pose>Unspecified</pose>
		<truncated>0</truncated>
		<difficult>0</difficult>
		<occluded>0</occluded>
		<bndbox>
			<xmin>822</xmin>
			<xmax>897</xmax>
			<ymin>360</ymin>
			<ymax>676</ymax>
		</bndbox>
	</object>
	<object>
		<name>Shampoo</name>
		<pose>Unspecified</pose>
		<truncated>0</truncated>
		<difficult>0</difficult>
		<occluded>0</occluded>
		<bndbox>
			<xmin>350</xmin>
			<xmax>530</xmax>
			<ymin>277</ymin>
			<ymax>716</ymax>
		</bndbox>
	</object>
	<object>
		<name>Shampoo</name>
		<pose>Unspecified</pose>
		<truncated>0</truncated>
		<difficult>0</difficult>
		<occluded>0</occluded>
		<bndbox>
			<xmin>681</xmin>
			<xmax>808</xmax>
			<ymin>307</ymin>
			<ymax>689</ymax>
		</bndbox>
	</object>
	<object>
		<name>Shampoo</name>
		<pose>Unspecified</pose>
		<truncated>0</truncated>
		<difficult>0</difficult>
		<occluded>0</occluded>
		<bndbox>
			<xmin>211</xmin>
			<xmax>405</xmax>
			<ymin>266</ymin>
			<ymax>738</ymax>
		</bndbox>
	</object>
</annotation>
