<annotation>
	<folder></folder>
	<filename>DSCF8726_JPG.rf.e9ebbc5ade0eefeeaa00151405174aca.jpg</filename>
	<path>DSCF8726_JPG.rf.e9ebbc5ade0eefeeaa00151405174aca.jpg</path>
	<source>
		<database>roboflow.ai</database>
	</source>
	<size>
		<width>1024</width>
		<height>1024</height>
		<depth>3</depth>
	</size>
	<segmented>0</segmented>
	<object>
		<name>Beer</name>
		<pose>Unspecified</pose>
		<truncated>0</truncated>
		<difficult>0</difficult>
		<occluded>0</occluded>
		<bndbox>
			<xmin>883</xmin>
			<xmax>1011</xmax>
			<ymin>236</ymin>
			<ymax>593</ymax>
		</bndbox>
	</object>
	<object>
		<name>Beer</name>
		<pose>Unspecified</pose>
		<truncated>0</truncated>
		<difficult>0</difficult>
		<occluded>0</occluded>
		<bndbox>
			<xmin>739</xmin>
			<xmax>851</xmax>
			<ymin>193</ymin>
			<ymax>544</ymax>
		</bndbox>
	</object>
	<object>
		<name>Beer</name>
		<pose>Unspecified</pose>
		<truncated>0</truncated>
		<difficult>0</difficult>
		<occluded>0</occluded>
		<bndbox>
			<xmin>65</xmin>
			<xmax>201</xmax>
			<ymin>213</ymin>
			<ymax>627</ymax>
		</bndbox>
	</object>
	<object>
		<name>Beer</name>
		<pose>Unspecified</pose>
		<truncated>0</truncated>
		<difficult>0</difficult>
		<occluded>0</occluded>
		<bndbox>
			<xmin>378</xmin>
			<xmax>489</xmax>
			<ymin>162</ymin>
			<ymax>571</ymax>
		</bndbox>
	</object>
</annotation>
