<annotation>
	<folder></folder>
	<filename>DSCF8722_JPG.rf.b4286c0de808f30bf24bb848530c79f2.jpg</filename>
	<path>DSCF8722_JPG.rf.b4286c0de808f30bf24bb848530c79f2.jpg</path>
	<source>
		<database>roboflow.ai</database>
	</source>
	<size>
		<width>1024</width>
		<height>1024</height>
		<depth>3</depth>
	</size>
	<segmented>0</segmented>
	<object>
		<name>Beer</name>
		<pose>Unspecified</pose>
		<truncated>0</truncated>
		<difficult>0</difficult>
		<occluded>0</occluded>
		<bndbox>
			<xmin>234</xmin>
			<xmax>439</xmax>
			<ymin>61</ymin>
			<ymax>803</ymax>
		</bndbox>
	</object>
	<object>
		<name>Beer</name>
		<pose>Unspecified</pose>
		<truncated>0</truncated>
		<difficult>0</difficult>
		<occluded>0</occluded>
		<bndbox>
			<xmin>682</xmin>
			<xmax>922</xmax>
			<ymin>145</ymin>
			<ymax>848</ymax>
		</bndbox>
	</object>
</annotation>
