<annotation>
	<folder></folder>
	<filename>DSCF8742_JPG.rf.1735dcd508a4fd61617b75007d404747.jpg</filename>
	<path>DSCF8742_JPG.rf.1735dcd508a4fd61617b75007d404747.jpg</path>
	<source>
		<database>roboflow.ai</database>
	</source>
	<size>
		<width>1024</width>
		<height>1024</height>
		<depth>3</depth>
	</size>
	<segmented>0</segmented>
	<object>
		<name>WineWhite</name>
		<pose>Unspecified</pose>
		<truncated>0</truncated>
		<difficult>0</difficult>
		<occluded>0</occluded>
		<bndbox>
			<xmin>442</xmin>
			<xmax>584</xmax>
			<ymin>227</ymin>
			<ymax>699</ymax>
		</bndbox>
	</object>
	<object>
		<name>WineWhite</name>
		<pose>Unspecified</pose>
		<truncated>0</truncated>
		<difficult>0</difficult>
		<occluded>0</occluded>
		<bndbox>
			<xmin>293</xmin>
			<xmax>423</xmax>
			<ymin>161</ymin>
			<ymax>725</ymax>
		</bndbox>
	</object>
	<object>
		<name>WineWhite</name>
		<pose>Unspecified</pose>
		<truncated>0</truncated>
		<difficult>0</difficult>
		<occluded>0</occluded>
		<bndbox>
			<xmin>609</xmin>
			<xmax>739</xmax>
			<ymin>179</ymin>
			<ymax>661</ymax>
		</bndbox>
	</object>
</annotation>
