<annotation>
	<folder></folder>
	<filename>DSCF8734_JPG.rf.da04a65effc3784e3bcdf5eed75720ac.jpg</filename>
	<path>DSCF8734_JPG.rf.da04a65effc3784e3bcdf5eed75720ac.jpg</path>
	<source>
		<database>roboflow.ai</database>
	</source>
	<size>
		<width>1024</width>
		<height>1024</height>
		<depth>3</depth>
	</size>
	<segmented>0</segmented>
	<object>
		<name>WineWhite</name>
		<pose>Unspecified</pose>
		<truncated>0</truncated>
		<difficult>0</difficult>
		<occluded>0</occluded>
		<bndbox>
			<xmin>494</xmin>
			<xmax>635</xmax>
			<ymin>306</ymin>
			<ymax>771</ymax>
		</bndbox>
	</object>
	<object>
		<name>WineWhite</name>
		<pose>Unspecified</pose>
		<truncated>0</truncated>
		<difficult>0</difficult>
		<occluded>0</occluded>
		<bndbox>
			<xmin>633</xmin>
			<xmax>750</xmax>
			<ymin>333</ymin>
			<ymax>731</ymax>
		</bndbox>
	</object>
	<object>
		<name>WineWhite</name>
		<pose>Unspecified</pose>
		<truncated>0</truncated>
		<difficult>0</difficult>
		<occluded>0</occluded>
		<bndbox>
			<xmin>90</xmin>
			<xmax>184</xmax>
			<ymin>306</ymin>
			<ymax>717</ymax>
		</bndbox>
	</object>
</annotation>
