<annotation>
	<folder></folder>
	<filename>DSCF8740_JPG.rf.aeb5c24196d51454152d6b2095b8ac82.jpg</filename>
	<path>DSCF8740_JPG.rf.aeb5c24196d51454152d6b2095b8ac82.jpg</path>
	<source>
		<database>roboflow.ai</database>
	</source>
	<size>
		<width>1024</width>
		<height>1024</height>
		<depth>3</depth>
	</size>
	<segmented>0</segmented>
	<object>
		<name>WineWhite</name>
		<pose>Unspecified</pose>
		<truncated>0</truncated>
		<difficult>0</difficult>
		<occluded>0</occluded>
		<bndbox>
			<xmin>69</xmin>
			<xmax>282</xmax>
			<ymin>171</ymin>
			<ymax>836</ymax>
		</bndbox>
	</object>
	<object>
		<name>WineWhite</name>
		<pose>Unspecified</pose>
		<truncated>0</truncated>
		<difficult>0</difficult>
		<occluded>0</occluded>
		<bndbox>
			<xmin>377</xmin>
			<xmax>598</xmax>
			<ymin>144</ymin>
			<ymax>838</ymax>
		</bndbox>
	</object>
	<object>
		<name>WineWhite</name>
		<pose>Unspecified</pose>
		<truncated>0</truncated>
		<difficult>0</difficult>
		<occluded>0</occluded>
		<bndbox>
			<xmin>682</xmin>
			<xmax>843</xmax>
			<ymin>71</ymin>
			<ymax>837</ymax>
		</bndbox>
	</object>
</annotation>
