<annotation>
	<folder></folder>
	<filename>DSCF8715_JPG.rf.2ded0bc4efad0441e7b755bf263e3cd4.jpg</filename>
	<path>DSCF8715_JPG.rf.2ded0bc4efad0441e7b755bf263e3cd4.jpg</path>
	<source>
		<database>roboflow.ai</database>
	</source>
	<size>
		<width>1024</width>
		<height>1024</height>
		<depth>3</depth>
	</size>
	<segmented>0</segmented>
	<object>
		<name>Beer</name>
		<pose>Unspecified</pose>
		<truncated>0</truncated>
		<difficult>0</difficult>
		<occluded>0</occluded>
		<bndbox>
			<xmin>480</xmin>
			<xmax>546</xmax>
			<ymin>288</ymin>
			<ymax>543</ymax>
		</bndbox>
	</object>
	<object>
		<name>Beer</name>
		<pose>Unspecified</pose>
		<truncated>0</truncated>
		<difficult>0</difficult>
		<occluded>0</occluded>
		<bndbox>
			<xmin>8</xmin>
			<xmax>76</xmax>
			<ymin>283</ymin>
			<ymax>470</ymax>
		</bndbox>
	</object>
	<object>
		<name>Beer</name>
		<pose>Unspecified</pose>
		<truncated>0</truncated>
		<difficult>0</difficult>
		<occluded>0</occluded>
		<bndbox>
			<xmin>347</xmin>
			<xmax>414</xmax>
			<ymin>319</ymin>
			<ymax>532</ymax>
		</bndbox>
	</object>
	<object>
		<name>Beer</name>
		<pose>Unspecified</pose>
		<truncated>0</truncated>
		<difficult>0</difficult>
		<occluded>0</occluded>
		<bndbox>
			<xmin>598</xmin>
			<xmax>673</xmax>
			<ymin>315</ymin>
			<ymax>571</ymax>
		</bndbox>
	</object>
</annotation>
