<annotation>
	<folder></folder>
	<filename>DSCF8756_JPG.rf.11a5fe58a349b6f925d36f181e21ff91.jpg</filename>
	<path>DSCF8756_JPG.rf.11a5fe58a349b6f925d36f181e21ff91.jpg</path>
	<source>
		<database>roboflow.ai</database>
	</source>
	<size>
		<width>1024</width>
		<height>1024</height>
		<depth>3</depth>
	</size>
	<segmented>0</segmented>
	<object>
		<name>Shampoo</name>
		<pose>Unspecified</pose>
		<truncated>0</truncated>
		<difficult>0</difficult>
		<occluded>0</occluded>
		<bndbox>
			<xmin>790</xmin>
			<xmax>956</xmax>
			<ymin>242</ymin>
			<ymax>698</ymax>
		</bndbox>
	</object>
	<object>
		<name>Shampoo</name>
		<pose>Unspecified</pose>
		<truncated>0</truncated>
		<difficult>0</difficult>
		<occluded>0</occluded>
		<bndbox>
			<xmin>444</xmin>
			<xmax>534</xmax>
			<ymin>335</ymin>
			<ymax>661</ymax>
		</bndbox>
	</object>
	<object>
		<name>Shampoo</name>
		<pose>Unspecified</pose>
		<truncated>0</truncated>
		<difficult>0</difficult>
		<occluded>0</occluded>
		<bndbox>
			<xmin>292</xmin>
			<xmax>390</xmax>
			<ymin>340</ymin>
			<ymax>643</ymax>
		</bndbox>
	</object>
	<object>
		<name>Shampoo</name>
		<pose>Unspecified</pose>
		<truncated>0</truncated>
		<difficult>0</difficult>
		<occluded>0</occluded>
		<bndbox>
			<xmin>658</xmin>
			<xmax>785</xmax>
			<ymin>321</ymin>
			<ymax>657</ymax>
		</bndbox>
	</object>
	<object>
		<name>Shampoo</name>
		<pose>Unspecified</pose>
		<truncated>0</truncated>
		<difficult>0</difficult>
		<occluded>0</occluded>
		<bndbox>
			<xmin>606</xmin>
			<xmax>696</xmax>
			<ymin>381</ymin>
			<ymax>625</ymax>
		</bndbox>
	</object>
	<object>
		<name>Shampoo</name>
		<pose>Unspecified</pose>
		<truncated>0</truncated>
		<difficult>0</difficult>
		<occluded>0</occluded>
		<bndbox>
			<xmin>83</xmin>
			<xmax>208</xmax>
			<ymin>311</ymin>
			<ymax>661</ymax>
		</bndbox>
	</object>
</annotation>
