<annotation>
	<folder></folder>
	<filename>DSCF8728_JPG.rf.c14ab51c58247f8d190b9e48d3664435.jpg</filename>
	<path>DSCF8728_JPG.rf.c14ab51c58247f8d190b9e48d3664435.jpg</path>
	<source>
		<database>roboflow.ai</database>
	</source>
	<size>
		<width>1024</width>
		<height>1024</height>
		<depth>3</depth>
	</size>
	<segmented>0</segmented>
	<object>
		<name>Beer</name>
		<pose>Unspecified</pose>
		<truncated>0</truncated>
		<difficult>0</difficult>
		<occluded>0</occluded>
		<bndbox>
			<xmin>375</xmin>
			<xmax>569</xmax>
			<ymin>175</ymin>
			<ymax>823</ymax>
		</bndbox>
	</object>
	<object>
		<name>Beer</name>
		<pose>Unspecified</pose>
		<truncated>0</truncated>
		<difficult>0</difficult>
		<occluded>0</occluded>
		<bndbox>
			<xmin>684</xmin>
			<xmax>841</xmax>
			<ymin>163</ymin>
			<ymax>731</ymax>
		</bndbox>
	</object>
</annotation>
