<annotation>
	<folder></folder>
	<filename>DSCF8763_JPG.rf.edcae5b645128cb65ef48631317086e4.jpg</filename>
	<path>DSCF8763_JPG.rf.edcae5b645128cb65ef48631317086e4.jpg</path>
	<source>
		<database>roboflow.ai</database>
	</source>
	<size>
		<width>1024</width>
		<height>1024</height>
		<depth>3</depth>
	</size>
	<segmented>0</segmented>
	<object>
		<name>Shampoo</name>
		<pose>Unspecified</pose>
		<truncated>0</truncated>
		<difficult>0</difficult>
		<occluded>0</occluded>
		<bndbox>
			<xmin>254</xmin>
			<xmax>333</xmax>
			<ymin>315</ymin>
			<ymax>679</ymax>
		</bndbox>
	</object>
	<object>
		<name>Shampoo</name>
		<pose>Unspecified</pose>
		<truncated>0</truncated>
		<difficult>0</difficult>
		<occluded>0</occluded>
		<bndbox>
			<xmin>399</xmin>
			<xmax>521</xmax>
			<ymin>278</ymin>
			<ymax>757</ymax>
		</bndbox>
	</object>
	<object>
		<name>Shampoo</name>
		<pose>Unspecified</pose>
		<truncated>0</truncated>
		<difficult>0</difficult>
		<occluded>0</occluded>
		<bndbox>
			<xmin>727</xmin>
			<xmax>866</xmax>
			<ymin>178</ymin>
			<ymax>763</ymax>
		</bndbox>
	</object>
	<object>
		<name>Shampoo</name>
		<pose>Unspecified</pose>
		<truncated>0</truncated>
		<difficult>0</difficult>
		<occluded>0</occluded>
		<bndbox>
			<xmin>138</xmin>
			<xmax>310</xmax>
			<ymin>274</ymin>
			<ymax>741</ymax>
		</bndbox>
	</object>
	<object>
		<name>Shampoo</name>
		<pose>Unspecified</pose>
		<truncated>0</truncated>
		<difficult>0</difficult>
		<occluded>0</occluded>
		<bndbox>
			<xmin>506</xmin>
			<xmax>720</xmax>
			<ymin>225</ymin>
			<ymax>775</ymax>
		</bndbox>
	</object>
</annotation>
