<annotation>
	<folder></folder>
	<filename>images--5-_jpeg.rf.3a5e43094c3a9ec44538ac7ad97e1efe.jpg</filename>
	<path>images--5-_jpeg.rf.3a5e43094c3a9ec44538ac7ad97e1efe.jpg</path>
	<source>
		<database>roboflow.ai</database>
	</source>
	<size>
		<width>310</width>
		<height>162</height>
		<depth>3</depth>
	</size>
	<segmented>0</segmented>
	<object>
		<name>OrangeJuice</name>
		<pose>Unspecified</pose>
		<truncated>0</truncated>
		<difficult>0</difficult>
		<occluded>0</occluded>
		<bndbox>
			<xmin>127</xmin>
			<xmax>183</xmax>
			<ymin>17</ymin>
			<ymax>151</ymax>
		</bndbox>
	</object>
</annotation>
