<annotation>
	<folder></folder>
	<filename>images--10-_jpeg.rf.8c0f279f78b3f8eb39760298eeeb7a79.jpg</filename>
	<path>images--10-_jpeg.rf.8c0f279f78b3f8eb39760298eeeb7a79.jpg</path>
	<source>
		<database>roboflow.ai</database>
	</source>
	<size>
		<width>183</width>
		<height>275</height>
		<depth>3</depth>
	</size>
	<segmented>0</segmented>
	<object>
		<name>WineRed</name>
		<pose>Unspecified</pose>
		<truncated>0</truncated>
		<difficult>0</difficult>
		<occluded>0</occluded>
		<bndbox>
			<xmin>73</xmin>
			<xmax>116</xmax>
			<ymin>4</ymin>
			<ymax>210</ymax>
		</bndbox>
	</object>
	<object>
		<name>WineRed</name>
		<pose>Unspecified</pose>
		<truncated>0</truncated>
		<difficult>0</difficult>
		<occluded>0</occluded>
		<bndbox>
			<xmin>96</xmin>
			<xmax>152</xmax>
			<ymin>15</ymin>
			<ymax>239</ymax>
		</bndbox>
	</object>
	<object>
		<name>WineRed</name>
		<pose>Unspecified</pose>
		<truncated>0</truncated>
		<difficult>0</difficult>
		<occluded>0</occluded>
		<bndbox>
			<xmin>39</xmin>
			<xmax>96</xmax>
			<ymin>17</ymin>
			<ymax>238</ymax>
		</bndbox>
	</object>
</annotation>
