<annotation>
	<folder></folder>
	<filename>images--31-_jpeg.rf.0440c975a774d6c1f7dd5f481f50f49f.jpg</filename>
	<path>images--31-_jpeg.rf.0440c975a774d6c1f7dd5f481f50f49f.jpg</path>
	<source>
		<database>roboflow.ai</database>
	</source>
	<size>
		<width>168</width>
		<height>299</height>
		<depth>3</depth>
	</size>
	<segmented>0</segmented>
	<object>
		<name>WineRed</name>
		<pose>Unspecified</pose>
		<truncated>0</truncated>
		<difficult>0</difficult>
		<occluded>0</occluded>
		<bndbox>
			<xmin>49</xmin>
			<xmax>123</xmax>
			<ymin>1</ymin>
			<ymax>298</ymax>
		</bndbox>
	</object>
</annotation>
