<annotation>
	<folder></folder>
	<filename>images--22-_jpeg.rf.e4143f070c7417342acc9c8c480a5940.jpg</filename>
	<path>images--22-_jpeg.rf.e4143f070c7417342acc9c8c480a5940.jpg</path>
	<source>
		<database>roboflow.ai</database>
	</source>
	<size>
		<width>225</width>
		<height>225</height>
		<depth>3</depth>
	</size>
	<segmented>0</segmented>
	<object>
		<name>OrangeJuice</name>
		<pose>Unspecified</pose>
		<truncated>0</truncated>
		<difficult>0</difficult>
		<occluded>0</occluded>
		<bndbox>
			<xmin>79</xmin>
			<xmax>141</xmax>
			<ymin>10</ymin>
			<ymax>217</ymax>
		</bndbox>
	</object>
</annotation>
