<annotation>
	<folder></folder>
	<filename>images--19-_jpeg.rf.8c3e28288fe2d92b2ae87739f2473b67.jpg</filename>
	<path>images--19-_jpeg.rf.8c3e28288fe2d92b2ae87739f2473b67.jpg</path>
	<source>
		<database>roboflow.ai</database>
	</source>
	<size>
		<width>225</width>
		<height>225</height>
		<depth>3</depth>
	</size>
	<segmented>0</segmented>
	<object>
		<name>WineRed</name>
		<pose>Unspecified</pose>
		<truncated>0</truncated>
		<difficult>0</difficult>
		<occluded>0</occluded>
		<bndbox>
			<xmin>126</xmin>
			<xmax>166</xmax>
			<ymin>24</ymin>
			<ymax>181</ymax>
		</bndbox>
	</object>
</annotation>
