<annotation>
	<folder></folder>
	<filename>images--22-_jpeg.rf.f0234bd9542d99194189c6d8b5a46e98.jpg</filename>
	<path>images--22-_jpeg.rf.f0234bd9542d99194189c6d8b5a46e98.jpg</path>
	<source>
		<database>roboflow.ai</database>
	</source>
	<size>
		<width>259</width>
		<height>194</height>
		<depth>3</depth>
	</size>
	<segmented>0</segmented>
	<object>
		<name>WineRed</name>
		<pose>Unspecified</pose>
		<truncated>0</truncated>
		<difficult>0</difficult>
		<occluded>0</occluded>
		<bndbox>
			<xmin>120</xmin>
			<xmax>172</xmax>
			<ymin>1</ymin>
			<ymax>193</ymax>
		</bndbox>
	</object>
</annotation>
