<annotation>
	<folder></folder>
	<filename>images--1-_jpeg.rf.87e69efac612661681805831e20e9da2.jpg</filename>
	<path>images--1-_jpeg.rf.87e69efac612661681805831e20e9da2.jpg</path>
	<source>
		<database>roboflow.ai</database>
	</source>
	<size>
		<width>258</width>
		<height>195</height>
		<depth>3</depth>
	</size>
	<segmented>0</segmented>
	<object>
		<name>OrangeJuice</name>
		<pose>Unspecified</pose>
		<truncated>0</truncated>
		<difficult>0</difficult>
		<occluded>0</occluded>
		<bndbox>
			<xmin>122</xmin>
			<xmax>168</xmax>
			<ymin>26</ymin>
			<ymax>180</ymax>
		</bndbox>
	</object>
</annotation>
