<annotation>
	<folder></folder>
	<filename>images--6-_jpeg.rf.239080fb8d15789fa4587923995ec3e8.jpg</filename>
	<path>images--6-_jpeg.rf.239080fb8d15789fa4587923995ec3e8.jpg</path>
	<source>
		<database>roboflow.ai</database>
	</source>
	<size>
		<width>225</width>
		<height>225</height>
		<depth>3</depth>
	</size>
	<segmented>0</segmented>
	<object>
		<name>WineRed</name>
		<pose>Unspecified</pose>
		<truncated>0</truncated>
		<difficult>0</difficult>
		<occluded>0</occluded>
		<bndbox>
			<xmin>131</xmin>
			<xmax>169</xmax>
			<ymin>37</ymin>
			<ymax>187</ymax>
		</bndbox>
	</object>
	<object>
		<name>WineRed</name>
		<pose>Unspecified</pose>
		<truncated>0</truncated>
		<difficult>0</difficult>
		<occluded>0</occluded>
		<bndbox>
			<xmin>58</xmin>
			<xmax>99</xmax>
			<ymin>65</ymin>
			<ymax>214</ymax>
		</bndbox>
	</object>
	<object>
		<name>WineRed</name>
		<pose>Unspecified</pose>
		<truncated>0</truncated>
		<difficult>0</difficult>
		<occluded>0</occluded>
		<bndbox>
			<xmin>95</xmin>
			<xmax>131</xmax>
			<ymin>7</ymin>
			<ymax>154</ymax>
		</bndbox>
	</object>
</annotation>
