<annotation>
	<folder></folder>
	<filename>images--15-_jpeg.rf.6d72cb84fa070e5ca4c5a8bd7377d77b.jpg</filename>
	<path>images--15-_jpeg.rf.6d72cb84fa070e5ca4c5a8bd7377d77b.jpg</path>
	<source>
		<database>roboflow.ai</database>
	</source>
	<size>
		<width>211</width>
		<height>238</height>
		<depth>3</depth>
	</size>
	<segmented>0</segmented>
	<object>
		<name>WineRed</name>
		<pose>Unspecified</pose>
		<truncated>0</truncated>
		<difficult>0</difficult>
		<occluded>0</occluded>
		<bndbox>
			<xmin>48</xmin>
			<xmax>95</xmax>
			<ymin>3</ymin>
			<ymax>216</ymax>
		</bndbox>
	</object>
</annotation>
