<annotation>
	<folder></folder>
	<filename>images--12-_jpeg.rf.2cab08ecc9b7ae238c4855479d51f29d.jpg</filename>
	<path>images--12-_jpeg.rf.2cab08ecc9b7ae238c4855479d51f29d.jpg</path>
	<source>
		<database>roboflow.ai</database>
	</source>
	<size>
		<width>183</width>
		<height>275</height>
		<depth>3</depth>
	</size>
	<segmented>0</segmented>
	<object>
		<name>WineRed</name>
		<pose>Unspecified</pose>
		<truncated>0</truncated>
		<difficult>0</difficult>
		<occluded>0</occluded>
		<bndbox>
			<xmin>80</xmin>
			<xmax>133</xmax>
			<ymin>16</ymin>
			<ymax>234</ymax>
		</bndbox>
	</object>
</annotation>
