<annotation>
	<folder></folder>
	<filename>images--2-_jpeg.rf.bc88525a9523114456d3ae05b9b34414.jpg</filename>
	<path>images--2-_jpeg.rf.bc88525a9523114456d3ae05b9b34414.jpg</path>
	<source>
		<database>roboflow.ai</database>
	</source>
	<size>
		<width>275</width>
		<height>183</height>
		<depth>3</depth>
	</size>
	<segmented>0</segmented>
	<object>
		<name>OrangeJuice</name>
		<pose>Unspecified</pose>
		<truncated>0</truncated>
		<difficult>0</difficult>
		<occluded>0</occluded>
		<bndbox>
			<xmin>137</xmin>
			<xmax>185</xmax>
			<ymin>23</ymin>
			<ymax>160</ymax>
		</bndbox>
	</object>
</annotation>
