<annotation>
	<folder></folder>
	<filename>images--7-_jpeg.rf.c8986d8f7dd888046bbd7c9ff8a06929.jpg</filename>
	<path>images--7-_jpeg.rf.c8986d8f7dd888046bbd7c9ff8a06929.jpg</path>
	<source>
		<database>roboflow.ai</database>
	</source>
	<size>
		<width>168</width>
		<height>299</height>
		<depth>3</depth>
	</size>
	<segmented>0</segmented>
	<object>
		<name>OrangeJuice</name>
		<pose>Unspecified</pose>
		<truncated>0</truncated>
		<difficult>0</difficult>
		<occluded>0</occluded>
		<bndbox>
			<xmin>110</xmin>
			<xmax>136</xmax>
			<ymin>1</ymin>
			<ymax>58</ymax>
		</bndbox>
	</object>
	<object>
		<name>OrangeJuice</name>
		<pose>Unspecified</pose>
		<truncated>0</truncated>
		<difficult>0</difficult>
		<occluded>0</occluded>
		<bndbox>
			<xmin>48</xmin>
			<xmax>128</xmax>
			<ymin>4</ymin>
			<ymax>263</ymax>
		</bndbox>
	</object>
	<object>
		<name>OrangeJuice</name>
		<pose>Unspecified</pose>
		<truncated>0</truncated>
		<difficult>0</difficult>
		<occluded>0</occluded>
		<bndbox>
			<xmin>132</xmin>
			<xmax>160</xmax>
			<ymin>1</ymin>
			<ymax>62</ymax>
		</bndbox>
	</object>
	<object>
		<name>OrangeJuice</name>
		<pose>Unspecified</pose>
		<truncated>0</truncated>
		<difficult>0</difficult>
		<occluded>0</occluded>
		<bndbox>
			<xmin>157</xmin>
			<xmax>166</xmax>
			<ymin>4</ymin>
			<ymax>60</ymax>
		</bndbox>
	</object>
</annotation>
