<annotation>
	<folder></folder>
	<filename>images--12-_jpeg.rf.60b4164db6ec4f0a2600909dd2b917bd.jpg</filename>
	<path>images--12-_jpeg.rf.60b4164db6ec4f0a2600909dd2b917bd.jpg</path>
	<source>
		<database>roboflow.ai</database>
	</source>
	<size>
		<width>184</width>
		<height>275</height>
		<depth>3</depth>
	</size>
	<segmented>0</segmented>
	<object>
		<name>OrangeJuice</name>
		<pose>Unspecified</pose>
		<truncated>0</truncated>
		<difficult>0</difficult>
		<occluded>0</occluded>
		<bndbox>
			<xmin>101</xmin>
			<xmax>157</xmax>
			<ymin>64</ymin>
			<ymax>241</ymax>
		</bndbox>
	</object>
	<object>
		<name>OrangeJuice</name>
		<pose>Unspecified</pose>
		<truncated>0</truncated>
		<difficult>0</difficult>
		<occluded>0</occluded>
		<bndbox>
			<xmin>60</xmin>
			<xmax>115</xmax>
			<ymin>52</ymin>
			<ymax>229</ymax>
		</bndbox>
	</object>
</annotation>
