<annotation>
	<folder></folder>
	<filename>images--34-_jpeg.rf.f54e407384788b7e0d26ace64b1b1948.jpg</filename>
	<path>images--34-_jpeg.rf.f54e407384788b7e0d26ace64b1b1948.jpg</path>
	<source>
		<database>roboflow.ai</database>
	</source>
	<size>
		<width>175</width>
		<height>288</height>
		<depth>3</depth>
	</size>
	<segmented>0</segmented>
	<object>
		<name>WineRed</name>
		<pose>Unspecified</pose>
		<truncated>0</truncated>
		<difficult>0</difficult>
		<occluded>0</occluded>
		<bndbox>
			<xmin>57</xmin>
			<xmax>121</xmax>
			<ymin>13</ymin>
			<ymax>268</ymax>
		</bndbox>
	</object>
</annotation>
