<annotation>
	<folder></folder>
	<filename>images--4-_jpeg.rf.5f6d06a1bc4d5611002efa68c84e4980.jpg</filename>
	<path>images--4-_jpeg.rf.5f6d06a1bc4d5611002efa68c84e4980.jpg</path>
	<source>
		<database>roboflow.ai</database>
	</source>
	<size>
		<width>300</width>
		<height>168</height>
		<depth>3</depth>
	</size>
	<segmented>0</segmented>
	<object>
		<name>OrangeJuice</name>
		<pose>Unspecified</pose>
		<truncated>0</truncated>
		<difficult>0</difficult>
		<occluded>0</occluded>
		<bndbox>
			<xmin>54</xmin>
			<xmax>109</xmax>
			<ymin>15</ymin>
			<ymax>157</ymax>
		</bndbox>
	</object>
	<object>
		<name>OrangeJuice</name>
		<pose>Unspecified</pose>
		<truncated>0</truncated>
		<difficult>0</difficult>
		<occluded>0</occluded>
		<bndbox>
			<xmin>170</xmin>
			<xmax>234</xmax>
			<ymin>28</ymin>
			<ymax>159</ymax>
		</bndbox>
	</object>
</annotation>
