<annotation>
	<folder></folder>
	<filename>images--11-_jpeg.rf.ab55951bb636606597b45e232951d057.jpg</filename>
	<path>images--11-_jpeg.rf.ab55951bb636606597b45e232951d057.jpg</path>
	<source>
		<database>roboflow.ai</database>
	</source>
	<size>
		<width>259</width>
		<height>194</height>
		<depth>3</depth>
	</size>
	<segmented>0</segmented>
	<object>
		<name>WineRed</name>
		<pose>Unspecified</pose>
		<truncated>0</truncated>
		<difficult>0</difficult>
		<occluded>0</occluded>
		<bndbox>
			<xmin>84</xmin>
			<xmax>129</xmax>
			<ymin>13</ymin>
			<ymax>195</ymax>
		</bndbox>
	</object>
	<object>
		<name>WineRed</name>
		<pose>Unspecified</pose>
		<truncated>0</truncated>
		<difficult>0</difficult>
		<occluded>0</occluded>
		<bndbox>
			<xmin>33</xmin>
			<xmax>79</xmax>
			<ymin>19</ymin>
			<ymax>193</ymax>
		</bndbox>
	</object>
</annotation>
