<annotation>
	<folder></folder>
	<filename>images--32-_jpeg.rf.21dde0e476d9d297b3cfa477ceefd78a.jpg</filename>
	<path>images--32-_jpeg.rf.21dde0e476d9d297b3cfa477ceefd78a.jpg</path>
	<source>
		<database>roboflow.ai</database>
	</source>
	<size>
		<width>94</width>
		<height>400</height>
		<depth>3</depth>
	</size>
	<segmented>0</segmented>
	<object>
		<name>WineRed</name>
		<pose>Unspecified</pose>
		<truncated>0</truncated>
		<difficult>0</difficult>
		<occluded>0</occluded>
		<bndbox>
			<xmin>1</xmin>
			<xmax>95</xmax>
			<ymin>1</ymin>
			<ymax>401</ymax>
		</bndbox>
	</object>
</annotation>
