<annotation>
	<folder></folder>
	<filename>images--20-_jpeg.rf.94339788b11bb7f1672dfd2c0b46f09b.jpg</filename>
	<path>images--20-_jpeg.rf.94339788b11bb7f1672dfd2c0b46f09b.jpg</path>
	<source>
		<database>roboflow.ai</database>
	</source>
	<size>
		<width>225</width>
		<height>225</height>
		<depth>3</depth>
	</size>
	<segmented>0</segmented>
	<object>
		<name>OrangeJuice</name>
		<pose>Unspecified</pose>
		<truncated>0</truncated>
		<difficult>0</difficult>
		<occluded>0</occluded>
		<bndbox>
			<xmin>78</xmin>
			<xmax>136</xmax>
			<ymin>23</ymin>
			<ymax>213</ymax>
		</bndbox>
	</object>
</annotation>
