<annotation>
	<folder></folder>
	<filename>images--21-_jpeg.rf.486d3454f863fbb7061873f832489aa7.jpg</filename>
	<path>images--21-_jpeg.rf.486d3454f863fbb7061873f832489aa7.jpg</path>
	<source>
		<database>roboflow.ai</database>
	</source>
	<size>
		<width>238</width>
		<height>212</height>
		<depth>3</depth>
	</size>
	<segmented>0</segmented>
	<object>
		<name>WineRed</name>
		<pose>Unspecified</pose>
		<truncated>0</truncated>
		<difficult>0</difficult>
		<occluded>0</occluded>
		<bndbox>
			<xmin>85</xmin>
			<xmax>139</xmax>
			<ymin>3</ymin>
			<ymax>211</ymax>
		</bndbox>
	</object>
</annotation>
