<annotation>
	<folder></folder>
	<filename>images--3-_jpeg.rf.98555deed87a02079506b1f9a098b3a1.jpg</filename>
	<path>images--3-_jpeg.rf.98555deed87a02079506b1f9a098b3a1.jpg</path>
	<source>
		<database>roboflow.ai</database>
	</source>
	<size>
		<width>299</width>
		<height>168</height>
		<depth>3</depth>
	</size>
	<segmented>0</segmented>
	<object>
		<name>OrangeJuice</name>
		<pose>Unspecified</pose>
		<truncated>0</truncated>
		<difficult>0</difficult>
		<occluded>0</occluded>
		<bndbox>
			<xmin>8</xmin>
			<xmax>232</xmax>
			<ymin>37</ymin>
			<ymax>132</ymax>
		</bndbox>
	</object>
</annotation>
