<annotation>
	<folder></folder>
	<filename>images--16-_jpeg.rf.cfc614a7ce650673d4d4103aba17ab1c.jpg</filename>
	<path>images--16-_jpeg.rf.cfc614a7ce650673d4d4103aba17ab1c.jpg</path>
	<source>
		<database>roboflow.ai</database>
	</source>
	<size>
		<width>184</width>
		<height>274</height>
		<depth>3</depth>
	</size>
	<segmented>0</segmented>
	<object>
		<name>OrangeJuice</name>
		<pose>Unspecified</pose>
		<truncated>0</truncated>
		<difficult>0</difficult>
		<occluded>0</occluded>
		<bndbox>
			<xmin>97</xmin>
			<xmax>137</xmax>
			<ymin>69</ymin>
			<ymax>204</ymax>
		</bndbox>
	</object>
	<object>
		<name>OrangeJuice</name>
		<pose>Unspecified</pose>
		<truncated>0</truncated>
		<difficult>0</difficult>
		<occluded>0</occluded>
		<bndbox>
			<xmin>6</xmin>
			<xmax>61</xmax>
			<ymin>32</ymin>
			<ymax>204</ymax>
		</bndbox>
	</object>
	<object>
		<name>OrangeJuice</name>
		<pose>Unspecified</pose>
		<truncated>0</truncated>
		<difficult>0</difficult>
		<occluded>0</occluded>
		<bndbox>
			<xmin>61</xmin>
			<xmax>98</xmax>
			<ymin>76</ymin>
			<ymax>206</ymax>
		</bndbox>
	</object>
</annotation>
