<annotation>
	<folder></folder>
	<filename>images--17-_jpeg.rf.f1d934717d23718e8d9c516feedcdb0c.jpg</filename>
	<path>images--17-_jpeg.rf.f1d934717d23718e8d9c516feedcdb0c.jpg</path>
	<source>
		<database>roboflow.ai</database>
	</source>
	<size>
		<width>225</width>
		<height>225</height>
		<depth>3</depth>
	</size>
	<segmented>0</segmented>
	<object>
		<name>OrangeJuice</name>
		<pose>Unspecified</pose>
		<truncated>0</truncated>
		<difficult>0</difficult>
		<occluded>0</occluded>
		<bndbox>
			<xmin>78</xmin>
			<xmax>133</xmax>
			<ymin>7</ymin>
			<ymax>214</ymax>
		</bndbox>
	</object>
</annotation>
