<annotation>
	<folder></folder>
	<filename>images--14-_jpeg.rf.8d12fc5fa7ee84be990fa27941e20d97.jpg</filename>
	<path>images--14-_jpeg.rf.8d12fc5fa7ee84be990fa27941e20d97.jpg</path>
	<source>
		<database>roboflow.ai</database>
	</source>
	<size>
		<width>168</width>
		<height>299</height>
		<depth>3</depth>
	</size>
	<segmented>0</segmented>
	<object>
		<name>OrangeJuice</name>
		<pose>Unspecified</pose>
		<truncated>0</truncated>
		<difficult>0</difficult>
		<occluded>0</occluded>
		<bndbox>
			<xmin>3</xmin>
			<xmax>148</xmax>
			<ymin>1</ymin>
			<ymax>299</ymax>
		</bndbox>
	</object>
	<object>
		<name>OrangeJuice</name>
		<pose>Unspecified</pose>
		<truncated>0</truncated>
		<difficult>0</difficult>
		<occluded>0</occluded>
		<bndbox>
			<xmin>145</xmin>
			<xmax>160</xmax>
			<ymin>8</ymin>
			<ymax>55</ymax>
		</bndbox>
	</object>
</annotation>
