<annotation>
	<folder></folder>
	<filename>images--8-_jpeg.rf.214fc8477f60c1d43b7a0833e2560325.jpg</filename>
	<path>images--8-_jpeg.rf.214fc8477f60c1d43b7a0833e2560325.jpg</path>
	<source>
		<database>roboflow.ai</database>
	</source>
	<size>
		<width>100</width>
		<height>100</height>
		<depth>3</depth>
	</size>
	<segmented>0</segmented>
	<object>
		<name>OrangeJuice</name>
		<pose>Unspecified</pose>
		<truncated>0</truncated>
		<difficult>0</difficult>
		<occluded>0</occluded>
		<bndbox>
			<xmin>7</xmin>
			<xmax>90</xmax>
			<ymin>1</ymin>
			<ymax>99</ymax>
		</bndbox>
	</object>
</annotation>
