<annotation>
	<folder></folder>
	<filename>images--24-_jpeg.rf.e41139aa7bf42f30b0a3e24da84a1ce1.jpg</filename>
	<path>images--24-_jpeg.rf.e41139aa7bf42f30b0a3e24da84a1ce1.jpg</path>
	<source>
		<database>roboflow.ai</database>
	</source>
	<size>
		<width>183</width>
		<height>275</height>
		<depth>3</depth>
	</size>
	<segmented>0</segmented>
	<object>
		<name>WineRed</name>
		<pose>Unspecified</pose>
		<truncated>0</truncated>
		<difficult>0</difficult>
		<occluded>0</occluded>
		<bndbox>
			<xmin>107</xmin>
			<xmax>146</xmax>
			<ymin>23</ymin>
			<ymax>193</ymax>
		</bndbox>
	</object>
</annotation>
