<annotation>
	<folder></folder>
	<filename>images--9-_jpeg.rf.710d73ad8cfe63220937ce6be61e3603.jpg</filename>
	<path>images--9-_jpeg.rf.710d73ad8cfe63220937ce6be61e3603.jpg</path>
	<source>
		<database>roboflow.ai</database>
	</source>
	<size>
		<width>194</width>
		<height>259</height>
		<depth>3</depth>
	</size>
	<segmented>0</segmented>
	<object>
		<name>OrangeJuice</name>
		<pose>Unspecified</pose>
		<truncated>0</truncated>
		<difficult>0</difficult>
		<occluded>0</occluded>
		<bndbox>
			<xmin>44</xmin>
			<xmax>123</xmax>
			<ymin>1</ymin>
			<ymax>189</ymax>
		</bndbox>
	</object>
</annotation>
