<annotation>
	<folder></folder>
	<filename>images--7-_jpeg.rf.cc291d0257e0c6be29b154f9b64a223a.jpg</filename>
	<path>images--7-_jpeg.rf.cc291d0257e0c6be29b154f9b64a223a.jpg</path>
	<source>
		<database>roboflow.ai</database>
	</source>
	<size>
		<width>275</width>
		<height>183</height>
		<depth>3</depth>
	</size>
	<segmented>0</segmented>
	<object>
		<name>WineRed</name>
		<pose>Unspecified</pose>
		<truncated>0</truncated>
		<difficult>0</difficult>
		<occluded>0</occluded>
		<bndbox>
			<xmin>90</xmin>
			<xmax>131</xmax>
			<ymin>28</ymin>
			<ymax>182</ymax>
		</bndbox>
	</object>
	<object>
		<name>WineRed</name>
		<pose>Unspecified</pose>
		<truncated>0</truncated>
		<difficult>0</difficult>
		<occluded>0</occluded>
		<bndbox>
			<xmin>43</xmin>
			<xmax>86</xmax>
			<ymin>29</ymin>
			<ymax>182</ymax>
		</bndbox>
	</object>
</annotation>
