<annotation>
	<folder></folder>
	<filename>images--19-_jpeg.rf.fca85d9fa46420bbf7c28d6f01ecfb9e.jpg</filename>
	<path>images--19-_jpeg.rf.fca85d9fa46420bbf7c28d6f01ecfb9e.jpg</path>
	<source>
		<database>roboflow.ai</database>
	</source>
	<size>
		<width>215</width>
		<height>163</height>
		<depth>3</depth>
	</size>
	<segmented>0</segmented>
	<object>
		<name>OrangeJuice</name>
		<pose>Unspecified</pose>
		<truncated>0</truncated>
		<difficult>0</difficult>
		<occluded>0</occluded>
		<bndbox>
			<xmin>85</xmin>
			<xmax>131</xmax>
			<ymin>12</ymin>
			<ymax>155</ymax>
		</bndbox>
	</object>
</annotation>
