<annotation>
	<folder></folder>
	<filename>images--20-_jpeg.rf.6049bbfc6582fd647a65566475572975.jpg</filename>
	<path>images--20-_jpeg.rf.6049bbfc6582fd647a65566475572975.jpg</path>
	<source>
		<database>roboflow.ai</database>
	</source>
	<size>
		<width>194</width>
		<height>259</height>
		<depth>3</depth>
	</size>
	<segmented>0</segmented>
	<object>
		<name>WineRed</name>
		<pose>Unspecified</pose>
		<truncated>0</truncated>
		<difficult>0</difficult>
		<occluded>0</occluded>
		<bndbox>
			<xmin>90</xmin>
			<xmax>158</xmax>
			<ymin>12</ymin>
			<ymax>249</ymax>
		</bndbox>
	</object>
	<object>
		<name>WineRed</name>
		<pose>Unspecified</pose>
		<truncated>0</truncated>
		<difficult>0</difficult>
		<occluded>0</occluded>
		<bndbox>
			<xmin>20</xmin>
			<xmax>98</xmax>
			<ymin>25</ymin>
			<ymax>260</ymax>
		</bndbox>
	</object>
</annotation>
