<annotation>
	<folder></folder>
	<filename>images--26-_jpeg.rf.8ed17908fff7709c7c778ee6f2dca01c.jpg</filename>
	<path>images--26-_jpeg.rf.8ed17908fff7709c7c778ee6f2dca01c.jpg</path>
	<source>
		<database>roboflow.ai</database>
	</source>
	<size>
		<width>183</width>
		<height>275</height>
		<depth>3</depth>
	</size>
	<segmented>0</segmented>
	<object>
		<name>WineRed</name>
		<pose>Unspecified</pose>
		<truncated>0</truncated>
		<difficult>0</difficult>
		<occluded>0</occluded>
		<bndbox>
			<xmin>40</xmin>
			<xmax>93</xmax>
			<ymin>29</ymin>
			<ymax>230</ymax>
		</bndbox>
	</object>
</annotation>
