<annotation>
	<folder></folder>
	<filename>images--18-_jpeg.rf.42fb9e837ab3b7a5360fb67b7bd64d99.jpg</filename>
	<path>images--18-_jpeg.rf.42fb9e837ab3b7a5360fb67b7bd64d99.jpg</path>
	<source>
		<database>roboflow.ai</database>
	</source>
	<size>
		<width>137</width>
		<height>367</height>
		<depth>3</depth>
	</size>
	<segmented>0</segmented>
	<object>
		<name>OrangeJuice</name>
		<pose>Unspecified</pose>
		<truncated>0</truncated>
		<difficult>0</difficult>
		<occluded>0</occluded>
		<bndbox>
			<xmin>16</xmin>
			<xmax>120</xmax>
			<ymin>7</ymin>
			<ymax>360</ymax>
		</bndbox>
	</object>
</annotation>
