<annotation>
	<folder></folder>
	<filename>images--5-_jpeg.rf.995e01417c4d0882a9ff1128d9fa9eba.jpg</filename>
	<path>images--5-_jpeg.rf.995e01417c4d0882a9ff1128d9fa9eba.jpg</path>
	<source>
		<database>roboflow.ai</database>
	</source>
	<size>
		<width>280</width>
		<height>180</height>
		<depth>3</depth>
	</size>
	<segmented>0</segmented>
	<object>
		<name>WineRed</name>
		<pose>Unspecified</pose>
		<truncated>0</truncated>
		<difficult>0</difficult>
		<occluded>0</occluded>
		<bndbox>
			<xmin>116</xmin>
			<xmax>142</xmax>
			<ymin>49</ymin>
			<ymax>157</ymax>
		</bndbox>
	</object>
	<object>
		<name>WineRed</name>
		<pose>Unspecified</pose>
		<truncated>0</truncated>
		<difficult>0</difficult>
		<occluded>0</occluded>
		<bndbox>
			<xmin>90</xmin>
			<xmax>117</xmax>
			<ymin>50</ymin>
			<ymax>157</ymax>
		</bndbox>
	</object>
	<object>
		<name>WineRed</name>
		<pose>Unspecified</pose>
		<truncated>0</truncated>
		<difficult>0</difficult>
		<occluded>0</occluded>
		<bndbox>
			<xmin>195</xmin>
			<xmax>222</xmax>
			<ymin>49</ymin>
			<ymax>158</ymax>
		</bndbox>
	</object>
	<object>
		<name>WineRed</name>
		<pose>Unspecified</pose>
		<truncated>0</truncated>
		<difficult>0</difficult>
		<occluded>0</occluded>
		<bndbox>
			<xmin>142</xmin>
			<xmax>167</xmax>
			<ymin>52</ymin>
			<ymax>157</ymax>
		</bndbox>
	</object>
	<object>
		<name>WineRed</name>
		<pose>Unspecified</pose>
		<truncated>0</truncated>
		<difficult>0</difficult>
		<occluded>0</occluded>
		<bndbox>
			<xmin>168</xmin>
			<xmax>196</xmax>
			<ymin>52</ymin>
			<ymax>157</ymax>
		</bndbox>
	</object>
	<object>
		<name>WineRed</name>
		<pose>Unspecified</pose>
		<truncated>0</truncated>
		<difficult>0</difficult>
		<occluded>0</occluded>
		<bndbox>
			<xmin>60</xmin>
			<xmax>90</xmax>
			<ymin>54</ymin>
			<ymax>158</ymax>
		</bndbox>
	</object>
	<object>
		<name>WineRed</name>
		<pose>Unspecified</pose>
		<truncated>0</truncated>
		<difficult>0</difficult>
		<occluded>0</occluded>
		<bndbox>
			<xmin>222</xmin>
			<xmax>251</xmax>
			<ymin>55</ymin>
			<ymax>159</ymax>
		</bndbox>
	</object>
	<object>
		<name>WineRed</name>
		<pose>Unspecified</pose>
		<truncated>0</truncated>
		<difficult>0</difficult>
		<occluded>0</occluded>
		<bndbox>
			<xmin>30</xmin>
			<xmax>60</xmax>
			<ymin>58</ymin>
			<ymax>157</ymax>
		</bndbox>
	</object>
</annotation>
