<annotation>
	<folder></folder>
	<filename>images--36-_jpeg.rf.f957be3e9f4eaabd7e971c8b6b20c12d.jpg</filename>
	<path>images--36-_jpeg.rf.f957be3e9f4eaabd7e971c8b6b20c12d.jpg</path>
	<source>
		<database>roboflow.ai</database>
	</source>
	<size>
		<width>168</width>
		<height>300</height>
		<depth>3</depth>
	</size>
	<segmented>0</segmented>
	<object>
		<name>WineRed</name>
		<pose>Unspecified</pose>
		<truncated>0</truncated>
		<difficult>0</difficult>
		<occluded>0</occluded>
		<bndbox>
			<xmin>50</xmin>
			<xmax>126</xmax>
			<ymin>1</ymin>
			<ymax>274</ymax>
		</bndbox>
	</object>
</annotation>
