<annotation>
	<folder></folder>
	<filename>images--23-_jpeg.rf.9423d991eafd4f10744b59e8bcb30fb0.jpg</filename>
	<path>images--23-_jpeg.rf.9423d991eafd4f10744b59e8bcb30fb0.jpg</path>
	<source>
		<database>roboflow.ai</database>
	</source>
	<size>
		<width>225</width>
		<height>225</height>
		<depth>3</depth>
	</size>
	<segmented>0</segmented>
	<object>
		<name>OrangeJuice</name>
		<pose>Unspecified</pose>
		<truncated>0</truncated>
		<difficult>0</difficult>
		<occluded>0</occluded>
		<bndbox>
			<xmin>69</xmin>
			<xmax>143</xmax>
			<ymin>1</ymin>
			<ymax>217</ymax>
		</bndbox>
	</object>
</annotation>
