<annotation>
	<folder></folder>
	<filename>images--15-_jpeg.rf.468d0ef27f89aca0b1cbd10d7acd83d1.jpg</filename>
	<path>images--15-_jpeg.rf.468d0ef27f89aca0b1cbd10d7acd83d1.jpg</path>
	<source>
		<database>roboflow.ai</database>
	</source>
	<size>
		<width>138</width>
		<height>366</height>
		<depth>3</depth>
	</size>
	<segmented>0</segmented>
	<object>
		<name>OrangeJuice</name>
		<pose>Unspecified</pose>
		<truncated>0</truncated>
		<difficult>0</difficult>
		<occluded>0</occluded>
		<bndbox>
			<xmin>1</xmin>
			<xmax>137</xmax>
			<ymin>4</ymin>
			<ymax>360</ymax>
		</bndbox>
	</object>
</annotation>
