<annotation>
	<folder></folder>
	<filename>images--30-_jpeg.rf.b856299fe4c82d9c279e2e467f00911f.jpg</filename>
	<path>images--30-_jpeg.rf.b856299fe4c82d9c279e2e467f00911f.jpg</path>
	<source>
		<database>roboflow.ai</database>
	</source>
	<size>
		<width>155</width>
		<height>326</height>
		<depth>3</depth>
	</size>
	<segmented>0</segmented>
	<object>
		<name>WineRed</name>
		<pose>Unspecified</pose>
		<truncated>0</truncated>
		<difficult>0</difficult>
		<occluded>0</occluded>
		<bndbox>
			<xmin>40</xmin>
			<xmax>119</xmax>
			<ymin>6</ymin>
			<ymax>323</ymax>
		</bndbox>
	</object>
</annotation>
