<annotation>
	<folder></folder>
	<filename>images--8-_jpeg.rf.a528e14c9a50e919964ad1c65e6af17d.jpg</filename>
	<path>images--8-_jpeg.rf.a528e14c9a50e919964ad1c65e6af17d.jpg</path>
	<source>
		<database>roboflow.ai</database>
	</source>
	<size>
		<width>225</width>
		<height>225</height>
		<depth>3</depth>
	</size>
	<segmented>0</segmented>
	<object>
		<name>WineRed</name>
		<pose>Unspecified</pose>
		<truncated>0</truncated>
		<difficult>0</difficult>
		<occluded>0</occluded>
		<bndbox>
			<xmin>71</xmin>
			<xmax>125</xmax>
			<ymin>3</ymin>
			<ymax>212</ymax>
		</bndbox>
	</object>
	<object>
		<name>WineRed</name>
		<pose>Unspecified</pose>
		<truncated>0</truncated>
		<difficult>0</difficult>
		<occluded>0</occluded>
		<bndbox>
			<xmin>123</xmin>
			<xmax>170</xmax>
			<ymin>9</ymin>
			<ymax>208</ymax>
		</bndbox>
	</object>
	<object>
		<name>WineRed</name>
		<pose>Unspecified</pose>
		<truncated>0</truncated>
		<difficult>0</difficult>
		<occluded>0</occluded>
		<bndbox>
			<xmin>168</xmin>
			<xmax>215</xmax>
			<ymin>13</ymin>
			<ymax>205</ymax>
		</bndbox>
	</object>
</annotation>
