<annotation>
	<folder></folder>
	<filename>images--25-_jpeg.rf.bc0a802530f73b88a8b2aaa2ed61ff9b.jpg</filename>
	<path>images--25-_jpeg.rf.bc0a802530f73b88a8b2aaa2ed61ff9b.jpg</path>
	<source>
		<database>roboflow.ai</database>
	</source>
	<size>
		<width>300</width>
		<height>168</height>
		<depth>3</depth>
	</size>
	<segmented>0</segmented>
	<object>
		<name>OrangeJuice</name>
		<pose>Unspecified</pose>
		<truncated>0</truncated>
		<difficult>0</difficult>
		<occluded>0</occluded>
		<bndbox>
			<xmin>67</xmin>
			<xmax>112</xmax>
			<ymin>23</ymin>
			<ymax>149</ymax>
		</bndbox>
	</object>
</annotation>
