<annotation>
	<folder></folder>
	<filename>images--11-_jpeg.rf.8b3a0b38be1a2665c7adb3a49f643cc5.jpg</filename>
	<path>images--11-_jpeg.rf.8b3a0b38be1a2665c7adb3a49f643cc5.jpg</path>
	<source>
		<database>roboflow.ai</database>
	</source>
	<size>
		<width>138</width>
		<height>365</height>
		<depth>3</depth>
	</size>
	<segmented>0</segmented>
	<object>
		<name>OrangeJuice</name>
		<pose>Unspecified</pose>
		<truncated>0</truncated>
		<difficult>0</difficult>
		<occluded>0</occluded>
		<bndbox>
			<xmin>12</xmin>
			<xmax>129</xmax>
			<ymin>4</ymin>
			<ymax>355</ymax>
		</bndbox>
	</object>
</annotation>
