<annotation>
	<folder></folder>
	<filename>images--24-_jpeg.rf.d8d42f0a0d4dc4ece9ef5682691ae0bb.jpg</filename>
	<path>images--24-_jpeg.rf.d8d42f0a0d4dc4ece9ef5682691ae0bb.jpg</path>
	<source>
		<database>roboflow.ai</database>
	</source>
	<size>
		<width>168</width>
		<height>299</height>
		<depth>3</depth>
	</size>
	<segmented>0</segmented>
	<object>
		<name>OrangeJuice</name>
		<pose>Unspecified</pose>
		<truncated>0</truncated>
		<difficult>0</difficult>
		<occluded>0</occluded>
		<bndbox>
			<xmin>47</xmin>
			<xmax>129</xmax>
			<ymin>7</ymin>
			<ymax>254</ymax>
		</bndbox>
	</object>
</annotation>
