<annotation>
	<folder></folder>
	<filename>images--13-_jpeg.rf.328566db6f4bbdd63515b60ae502fac0.jpg</filename>
	<path>images--13-_jpeg.rf.328566db6f4bbdd63515b60ae502fac0.jpg</path>
	<source>
		<database>roboflow.ai</database>
	</source>
	<size>
		<width>176</width>
		<height>287</height>
		<depth>3</depth>
	</size>
	<segmented>0</segmented>
	<object>
		<name>OrangeJuice</name>
		<pose>Unspecified</pose>
		<truncated>0</truncated>
		<difficult>0</difficult>
		<occluded>0</occluded>
		<bndbox>
			<xmin>32</xmin>
			<xmax>129</xmax>
			<ymin>7</ymin>
			<ymax>272</ymax>
		</bndbox>
	</object>
</annotation>
