<annotation>
	<folder></folder>
	<filename>images--13-_jpeg.rf.29b6793107831c2c2c6f20e6a257c527.jpg</filename>
	<path>images--13-_jpeg.rf.29b6793107831c2c2c6f20e6a257c527.jpg</path>
	<source>
		<database>roboflow.ai</database>
	</source>
	<size>
		<width>225</width>
		<height>225</height>
		<depth>3</depth>
	</size>
	<segmented>0</segmented>
	<object>
		<name>WineRed</name>
		<pose>Unspecified</pose>
		<truncated>0</truncated>
		<difficult>0</difficult>
		<occluded>0</occluded>
		<bndbox>
			<xmin>91</xmin>
			<xmax>138</xmax>
			<ymin>26</ymin>
			<ymax>215</ymax>
		</bndbox>
	</object>
</annotation>
