<annotation>
	<folder></folder>
	<filename>images--10-_jpeg.rf.046b81002cb5876c8094edd86854fc8d.jpg</filename>
	<path>images--10-_jpeg.rf.046b81002cb5876c8094edd86854fc8d.jpg</path>
	<source>
		<database>roboflow.ai</database>
	</source>
	<size>
		<width>299</width>
		<height>168</height>
		<depth>3</depth>
	</size>
	<segmented>0</segmented>
	<object>
		<name>OrangeJuice</name>
		<pose>Unspecified</pose>
		<truncated>0</truncated>
		<difficult>0</difficult>
		<occluded>0</occluded>
		<bndbox>
			<xmin>18</xmin>
			<xmax>262</xmax>
			<ymin>42</ymin>
			<ymax>117</ymax>
		</bndbox>
	</object>
</annotation>
