<annotation>
	<folder></folder>
	<filename>images--6-_jpeg.rf.4d64a4e9f4c67ad155bd1088d64e5e7c.jpg</filename>
	<path>images--6-_jpeg.rf.4d64a4e9f4c67ad155bd1088d64e5e7c.jpg</path>
	<source>
		<database>roboflow.ai</database>
	</source>
	<size>
		<width>166</width>
		<height>304</height>
		<depth>3</depth>
	</size>
	<segmented>0</segmented>
	<object>
		<name>OrangeJuice</name>
		<pose>Unspecified</pose>
		<truncated>0</truncated>
		<difficult>0</difficult>
		<occluded>0</occluded>
		<bndbox>
			<xmin>16</xmin>
			<xmax>138</xmax>
			<ymin>3</ymin>
			<ymax>300</ymax>
		</bndbox>
	</object>
</annotation>
