<annotation>
	<folder></folder>
	<filename>images--18-_jpeg.rf.fc26795378b7a59cdf4bbf8e155d31c0.jpg</filename>
	<path>images--18-_jpeg.rf.fc26795378b7a59cdf4bbf8e155d31c0.jpg</path>
	<source>
		<database>roboflow.ai</database>
	</source>
	<size>
		<width>177</width>
		<height>285</height>
		<depth>3</depth>
	</size>
	<segmented>0</segmented>
	<object>
		<name>WineRed</name>
		<pose>Unspecified</pose>
		<truncated>0</truncated>
		<difficult>0</difficult>
		<occluded>0</occluded>
		<bndbox>
			<xmin>111</xmin>
			<xmax>177</xmax>
			<ymin>15</ymin>
			<ymax>271</ymax>
		</bndbox>
	</object>
	<object>
		<name>WineRed</name>
		<pose>Unspecified</pose>
		<truncated>0</truncated>
		<difficult>0</difficult>
		<occluded>0</occluded>
		<bndbox>
			<xmin>3</xmin>
			<xmax>73</xmax>
			<ymin>14</ymin>
			<ymax>272</ymax>
		</bndbox>
	</object>
	<object>
		<name>WineRed</name>
		<pose>Unspecified</pose>
		<truncated>0</truncated>
		<difficult>0</difficult>
		<occluded>0</occluded>
		<bndbox>
			<xmin>53</xmin>
			<xmax>123</xmax>
			<ymin>5</ymin>
			<ymax>281</ymax>
		</bndbox>
	</object>
</annotation>
