<annotation>
	<folder></folder>
	<filename>images--16-_jpeg.rf.2542cdc40ae2d63a001ff3a63b6f1271.jpg</filename>
	<path>images--16-_jpeg.rf.2542cdc40ae2d63a001ff3a63b6f1271.jpg</path>
	<source>
		<database>roboflow.ai</database>
	</source>
	<size>
		<width>281</width>
		<height>179</height>
		<depth>3</depth>
	</size>
	<segmented>0</segmented>
	<object>
		<name>WineRed</name>
		<pose>Unspecified</pose>
		<truncated>0</truncated>
		<difficult>0</difficult>
		<occluded>0</occluded>
		<bndbox>
			<xmin>32</xmin>
			<xmax>67</xmax>
			<ymin>1</ymin>
			<ymax>130</ymax>
		</bndbox>
	</object>
	<object>
		<name>WineRed</name>
		<pose>Unspecified</pose>
		<truncated>0</truncated>
		<difficult>0</difficult>
		<occluded>0</occluded>
		<bndbox>
			<xmin>225</xmin>
			<xmax>261</xmax>
			<ymin>3</ymin>
			<ymax>136</ymax>
		</bndbox>
	</object>
	<object>
		<name>WineRed</name>
		<pose>Unspecified</pose>
		<truncated>0</truncated>
		<difficult>0</difficult>
		<occluded>0</occluded>
		<bndbox>
			<xmin>244</xmin>
			<xmax>282</xmax>
			<ymin>14</ymin>
			<ymax>159</ymax>
		</bndbox>
	</object>
</annotation>
