<annotation>
	<folder></folder>
	<filename>IMG_5088_JPG.rf.ae1b6266a36ce2b84ea6cde1a056a216.jpg</filename>
	<path>IMG_5088_JPG.rf.ae1b6266a36ce2b84ea6cde1a056a216.jpg</path>
	<source>
		<database>roboflow.ai</database>
	</source>
	<size>
		<width>1024</width>
		<height>768</height>
		<depth>3</depth>
	</size>
	<segmented>0</segmented>
	<object>
		<name>oil</name>
		<pose>Unspecified</pose>
		<truncated>0</truncated>
		<difficult>0</difficult>
		<occluded>0</occluded>
		<bndbox>
			<xmin>656</xmin>
			<xmax>932</xmax>
			<ymin>49</ymin>
			<ymax>696</ymax>
		</bndbox>
	</object>
	<object>
		<name>oil</name>
		<pose>Unspecified</pose>
		<truncated>0</truncated>
		<difficult>0</difficult>
		<occluded>0</occluded>
		<bndbox>
			<xmin>418</xmin>
			<xmax>605</xmax>
			<ymin>72</ymin>
			<ymax>713</ymax>
		</bndbox>
	</object>
	<object>
		<name>oil</name>
		<pose>Unspecified</pose>
		<truncated>0</truncated>
		<difficult>0</difficult>
		<occluded>0</occluded>
		<bndbox>
			<xmin>73</xmin>
			<xmax>269</xmax>
			<ymin>118</ymin>
			<ymax>732</ymax>
		</bndbox>
	</object>
</annotation>
