<annotation>
	<folder></folder>
	<filename>IMG_4977-2_JPG.rf.2bd8f731154a3184e9c0388efb9249e0.jpg</filename>
	<path>IMG_4977-2_JPG.rf.2bd8f731154a3184e9c0388efb9249e0.jpg</path>
	<source>
		<database>roboflow.ai</database>
	</source>
	<size>
		<width>1024</width>
		<height>768</height>
		<depth>3</depth>
	</size>
	<segmented>0</segmented>
	<object>
		<name>OrangeJuice</name>
		<pose>Unspecified</pose>
		<truncated>0</truncated>
		<difficult>0</difficult>
		<occluded>0</occluded>
		<bndbox>
			<xmin>392</xmin>
			<xmax>619</xmax>
			<ymin>77</ymin>
			<ymax>683</ymax>
		</bndbox>
	</object>
</annotation>
