<annotation>
	<folder></folder>
	<filename>IMG_5155_JPG.rf.5b7098002197fa708f3a641acff2d20a.jpg</filename>
	<path>IMG_5155_JPG.rf.5b7098002197fa708f3a641acff2d20a.jpg</path>
	<source>
		<database>roboflow.ai</database>
	</source>
	<size>
		<width>1024</width>
		<height>768</height>
		<depth>3</depth>
	</size>
	<segmented>0</segmented>
	<object>
		<name>OrangeJuice</name>
		<pose>Unspecified</pose>
		<truncated>0</truncated>
		<difficult>0</difficult>
		<occluded>0</occluded>
		<bndbox>
			<xmin>666</xmin>
			<xmax>869</xmax>
			<ymin>85</ymin>
			<ymax>722</ymax>
		</bndbox>
	</object>
	<object>
		<name>OrangeJuice</name>
		<pose>Unspecified</pose>
		<truncated>0</truncated>
		<difficult>0</difficult>
		<occluded>0</occluded>
		<bndbox>
			<xmin>285</xmin>
			<xmax>488</xmax>
			<ymin>170</ymin>
			<ymax>725</ymax>
		</bndbox>
	</object>
</annotation>
