<annotation>
	<folder></folder>
	<filename>IMG_4953-2_JPG.rf.49616ee8757aa73eec27f313980ecbee.jpg</filename>
	<path>IMG_4953-2_JPG.rf.49616ee8757aa73eec27f313980ecbee.jpg</path>
	<source>
		<database>roboflow.ai</database>
	</source>
	<size>
		<width>1024</width>
		<height>768</height>
		<depth>3</depth>
	</size>
	<segmented>0</segmented>
	<object>
		<name>Milk</name>
		<pose>Unspecified</pose>
		<truncated>0</truncated>
		<difficult>0</difficult>
		<occluded>0</occluded>
		<bndbox>
			<xmin>101</xmin>
			<xmax>262</xmax>
			<ymin>127</ymin>
			<ymax>542</ymax>
		</bndbox>
	</object>
	<object>
		<name>Milk</name>
		<pose>Unspecified</pose>
		<truncated>0</truncated>
		<difficult>0</difficult>
		<occluded>0</occluded>
		<bndbox>
			<xmin>441</xmin>
			<xmax>670</xmax>
			<ymin>84</ymin>
			<ymax>587</ymax>
		</bndbox>
	</object>
</annotation>
