<annotation>
	<folder></folder>
	<filename>IMG_4804_JPG.rf.89fc292d845ac5c916088ffd346ad432.jpg</filename>
	<path>IMG_4804_JPG.rf.89fc292d845ac5c916088ffd346ad432.jpg</path>
	<source>
		<database>roboflow.ai</database>
	</source>
	<size>
		<width>1024</width>
		<height>768</height>
		<depth>3</depth>
	</size>
	<segmented>0</segmented>
	<object>
		<name>Water</name>
		<pose>Unspecified</pose>
		<truncated>0</truncated>
		<difficult>0</difficult>
		<occluded>0</occluded>
		<bndbox>
			<xmin>412</xmin>
			<xmax>604</xmax>
			<ymin>47</ymin>
			<ymax>750</ymax>
		</bndbox>
	</object>
</annotation>
