<annotation>
	<folder></folder>
	<filename>IMG_4799_JPG.rf.4a9fc010938e800c27a23f69f123e403.jpg</filename>
	<path>IMG_4799_JPG.rf.4a9fc010938e800c27a23f69f123e403.jpg</path>
	<source>
		<database>roboflow.ai</database>
	</source>
	<size>
		<width>1024</width>
		<height>768</height>
		<depth>3</depth>
	</size>
	<segmented>0</segmented>
	<object>
		<name>Water</name>
		<pose>Unspecified</pose>
		<truncated>0</truncated>
		<difficult>0</difficult>
		<occluded>0</occluded>
		<bndbox>
			<xmin>483</xmin>
			<xmax>662</xmax>
			<ymin>48</ymin>
			<ymax>725</ymax>
		</bndbox>
	</object>
</annotation>
