<annotation>
	<folder></folder>
	<filename>IMG_5161_JPG.rf.117c1521fb8d2b1b3567d50edad0948e.jpg</filename>
	<path>IMG_5161_JPG.rf.117c1521fb8d2b1b3567d50edad0948e.jpg</path>
	<source>
		<database>roboflow.ai</database>
	</source>
	<size>
		<width>1024</width>
		<height>768</height>
		<depth>3</depth>
	</size>
	<segmented>0</segmented>
	<object>
		<name>OrangeJuice</name>
		<pose>Unspecified</pose>
		<truncated>0</truncated>
		<difficult>0</difficult>
		<occluded>0</occluded>
		<bndbox>
			<xmin>561</xmin>
			<xmax>804</xmax>
			<ymin>1</ymin>
			<ymax>697</ymax>
		</bndbox>
	</object>
	<object>
		<name>OrangeJuice</name>
		<pose>Unspecified</pose>
		<truncated>0</truncated>
		<difficult>0</difficult>
		<occluded>0</occluded>
		<bndbox>
			<xmin>294</xmin>
			<xmax>475</xmax>
			<ymin>194</ymin>
			<ymax>647</ymax>
		</bndbox>
	</object>
</annotation>
