<annotation>
	<folder></folder>
	<filename>IMG_4764_JPG.rf.4d707d5ccdc3c002943122f51ce53fde.jpg</filename>
	<path>IMG_4764_JPG.rf.4d707d5ccdc3c002943122f51ce53fde.jpg</path>
	<source>
		<database>roboflow.ai</database>
	</source>
	<size>
		<width>1024</width>
		<height>768</height>
		<depth>3</depth>
	</size>
	<segmented>0</segmented>
	<object>
		<name>Beer</name>
		<pose>Unspecified</pose>
		<truncated>0</truncated>
		<difficult>0</difficult>
		<occluded>0</occluded>
		<bndbox>
			<xmin>477</xmin>
			<xmax>603</xmax>
			<ymin>63</ymin>
			<ymax>542</ymax>
		</bndbox>
	</object>
	<object>
		<name>Beer</name>
		<pose>Unspecified</pose>
		<truncated>0</truncated>
		<difficult>0</difficult>
		<occluded>0</occluded>
		<bndbox>
			<xmin>206</xmin>
			<xmax>380</xmax>
			<ymin>24</ymin>
			<ymax>626</ymax>
		</bndbox>
	</object>
	<object>
		<name>Beer</name>
		<pose>Unspecified</pose>
		<truncated>0</truncated>
		<difficult>0</difficult>
		<occluded>0</occluded>
		<bndbox>
			<xmin>649</xmin>
			<xmax>832</xmax>
			<ymin>148</ymin>
			<ymax>655</ymax>
		</bndbox>
	</object>
</annotation>
