<annotation>
	<folder></folder>
	<filename>IMG_4918-2_JPG.rf.50f9be5d267ace2b38c965ff3e693b87.jpg</filename>
	<path>IMG_4918-2_JPG.rf.50f9be5d267ace2b38c965ff3e693b87.jpg</path>
	<source>
		<database>roboflow.ai</database>
	</source>
	<size>
		<width>1024</width>
		<height>768</height>
		<depth>3</depth>
	</size>
	<segmented>0</segmented>
	<object>
		<name>BeerCan</name>
		<pose>Unspecified</pose>
		<truncated>0</truncated>
		<difficult>0</difficult>
		<occluded>0</occluded>
		<bndbox>
			<xmin>290</xmin>
			<xmax>452</xmax>
			<ymin>120</ymin>
			<ymax>543</ymax>
		</bndbox>
	</object>
	<object>
		<name>BeerCan</name>
		<pose>Unspecified</pose>
		<truncated>0</truncated>
		<difficult>0</difficult>
		<occluded>0</occluded>
		<bndbox>
			<xmin>655</xmin>
			<xmax>824</xmax>
			<ymin>127</ymin>
			<ymax>551</ymax>
		</bndbox>
	</object>
</annotation>
