<annotation>
	<folder></folder>
	<filename>IMG_4912-2_JPG.rf.6641a3d2952072a971b13aefb8b2026a.jpg</filename>
	<path>IMG_4912-2_JPG.rf.6641a3d2952072a971b13aefb8b2026a.jpg</path>
	<source>
		<database>roboflow.ai</database>
	</source>
	<size>
		<width>1024</width>
		<height>768</height>
		<depth>3</depth>
	</size>
	<segmented>0</segmented>
	<object>
		<name>BeerCan</name>
		<pose>Unspecified</pose>
		<truncated>0</truncated>
		<difficult>0</difficult>
		<occluded>0</occluded>
		<bndbox>
			<xmin>235</xmin>
			<xmax>428</xmax>
			<ymin>130</ymin>
			<ymax>646</ymax>
		</bndbox>
	</object>
	<object>
		<name>BeerCan</name>
		<pose>Unspecified</pose>
		<truncated>0</truncated>
		<difficult>0</difficult>
		<occluded>0</occluded>
		<bndbox>
			<xmin>642</xmin>
			<xmax>899</xmax>
			<ymin>71</ymin>
			<ymax>730</ymax>
		</bndbox>
	</object>
</annotation>
