<annotation>
	<folder></folder>
	<filename>IMG_4775_JPG.rf.8fc6a134da5c2d0a7b39205ca038c560.jpg</filename>
	<path>IMG_4775_JPG.rf.8fc6a134da5c2d0a7b39205ca038c560.jpg</path>
	<source>
		<database>roboflow.ai</database>
	</source>
	<size>
		<width>1024</width>
		<height>768</height>
		<depth>3</depth>
	</size>
	<segmented>0</segmented>
	<object>
		<name>Beer</name>
		<pose>Unspecified</pose>
		<truncated>0</truncated>
		<difficult>0</difficult>
		<occluded>0</occluded>
		<bndbox>
			<xmin>382</xmin>
			<xmax>470</xmax>
			<ymin>172</ymin>
			<ymax>517</ymax>
		</bndbox>
	</object>
	<object>
		<name>Beer</name>
		<pose>Unspecified</pose>
		<truncated>0</truncated>
		<difficult>0</difficult>
		<occluded>0</occluded>
		<bndbox>
			<xmin>652</xmin>
			<xmax>748</xmax>
			<ymin>198</ymin>
			<ymax>529</ymax>
		</bndbox>
	</object>
	<object>
		<name>Beer</name>
		<pose>Unspecified</pose>
		<truncated>0</truncated>
		<difficult>0</difficult>
		<occluded>0</occluded>
		<bndbox>
			<xmin>243</xmin>
			<xmax>383</xmax>
			<ymin>236</ymin>
			<ymax>669</ymax>
		</bndbox>
	</object>
</annotation>
