<annotation>
	<folder></folder>
	<filename>IMG_4936-2_JPG.rf.94819f913b54c43b37b88a04423e7f53.jpg</filename>
	<path>IMG_4936-2_JPG.rf.94819f913b54c43b37b88a04423e7f53.jpg</path>
	<source>
		<database>roboflow.ai</database>
	</source>
	<size>
		<width>1024</width>
		<height>768</height>
		<depth>3</depth>
	</size>
	<segmented>0</segmented>
	<object>
		<name>Milk</name>
		<pose>Unspecified</pose>
		<truncated>0</truncated>
		<difficult>0</difficult>
		<occluded>0</occluded>
		<bndbox>
			<xmin>684</xmin>
			<xmax>881</xmax>
			<ymin>18</ymin>
			<ymax>599</ymax>
		</bndbox>
	</object>
	<object>
		<name>Milk</name>
		<pose>Unspecified</pose>
		<truncated>0</truncated>
		<difficult>0</difficult>
		<occluded>0</occluded>
		<bndbox>
			<xmin>323</xmin>
			<xmax>584</xmax>
			<ymin>41</ymin>
			<ymax>723</ymax>
		</bndbox>
	</object>
</annotation>
