<annotation>
	<folder></folder>
	<filename>IMG_4981-2_JPG.rf.348d9a37be5e6b79f1ce15c0edaf317b.jpg</filename>
	<path>IMG_4981-2_JPG.rf.348d9a37be5e6b79f1ce15c0edaf317b.jpg</path>
	<source>
		<database>roboflow.ai</database>
	</source>
	<size>
		<width>1024</width>
		<height>768</height>
		<depth>3</depth>
	</size>
	<segmented>0</segmented>
	<object>
		<name>OrangeJuice</name>
		<pose>Unspecified</pose>
		<truncated>0</truncated>
		<difficult>0</difficult>
		<occluded>0</occluded>
		<bndbox>
			<xmin>348</xmin>
			<xmax>609</xmax>
			<ymin>23</ymin>
			<ymax>729</ymax>
		</bndbox>
	</object>
</annotation>
