<annotation>
	<folder></folder>
	<filename>IMG_4792_JPG.rf.1886d4207c84184f2623876374943477.jpg</filename>
	<path>IMG_4792_JPG.rf.1886d4207c84184f2623876374943477.jpg</path>
	<source>
		<database>roboflow.ai</database>
	</source>
	<size>
		<width>1024</width>
		<height>768</height>
		<depth>3</depth>
	</size>
	<segmented>0</segmented>
	<object>
		<name>Water</name>
		<pose>Unspecified</pose>
		<truncated>0</truncated>
		<difficult>0</difficult>
		<occluded>0</occluded>
		<bndbox>
			<xmin>347</xmin>
			<xmax>532</xmax>
			<ymin>27</ymin>
			<ymax>737</ymax>
		</bndbox>
	</object>
</annotation>
