<annotation>
	<folder></folder>
	<filename>IMG_5156_JPG.rf.2e78c05fef7a8769216f281acd2547f8.jpg</filename>
	<path>IMG_5156_JPG.rf.2e78c05fef7a8769216f281acd2547f8.jpg</path>
	<source>
		<database>roboflow.ai</database>
	</source>
	<size>
		<width>1024</width>
		<height>768</height>
		<depth>3</depth>
	</size>
	<segmented>0</segmented>
	<object>
		<name>OrangeJuice</name>
		<pose>Unspecified</pose>
		<truncated>0</truncated>
		<difficult>0</difficult>
		<occluded>0</occluded>
		<bndbox>
			<xmin>705</xmin>
			<xmax>885</xmax>
			<ymin>154</ymin>
			<ymax>672</ymax>
		</bndbox>
	</object>
	<object>
		<name>OrangeJuice</name>
		<pose>Unspecified</pose>
		<truncated>0</truncated>
		<difficult>0</difficult>
		<occluded>0</occluded>
		<bndbox>
			<xmin>185</xmin>
			<xmax>365</xmax>
			<ymin>216</ymin>
			<ymax>678</ymax>
		</bndbox>
	</object>
</annotation>
