<annotation>
	<folder></folder>
	<filename>IMG_5189_JPG.rf.7a31dfde7b7d778366d21fb862c0cad1.jpg</filename>
	<path>IMG_5189_JPG.rf.7a31dfde7b7d778366d21fb862c0cad1.jpg</path>
	<source>
		<database>roboflow.ai</database>
	</source>
	<size>
		<width>1024</width>
		<height>768</height>
		<depth>3</depth>
	</size>
	<segmented>0</segmented>
	<object>
		<name>Water</name>
		<pose>Unspecified</pose>
		<truncated>0</truncated>
		<difficult>0</difficult>
		<occluded>0</occluded>
		<bndbox>
			<xmin>76</xmin>
			<xmax>263</xmax>
			<ymin>25</ymin>
			<ymax>686</ymax>
		</bndbox>
	</object>
	<object>
		<name>Water</name>
		<pose>Unspecified</pose>
		<truncated>0</truncated>
		<difficult>0</difficult>
		<occluded>0</occluded>
		<bndbox>
			<xmin>310</xmin>
			<xmax>477</xmax>
			<ymin>39</ymin>
			<ymax>683</ymax>
		</bndbox>
	</object>
	<object>
		<name>Water</name>
		<pose>Unspecified</pose>
		<truncated>0</truncated>
		<difficult>0</difficult>
		<occluded>0</occluded>
		<bndbox>
			<xmin>539</xmin>
			<xmax>700</xmax>
			<ymin>48</ymin>
			<ymax>682</ymax>
		</bndbox>
	</object>
	<object>
		<name>Water</name>
		<pose>Unspecified</pose>
		<truncated>0</truncated>
		<difficult>0</difficult>
		<occluded>0</occluded>
		<bndbox>
			<xmin>782</xmin>
			<xmax>968</xmax>
			<ymin>37</ymin>
			<ymax>696</ymax>
		</bndbox>
	</object>
</annotation>
