<annotation>
	<folder></folder>
	<filename>IMG_4999_JPG.rf.de4d8b85fa537d993c3debf02fe50622.jpg</filename>
	<path>IMG_4999_JPG.rf.de4d8b85fa537d993c3debf02fe50622.jpg</path>
	<source>
		<database>roboflow.ai</database>
	</source>
	<size>
		<width>1024</width>
		<height>768</height>
		<depth>3</depth>
	</size>
	<segmented>0</segmented>
	<object>
		<name>WineWhite</name>
		<pose>Unspecified</pose>
		<truncated>0</truncated>
		<difficult>0</difficult>
		<occluded>0</occluded>
		<bndbox>
			<xmin>317</xmin>
			<xmax>511</xmax>
			<ymin>65</ymin>
			<ymax>769</ymax>
		</bndbox>
	</object>
	<object>
		<name>WineWhite</name>
		<pose>Unspecified</pose>
		<truncated>0</truncated>
		<difficult>0</difficult>
		<occluded>0</occluded>
		<bndbox>
			<xmin>642</xmin>
			<xmax>856</xmax>
			<ymin>100</ymin>
			<ymax>743</ymax>
		</bndbox>
	</object>
	<object>
		<name>WineWhite</name>
		<pose>Unspecified</pose>
		<truncated>0</truncated>
		<difficult>0</difficult>
		<occluded>0</occluded>
		<bndbox>
			<xmin>1</xmin>
			<xmax>171</xmax>
			<ymin>138</ymin>
			<ymax>763</ymax>
		</bndbox>
	</object>
</annotation>
