<annotation>
	<folder></folder>
	<filename>IMG_4874_JPG.rf.dfb6d797bd5fab84d4f5cb4d3c1e6f03.jpg</filename>
	<path>IMG_4874_JPG.rf.dfb6d797bd5fab84d4f5cb4d3c1e6f03.jpg</path>
	<source>
		<database>roboflow.ai</database>
	</source>
	<size>
		<width>1024</width>
		<height>768</height>
		<depth>3</depth>
	</size>
	<segmented>0</segmented>
	<object>
		<name>Beer</name>
		<pose>Unspecified</pose>
		<truncated>0</truncated>
		<difficult>0</difficult>
		<occluded>0</occluded>
		<bndbox>
			<xmin>236</xmin>
			<xmax>435</xmax>
			<ymin>113</ymin>
			<ymax>713</ymax>
		</bndbox>
	</object>
	<object>
		<name>Beer</name>
		<pose>Unspecified</pose>
		<truncated>0</truncated>
		<difficult>0</difficult>
		<occluded>0</occluded>
		<bndbox>
			<xmin>668</xmin>
			<xmax>872</xmax>
			<ymin>113</ymin>
			<ymax>720</ymax>
		</bndbox>
	</object>
</annotation>
