<annotation>
	<folder></folder>
	<filename>IMG_5047_JPG.rf.6d47f3d964ef3c1577245b7627b2b9a9.jpg</filename>
	<path>IMG_5047_JPG.rf.6d47f3d964ef3c1577245b7627b2b9a9.jpg</path>
	<source>
		<database>roboflow.ai</database>
	</source>
	<size>
		<width>1024</width>
		<height>768</height>
		<depth>3</depth>
	</size>
	<segmented>0</segmented>
	<object>
		<name>WineWhite</name>
		<pose>Unspecified</pose>
		<truncated>0</truncated>
		<difficult>0</difficult>
		<occluded>0</occluded>
		<bndbox>
			<xmin>327</xmin>
			<xmax>454</xmax>
			<ymin>75</ymin>
			<ymax>613</ymax>
		</bndbox>
	</object>
	<object>
		<name>WineWhite</name>
		<pose>Unspecified</pose>
		<truncated>0</truncated>
		<difficult>0</difficult>
		<occluded>0</occluded>
		<bndbox>
			<xmin>627</xmin>
			<xmax>760</xmax>
			<ymin>114</ymin>
			<ymax>610</ymax>
		</bndbox>
	</object>
	<object>
		<name>WineWhite</name>
		<pose>Unspecified</pose>
		<truncated>0</truncated>
		<difficult>0</difficult>
		<occluded>0</occluded>
		<bndbox>
			<xmin>132</xmin>
			<xmax>271</xmax>
			<ymin>123</ymin>
			<ymax>613</ymax>
		</bndbox>
	</object>
	<object>
		<name>WineWhite</name>
		<pose>Unspecified</pose>
		<truncated>0</truncated>
		<difficult>0</difficult>
		<occluded>0</occluded>
		<bndbox>
			<xmin>755</xmin>
			<xmax>884</xmax>
			<ymin>140</ymin>
			<ymax>616</ymax>
		</bndbox>
	</object>
</annotation>
