<annotation>
	<folder></folder>
	<filename>IMG_4938-2_JPG.rf.89658c22ce23374c3dcf7ac9338c28f8.jpg</filename>
	<path>IMG_4938-2_JPG.rf.89658c22ce23374c3dcf7ac9338c28f8.jpg</path>
	<source>
		<database>roboflow.ai</database>
	</source>
	<size>
		<width>1024</width>
		<height>768</height>
		<depth>3</depth>
	</size>
	<segmented>0</segmented>
	<object>
		<name>Milk</name>
		<pose>Unspecified</pose>
		<truncated>0</truncated>
		<difficult>0</difficult>
		<occluded>0</occluded>
		<bndbox>
			<xmin>364</xmin>
			<xmax>535</xmax>
			<ymin>97</ymin>
			<ymax>583</ymax>
		</bndbox>
	</object>
	<object>
		<name>Milk</name>
		<pose>Unspecified</pose>
		<truncated>0</truncated>
		<difficult>0</difficult>
		<occluded>0</occluded>
		<bndbox>
			<xmin>571</xmin>
			<xmax>800</xmax>
			<ymin>80</ymin>
			<ymax>724</ymax>
		</bndbox>
	</object>
</annotation>
