<annotation>
	<folder></folder>
	<filename>IMG_5003_JPG.rf.27a7ecaa200fa2756d2aa29a70593d31.jpg</filename>
	<path>IMG_5003_JPG.rf.27a7ecaa200fa2756d2aa29a70593d31.jpg</path>
	<source>
		<database>roboflow.ai</database>
	</source>
	<size>
		<width>1024</width>
		<height>768</height>
		<depth>3</depth>
	</size>
	<segmented>0</segmented>
	<object>
		<name>WineWhite</name>
		<pose>Unspecified</pose>
		<truncated>0</truncated>
		<difficult>0</difficult>
		<occluded>0</occluded>
		<bndbox>
			<xmin>187</xmin>
			<xmax>400</xmax>
			<ymin>1</ymin>
			<ymax>695</ymax>
		</bndbox>
	</object>
	<object>
		<name>WineWhite</name>
		<pose>Unspecified</pose>
		<truncated>0</truncated>
		<difficult>0</difficult>
		<occluded>0</occluded>
		<bndbox>
			<xmin>620</xmin>
			<xmax>802</xmax>
			<ymin>26</ymin>
			<ymax>688</ymax>
		</bndbox>
	</object>
	<object>
		<name>WineWhite</name>
		<pose>Unspecified</pose>
		<truncated>0</truncated>
		<difficult>0</difficult>
		<occluded>0</occluded>
		<bndbox>
			<xmin>402</xmin>
			<xmax>552</xmax>
			<ymin>92</ymin>
			<ymax>650</ymax>
		</bndbox>
	</object>
</annotation>
