<annotation>
	<folder></folder>
	<filename>IMG_4842_JPG.rf.b38fa07a03f03e3739a612cc806ea4b9.jpg</filename>
	<path>IMG_4842_JPG.rf.b38fa07a03f03e3739a612cc806ea4b9.jpg</path>
	<source>
		<database>roboflow.ai</database>
	</source>
	<size>
		<width>1024</width>
		<height>768</height>
		<depth>3</depth>
	</size>
	<segmented>0</segmented>
	<object>
		<name>WineRed</name>
		<pose>Unspecified</pose>
		<truncated>0</truncated>
		<difficult>0</difficult>
		<occluded>0</occluded>
		<bndbox>
			<xmin>548</xmin>
			<xmax>681</xmax>
			<ymin>17</ymin>
			<ymax>494</ymax>
		</bndbox>
	</object>
	<object>
		<name>WineRed</name>
		<pose>Unspecified</pose>
		<truncated>0</truncated>
		<difficult>0</difficult>
		<occluded>0</occluded>
		<bndbox>
			<xmin>362</xmin>
			<xmax>475</xmax>
			<ymin>75</ymin>
			<ymax>478</ymax>
		</bndbox>
	</object>
</annotation>
