<annotation>
	<folder></folder>
	<filename>IMG_5163_JPG.rf.d2b35f812607badb38dfcb577a98ae82.jpg</filename>
	<path>IMG_5163_JPG.rf.d2b35f812607badb38dfcb577a98ae82.jpg</path>
	<source>
		<database>roboflow.ai</database>
	</source>
	<size>
		<width>1024</width>
		<height>768</height>
		<depth>3</depth>
	</size>
	<segmented>0</segmented>
	<object>
		<name>OrangeJuice</name>
		<pose>Unspecified</pose>
		<truncated>0</truncated>
		<difficult>0</difficult>
		<occluded>0</occluded>
		<bndbox>
			<xmin>464</xmin>
			<xmax>642</xmax>
			<ymin>86</ymin>
			<ymax>606</ymax>
		</bndbox>
	</object>
	<object>
		<name>OrangeJuice</name>
		<pose>Unspecified</pose>
		<truncated>0</truncated>
		<difficult>0</difficult>
		<occluded>0</occluded>
		<bndbox>
			<xmin>175</xmin>
			<xmax>450</xmax>
			<ymin>35</ymin>
			<ymax>746</ymax>
		</bndbox>
	</object>
</annotation>
