<annotation>
	<folder></folder>
	<filename>IMG_4971-2_JPG.rf.03d69b7c3c1e3a82cfbf713ed3e5d8f3.jpg</filename>
	<path>IMG_4971-2_JPG.rf.03d69b7c3c1e3a82cfbf713ed3e5d8f3.jpg</path>
	<source>
		<database>roboflow.ai</database>
	</source>
	<size>
		<width>1024</width>
		<height>768</height>
		<depth>3</depth>
	</size>
	<segmented>0</segmented>
	<object>
		<name>OrangeJuice</name>
		<pose>Unspecified</pose>
		<truncated>0</truncated>
		<difficult>0</difficult>
		<occluded>0</occluded>
		<bndbox>
			<xmin>526</xmin>
			<xmax>747</xmax>
			<ymin>111</ymin>
			<ymax>673</ymax>
		</bndbox>
	</object>
</annotation>
