<annotation>
	<folder></folder>
	<filename>IMG_4780_JPG.rf.35554279b2b1be406dc1802211c3d162.jpg</filename>
	<path>IMG_4780_JPG.rf.35554279b2b1be406dc1802211c3d162.jpg</path>
	<source>
		<database>roboflow.ai</database>
	</source>
	<size>
		<width>1024</width>
		<height>768</height>
		<depth>3</depth>
	</size>
	<segmented>0</segmented>
	<object>
		<name>Beer</name>
		<pose>Unspecified</pose>
		<truncated>0</truncated>
		<difficult>0</difficult>
		<occluded>0</occluded>
		<bndbox>
			<xmin>564</xmin>
			<xmax>721</xmax>
			<ymin>29</ymin>
			<ymax>622</ymax>
		</bndbox>
	</object>
	<object>
		<name>Beer</name>
		<pose>Unspecified</pose>
		<truncated>0</truncated>
		<difficult>0</difficult>
		<occluded>0</occluded>
		<bndbox>
			<xmin>254</xmin>
			<xmax>479</xmax>
			<ymin>5</ymin>
			<ymax>703</ymax>
		</bndbox>
	</object>
	<object>
		<name>Beer</name>
		<pose>Unspecified</pose>
		<truncated>0</truncated>
		<difficult>0</difficult>
		<occluded>0</occluded>
		<bndbox>
			<xmin>740</xmin>
			<xmax>860</xmax>
			<ymin>161</ymin>
			<ymax>572</ymax>
		</bndbox>
	</object>
</annotation>
