<annotation>
	<folder></folder>
	<filename>IMG_4786_JPG.rf.742e64d5381e686a70390994c216c3fb.jpg</filename>
	<path>IMG_4786_JPG.rf.742e64d5381e686a70390994c216c3fb.jpg</path>
	<source>
		<database>roboflow.ai</database>
	</source>
	<size>
		<width>1024</width>
		<height>768</height>
		<depth>3</depth>
	</size>
	<segmented>0</segmented>
	<object>
		<name>Water</name>
		<pose>Unspecified</pose>
		<truncated>0</truncated>
		<difficult>0</difficult>
		<occluded>0</occluded>
		<bndbox>
			<xmin>455</xmin>
			<xmax>606</xmax>
			<ymin>82</ymin>
			<ymax>665</ymax>
		</bndbox>
	</object>
</annotation>
