<annotation>
	<folder></folder>
	<filename>IMG_4811_JPG.rf.c946a070287c1c920f35b50a3c5d2eec.jpg</filename>
	<path>IMG_4811_JPG.rf.c946a070287c1c920f35b50a3c5d2eec.jpg</path>
	<source>
		<database>roboflow.ai</database>
	</source>
	<size>
		<width>1024</width>
		<height>768</height>
		<depth>3</depth>
	</size>
	<segmented>0</segmented>
	<object>
		<name>Soap</name>
		<pose>Unspecified</pose>
		<truncated>0</truncated>
		<difficult>0</difficult>
		<occluded>0</occluded>
		<bndbox>
			<xmin>408</xmin>
			<xmax>605</xmax>
			<ymin>29</ymin>
			<ymax>740</ymax>
		</bndbox>
	</object>
</annotation>
