<annotation>
	<folder></folder>
	<filename>IMG_5198_JPG.rf.5e3ad7109a330ac28646087531523ee6.jpg</filename>
	<path>IMG_5198_JPG.rf.5e3ad7109a330ac28646087531523ee6.jpg</path>
	<source>
		<database>roboflow.ai</database>
	</source>
	<size>
		<width>1024</width>
		<height>768</height>
		<depth>3</depth>
	</size>
	<segmented>0</segmented>
	<object>
		<name>Soap</name>
		<pose>Unspecified</pose>
		<truncated>0</truncated>
		<difficult>0</difficult>
		<occluded>0</occluded>
		<bndbox>
			<xmin>316</xmin>
			<xmax>485</xmax>
			<ymin>75</ymin>
			<ymax>679</ymax>
		</bndbox>
	</object>
	<object>
		<name>Soap</name>
		<pose>Unspecified</pose>
		<truncated>0</truncated>
		<difficult>0</difficult>
		<occluded>0</occluded>
		<bndbox>
			<xmin>576</xmin>
			<xmax>769</xmax>
			<ymin>55</ymin>
			<ymax>722</ymax>
		</bndbox>
	</object>
</annotation>
