<annotation>
	<folder></folder>
	<filename>IMG_4883_JPG.rf.fe360aa4ab56929667f9c07a119f9964.jpg</filename>
	<path>IMG_4883_JPG.rf.fe360aa4ab56929667f9c07a119f9964.jpg</path>
	<source>
		<database>roboflow.ai</database>
	</source>
	<size>
		<width>1024</width>
		<height>768</height>
		<depth>3</depth>
	</size>
	<segmented>0</segmented>
	<object>
		<name>WineRed</name>
		<pose>Unspecified</pose>
		<truncated>0</truncated>
		<difficult>0</difficult>
		<occluded>0</occluded>
		<bndbox>
			<xmin>510</xmin>
			<xmax>676</xmax>
			<ymin>4</ymin>
			<ymax>749</ymax>
		</bndbox>
	</object>
</annotation>
