<annotation>
	<folder></folder>
	<filename>IMG_4979-2_JPG.rf.b902735c3df6b05e06f3d1719eb60991.jpg</filename>
	<path>IMG_4979-2_JPG.rf.b902735c3df6b05e06f3d1719eb60991.jpg</path>
	<source>
		<database>roboflow.ai</database>
	</source>
	<size>
		<width>1024</width>
		<height>768</height>
		<depth>3</depth>
	</size>
	<segmented>0</segmented>
	<object>
		<name>OrangeJuice</name>
		<pose>Unspecified</pose>
		<truncated>0</truncated>
		<difficult>0</difficult>
		<occluded>0</occluded>
		<bndbox>
			<xmin>167</xmin>
			<xmax>466</xmax>
			<ymin>59</ymin>
			<ymax>769</ymax>
		</bndbox>
	</object>
</annotation>
