<annotation>
	<folder></folder>
	<filename>IMG_4830_JPG.rf.a583e4018d3025279deb507a0bca66aa.jpg</filename>
	<path>IMG_4830_JPG.rf.a583e4018d3025279deb507a0bca66aa.jpg</path>
	<source>
		<database>roboflow.ai</database>
	</source>
	<size>
		<width>1024</width>
		<height>768</height>
		<depth>3</depth>
	</size>
	<segmented>0</segmented>
	<object>
		<name>WineRed</name>
		<pose>Unspecified</pose>
		<truncated>0</truncated>
		<difficult>0</difficult>
		<occluded>0</occluded>
		<bndbox>
			<xmin>568</xmin>
			<xmax>741</xmax>
			<ymin>22</ymin>
			<ymax>676</ymax>
		</bndbox>
	</object>
	<object>
		<name>WineRed</name>
		<pose>Unspecified</pose>
		<truncated>0</truncated>
		<difficult>0</difficult>
		<occluded>0</occluded>
		<bndbox>
			<xmin>241</xmin>
			<xmax>401</xmax>
			<ymin>57</ymin>
			<ymax>660</ymax>
		</bndbox>
	</object>
</annotation>
