<annotation>
	<folder></folder>
	<filename>IMG_4878_JPG.rf.25a8b76c9636e29fab8da8faf73bbbd6.jpg</filename>
	<path>IMG_4878_JPG.rf.25a8b76c9636e29fab8da8faf73bbbd6.jpg</path>
	<source>
		<database>roboflow.ai</database>
	</source>
	<size>
		<width>1024</width>
		<height>768</height>
		<depth>3</depth>
	</size>
	<segmented>0</segmented>
	<object>
		<name>Water</name>
		<pose>Unspecified</pose>
		<truncated>0</truncated>
		<difficult>0</difficult>
		<occluded>0</occluded>
		<bndbox>
			<xmin>719</xmin>
			<xmax>944</xmax>
			<ymin>7</ymin>
			<ymax>705</ymax>
		</bndbox>
	</object>
	<object>
		<name>WineRed</name>
		<pose>Unspecified</pose>
		<truncated>0</truncated>
		<difficult>0</difficult>
		<occluded>0</occluded>
		<bndbox>
			<xmin>476</xmin>
			<xmax>660</xmax>
			<ymin>1</ymin>
			<ymax>733</ymax>
		</bndbox>
	</object>
	<object>
		<name>WineWhite</name>
		<pose>Unspecified</pose>
		<truncated>0</truncated>
		<difficult>0</difficult>
		<occluded>0</occluded>
		<bndbox>
			<xmin>888</xmin>
			<xmax>1025</xmax>
			<ymin>195</ymin>
			<ymax>619</ymax>
		</bndbox>
	</object>
	<object>
		<name>Shampoo</name>
		<pose>Unspecified</pose>
		<truncated>0</truncated>
		<difficult>0</difficult>
		<occluded>0</occluded>
		<bndbox>
			<xmin>349</xmin>
			<xmax>462</xmax>
			<ymin>381</ymin>
			<ymax>672</ymax>
		</bndbox>
	</object>
</annotation>
