<annotation>
	<folder></folder>
	<filename>IMG_4758_JPG.rf.11daa2bf32fce1bc1e011ad824be2cba.jpg</filename>
	<path>IMG_4758_JPG.rf.11daa2bf32fce1bc1e011ad824be2cba.jpg</path>
	<source>
		<database>roboflow.ai</database>
	</source>
	<size>
		<width>1024</width>
		<height>768</height>
		<depth>3</depth>
	</size>
	<segmented>0</segmented>
	<object>
		<name>Milk</name>
		<pose>Unspecified</pose>
		<truncated>0</truncated>
		<difficult>0</difficult>
		<occluded>0</occluded>
		<bndbox>
			<xmin>573</xmin>
			<xmax>712</xmax>
			<ymin>186</ymin>
			<ymax>588</ymax>
		</bndbox>
	</object>
	<object>
		<name>Milk</name>
		<pose>Unspecified</pose>
		<truncated>0</truncated>
		<difficult>0</difficult>
		<occluded>0</occluded>
		<bndbox>
			<xmin>279</xmin>
			<xmax>453</xmax>
			<ymin>180</ymin>
			<ymax>709</ymax>
		</bndbox>
	</object>
</annotation>
