<annotation>
	<folder></folder>
	<filename>IMG_4797_JPG.rf.13815ceda14c0c7e913b80c51f8b0100.jpg</filename>
	<path>IMG_4797_JPG.rf.13815ceda14c0c7e913b80c51f8b0100.jpg</path>
	<source>
		<database>roboflow.ai</database>
	</source>
	<size>
		<width>1024</width>
		<height>768</height>
		<depth>3</depth>
	</size>
	<segmented>0</segmented>
	<object>
		<name>Water</name>
		<pose>Unspecified</pose>
		<truncated>0</truncated>
		<difficult>0</difficult>
		<occluded>0</occluded>
		<bndbox>
			<xmin>513</xmin>
			<xmax>691</xmax>
			<ymin>62</ymin>
			<ymax>739</ymax>
		</bndbox>
	</object>
</annotation>
