<annotation>
	<folder></folder>
	<filename>IMG_5175_JPG.rf.6288a18f26f5971844568ad567ceb654.jpg</filename>
	<path>IMG_5175_JPG.rf.6288a18f26f5971844568ad567ceb654.jpg</path>
	<source>
		<database>roboflow.ai</database>
	</source>
	<size>
		<width>1024</width>
		<height>768</height>
		<depth>3</depth>
	</size>
	<segmented>0</segmented>
	<object>
		<name>OrangeJuice</name>
		<pose>Unspecified</pose>
		<truncated>0</truncated>
		<difficult>0</difficult>
		<occluded>0</occluded>
		<bndbox>
			<xmin>228</xmin>
			<xmax>449</xmax>
			<ymin>33</ymin>
			<ymax>735</ymax>
		</bndbox>
	</object>
	<object>
		<name>OrangeJuice</name>
		<pose>Unspecified</pose>
		<truncated>0</truncated>
		<difficult>0</difficult>
		<occluded>0</occluded>
		<bndbox>
			<xmin>798</xmin>
			<xmax>989</xmax>
			<ymin>219</ymin>
			<ymax>687</ymax>
		</bndbox>
	</object>
</annotation>
