<annotation>
	<folder></folder>
	<filename>IMG_4946-2_JPG.rf.3d587006178de6ff223393da5210e689.jpg</filename>
	<path>IMG_4946-2_JPG.rf.3d587006178de6ff223393da5210e689.jpg</path>
	<source>
		<database>roboflow.ai</database>
	</source>
	<size>
		<width>1024</width>
		<height>768</height>
		<depth>3</depth>
	</size>
	<segmented>0</segmented>
	<object>
		<name>Milk</name>
		<pose>Unspecified</pose>
		<truncated>0</truncated>
		<difficult>0</difficult>
		<occluded>0</occluded>
		<bndbox>
			<xmin>574</xmin>
			<xmax>782</xmax>
			<ymin>176</ymin>
			<ymax>697</ymax>
		</bndbox>
	</object>
	<object>
		<name>Milk</name>
		<pose>Unspecified</pose>
		<truncated>0</truncated>
		<difficult>0</difficult>
		<occluded>0</occluded>
		<bndbox>
			<xmin>178</xmin>
			<xmax>509</xmax>
			<ymin>106</ymin>
			<ymax>768</ymax>
		</bndbox>
	</object>
</annotation>
