<annotation>
	<folder></folder>
	<filename>IMG_5213_JPG.rf.3ebe548e3e28b2c95014be24184b40f2.jpg</filename>
	<path>IMG_5213_JPG.rf.3ebe548e3e28b2c95014be24184b40f2.jpg</path>
	<source>
		<database>roboflow.ai</database>
	</source>
	<size>
		<width>1024</width>
		<height>768</height>
		<depth>3</depth>
	</size>
	<segmented>0</segmented>
	<object>
		<name>Soap</name>
		<pose>Unspecified</pose>
		<truncated>0</truncated>
		<difficult>0</difficult>
		<occluded>0</occluded>
		<bndbox>
			<xmin>689</xmin>
			<xmax>840</xmax>
			<ymin>71</ymin>
			<ymax>530</ymax>
		</bndbox>
	</object>
	<object>
		<name>Soap</name>
		<pose>Unspecified</pose>
		<truncated>0</truncated>
		<difficult>0</difficult>
		<occluded>0</occluded>
		<bndbox>
			<xmin>539</xmin>
			<xmax>690</xmax>
			<ymin>73</ymin>
			<ymax>534</ymax>
		</bndbox>
	</object>
	<object>
		<name>Soap</name>
		<pose>Unspecified</pose>
		<truncated>0</truncated>
		<difficult>0</difficult>
		<occluded>0</occluded>
		<bndbox>
			<xmin>390</xmin>
			<xmax>526</xmax>
			<ymin>72</ymin>
			<ymax>541</ymax>
		</bndbox>
	</object>
	<object>
		<name>Soap</name>
		<pose>Unspecified</pose>
		<truncated>0</truncated>
		<difficult>0</difficult>
		<occluded>0</occluded>
		<bndbox>
			<xmin>224</xmin>
			<xmax>371</xmax>
			<ymin>94</ymin>
			<ymax>540</ymax>
		</bndbox>
	</object>
</annotation>
