<annotation>
	<folder></folder>
	<filename>IMG_5192_JPG.rf.390d2987bd7f0d9e01c8ae50dd86203e.jpg</filename>
	<path>IMG_5192_JPG.rf.390d2987bd7f0d9e01c8ae50dd86203e.jpg</path>
	<source>
		<database>roboflow.ai</database>
	</source>
	<size>
		<width>1024</width>
		<height>768</height>
		<depth>3</depth>
	</size>
	<segmented>0</segmented>
	<object>
		<name>Water</name>
		<pose>Unspecified</pose>
		<truncated>0</truncated>
		<difficult>0</difficult>
		<occluded>0</occluded>
		<bndbox>
			<xmin>843</xmin>
			<xmax>1009</xmax>
			<ymin>83</ymin>
			<ymax>661</ymax>
		</bndbox>
	</object>
	<object>
		<name>Water</name>
		<pose>Unspecified</pose>
		<truncated>0</truncated>
		<difficult>0</difficult>
		<occluded>0</occluded>
		<bndbox>
			<xmin>607</xmin>
			<xmax>750</xmax>
			<ymin>113</ymin>
			<ymax>647</ymax>
		</bndbox>
	</object>
	<object>
		<name>Water</name>
		<pose>Unspecified</pose>
		<truncated>0</truncated>
		<difficult>0</difficult>
		<occluded>0</occluded>
		<bndbox>
			<xmin>413</xmin>
			<xmax>554</xmax>
			<ymin>118</ymin>
			<ymax>648</ymax>
		</bndbox>
	</object>
	<object>
		<name>Water</name>
		<pose>Unspecified</pose>
		<truncated>0</truncated>
		<difficult>0</difficult>
		<occluded>0</occluded>
		<bndbox>
			<xmin>228</xmin>
			<xmax>364</xmax>
			<ymin>142</ymin>
			<ymax>641</ymax>
		</bndbox>
	</object>
</annotation>
