<annotation>
	<folder></folder>
	<filename>IMG_5207_JPG.rf.f0bd59abeacc3a4e122729322bb7c44f.jpg</filename>
	<path>IMG_5207_JPG.rf.f0bd59abeacc3a4e122729322bb7c44f.jpg</path>
	<source>
		<database>roboflow.ai</database>
	</source>
	<size>
		<width>1024</width>
		<height>768</height>
		<depth>3</depth>
	</size>
	<segmented>0</segmented>
	<object>
		<name>Soap</name>
		<pose>Unspecified</pose>
		<truncated>0</truncated>
		<difficult>0</difficult>
		<occluded>0</occluded>
		<bndbox>
			<xmin>452</xmin>
			<xmax>534</xmax>
			<ymin>233</ymin>
			<ymax>505</ymax>
		</bndbox>
	</object>
	<object>
		<name>Soap</name>
		<pose>Unspecified</pose>
		<truncated>0</truncated>
		<difficult>0</difficult>
		<occluded>0</occluded>
		<bndbox>
			<xmin>577</xmin>
			<xmax>666</xmax>
			<ymin>224</ymin>
			<ymax>515</ymax>
		</bndbox>
	</object>
	<object>
		<name>Soap</name>
		<pose>Unspecified</pose>
		<truncated>0</truncated>
		<difficult>0</difficult>
		<occluded>0</occluded>
		<bndbox>
			<xmin>700</xmin>
			<xmax>784</xmax>
			<ymin>237</ymin>
			<ymax>510</ymax>
		</bndbox>
	</object>
	<object>
		<name>Soap</name>
		<pose>Unspecified</pose>
		<truncated>0</truncated>
		<difficult>0</difficult>
		<occluded>0</occluded>
		<bndbox>
			<xmin>327</xmin>
			<xmax>410</xmax>
			<ymin>254</ymin>
			<ymax>496</ymax>
		</bndbox>
	</object>
</annotation>
