<annotation>
	<folder></folder>
	<filename>IMG_4832_JPG.rf.0764e56c82176d835725f8156c8bc8b8.jpg</filename>
	<path>IMG_4832_JPG.rf.0764e56c82176d835725f8156c8bc8b8.jpg</path>
	<source>
		<database>roboflow.ai</database>
	</source>
	<size>
		<width>1024</width>
		<height>768</height>
		<depth>3</depth>
	</size>
	<segmented>0</segmented>
	<object>
		<name>WineRed</name>
		<pose>Unspecified</pose>
		<truncated>0</truncated>
		<difficult>0</difficult>
		<occluded>0</occluded>
		<bndbox>
			<xmin>183</xmin>
			<xmax>357</xmax>
			<ymin>7</ymin>
			<ymax>667</ymax>
		</bndbox>
	</object>
	<object>
		<name>WineRed</name>
		<pose>Unspecified</pose>
		<truncated>0</truncated>
		<difficult>0</difficult>
		<occluded>0</occluded>
		<bndbox>
			<xmin>680</xmin>
			<xmax>854</xmax>
			<ymin>20</ymin>
			<ymax>655</ymax>
		</bndbox>
	</object>
</annotation>
