<annotation>
	<folder></folder>
	<filename>IMG_4856_JPG.rf.4362b6c3c32b0ec3f83685b5617c6dfe.jpg</filename>
	<path>IMG_4856_JPG.rf.4362b6c3c32b0ec3f83685b5617c6dfe.jpg</path>
	<source>
		<database>roboflow.ai</database>
	</source>
	<size>
		<width>1024</width>
		<height>768</height>
		<depth>3</depth>
	</size>
	<segmented>0</segmented>
	<object>
		<name>Beer</name>
		<pose>Unspecified</pose>
		<truncated>0</truncated>
		<difficult>0</difficult>
		<occluded>0</occluded>
		<bndbox>
			<xmin>59</xmin>
			<xmax>287</xmax>
			<ymin>36</ymin>
			<ymax>689</ymax>
		</bndbox>
	</object>
	<object>
		<name>Beer</name>
		<pose>Unspecified</pose>
		<truncated>0</truncated>
		<difficult>0</difficult>
		<occluded>0</occluded>
		<bndbox>
			<xmin>416</xmin>
			<xmax>611</xmax>
			<ymin>48</ymin>
			<ymax>686</ymax>
		</bndbox>
	</object>
	<object>
		<name>Beer</name>
		<pose>Unspecified</pose>
		<truncated>0</truncated>
		<difficult>0</difficult>
		<occluded>0</occluded>
		<bndbox>
			<xmin>768</xmin>
			<xmax>992</xmax>
			<ymin>49</ymin>
			<ymax>693</ymax>
		</bndbox>
	</object>
</annotation>
