<annotation>
	<folder></folder>
	<filename>IMG_4882_JPG.rf.9fa32f3e5bab373a2163468ccb4f01fc.jpg</filename>
	<path>IMG_4882_JPG.rf.9fa32f3e5bab373a2163468ccb4f01fc.jpg</path>
	<source>
		<database>roboflow.ai</database>
	</source>
	<size>
		<width>1024</width>
		<height>768</height>
		<depth>3</depth>
	</size>
	<segmented>0</segmented>
	<object>
		<name>WineRed</name>
		<pose>Unspecified</pose>
		<truncated>0</truncated>
		<difficult>0</difficult>
		<occluded>0</occluded>
		<bndbox>
			<xmin>273</xmin>
			<xmax>439</xmax>
			<ymin>1</ymin>
			<ymax>658</ymax>
		</bndbox>
	</object>
	<object>
		<name>Water</name>
		<pose>Unspecified</pose>
		<truncated>0</truncated>
		<difficult>0</difficult>
		<occluded>0</occluded>
		<bndbox>
			<xmin>719</xmin>
			<xmax>823</xmax>
			<ymin>202</ymin>
			<ymax>558</ymax>
		</bndbox>
	</object>
	<object>
		<name>WineWhite</name>
		<pose>Unspecified</pose>
		<truncated>0</truncated>
		<difficult>0</difficult>
		<occluded>0</occluded>
		<bndbox>
			<xmin>453</xmin>
			<xmax>550</xmax>
			<ymin>258</ymin>
			<ymax>560</ymax>
		</bndbox>
	</object>
	<object>
		<name>Shampoo</name>
		<pose>Unspecified</pose>
		<truncated>0</truncated>
		<difficult>0</difficult>
		<occluded>0</occluded>
		<bndbox>
			<xmin>625</xmin>
			<xmax>714</xmax>
			<ymin>307</ymin>
			<ymax>598</ymax>
		</bndbox>
	</object>
	<object>
		<name>oil</name>
		<pose>Unspecified</pose>
		<truncated>0</truncated>
		<difficult>0</difficult>
		<occluded>0</occluded>
		<bndbox>
			<xmin>585</xmin>
			<xmax>646</xmax>
			<ymin>355</ymin>
			<ymax>553</ymax>
		</bndbox>
	</object>
	<object>
		<name>Shampoo</name>
		<pose>Unspecified</pose>
		<truncated>0</truncated>
		<difficult>0</difficult>
		<occluded>0</occluded>
		<bndbox>
			<xmin>883</xmin>
			<xmax>983</xmax>
			<ymin>325</ymin>
			<ymax>594</ymax>
		</bndbox>
	</object>
</annotation>
