<annotation>
	<folder></folder>
	<filename>IMG_4810_JPG.rf.ea07f7f15796cf73978f7035af8bf0c9.jpg</filename>
	<path>IMG_4810_JPG.rf.ea07f7f15796cf73978f7035af8bf0c9.jpg</path>
	<source>
		<database>roboflow.ai</database>
	</source>
	<size>
		<width>1024</width>
		<height>768</height>
		<depth>3</depth>
	</size>
	<segmented>0</segmented>
	<object>
		<name>Soap</name>
		<pose>Unspecified</pose>
		<truncated>0</truncated>
		<difficult>0</difficult>
		<occluded>0</occluded>
		<bndbox>
			<xmin>512</xmin>
			<xmax>713</xmax>
			<ymin>39</ymin>
			<ymax>733</ymax>
		</bndbox>
	</object>
</annotation>
