<annotation>
	<folder></folder>
	<filename>IMG_5158_JPG.rf.734e2f10fa50790a77d8b004bcb44610.jpg</filename>
	<path>IMG_5158_JPG.rf.734e2f10fa50790a77d8b004bcb44610.jpg</path>
	<source>
		<database>roboflow.ai</database>
	</source>
	<size>
		<width>1024</width>
		<height>768</height>
		<depth>3</depth>
	</size>
	<segmented>0</segmented>
	<object>
		<name>OrangeJuice</name>
		<pose>Unspecified</pose>
		<truncated>0</truncated>
		<difficult>0</difficult>
		<occluded>0</occluded>
		<bndbox>
			<xmin>576</xmin>
			<xmax>783</xmax>
			<ymin>26</ymin>
			<ymax>661</ymax>
		</bndbox>
	</object>
	<object>
		<name>OrangeJuice</name>
		<pose>Unspecified</pose>
		<truncated>0</truncated>
		<difficult>0</difficult>
		<occluded>0</occluded>
		<bndbox>
			<xmin>220</xmin>
			<xmax>447</xmax>
			<ymin>78</ymin>
			<ymax>681</ymax>
		</bndbox>
	</object>
</annotation>
