<annotation>
	<folder></folder>
	<filename>IMG_5223_JPG.rf.0938fe8066d321168262bf288b61f50d.jpg</filename>
	<path>IMG_5223_JPG.rf.0938fe8066d321168262bf288b61f50d.jpg</path>
	<source>
		<database>roboflow.ai</database>
	</source>
	<size>
		<width>1024</width>
		<height>768</height>
		<depth>3</depth>
	</size>
	<segmented>0</segmented>
	<object>
		<name>Soap</name>
		<pose>Unspecified</pose>
		<truncated>0</truncated>
		<difficult>0</difficult>
		<occluded>0</occluded>
		<bndbox>
			<xmin>791</xmin>
			<xmax>990</xmax>
			<ymin>35</ymin>
			<ymax>672</ymax>
		</bndbox>
	</object>
	<object>
		<name>Soap</name>
		<pose>Unspecified</pose>
		<truncated>0</truncated>
		<difficult>0</difficult>
		<occluded>0</occluded>
		<bndbox>
			<xmin>482</xmin>
			<xmax>660</xmax>
			<ymin>83</ymin>
			<ymax>652</ymax>
		</bndbox>
	</object>
	<object>
		<name>Soap</name>
		<pose>Unspecified</pose>
		<truncated>0</truncated>
		<difficult>0</difficult>
		<occluded>0</occluded>
		<bndbox>
			<xmin>73</xmin>
			<xmax>236</xmax>
			<ymin>139</ymin>
			<ymax>618</ymax>
		</bndbox>
	</object>
	<object>
		<name>Soap</name>
		<pose>Unspecified</pose>
		<truncated>0</truncated>
		<difficult>0</difficult>
		<occluded>0</occluded>
		<bndbox>
			<xmin>251</xmin>
			<xmax>406</xmax>
			<ymin>143</ymin>
			<ymax>627</ymax>
		</bndbox>
	</object>
</annotation>
