<annotation>
	<folder></folder>
	<filename>IMG_4755_JPG.rf.b9f136b6ace979587ee9518e40a4ec58.jpg</filename>
	<path>IMG_4755_JPG.rf.b9f136b6ace979587ee9518e40a4ec58.jpg</path>
	<source>
		<database>roboflow.ai</database>
	</source>
	<size>
		<width>1024</width>
		<height>768</height>
		<depth>3</depth>
	</size>
	<segmented>0</segmented>
	<object>
		<name>Milk</name>
		<pose>Unspecified</pose>
		<truncated>0</truncated>
		<difficult>0</difficult>
		<occluded>0</occluded>
		<bndbox>
			<xmin>602</xmin>
			<xmax>755</xmax>
			<ymin>147</ymin>
			<ymax>591</ymax>
		</bndbox>
	</object>
	<object>
		<name>Milk</name>
		<pose>Unspecified</pose>
		<truncated>0</truncated>
		<difficult>0</difficult>
		<occluded>0</occluded>
		<bndbox>
			<xmin>248</xmin>
			<xmax>409</xmax>
			<ymin>128</ymin>
			<ymax>616</ymax>
		</bndbox>
	</object>
</annotation>
