<annotation>
	<folder></folder>
	<filename>IMG_4889_JPG.rf.6c0296835cc74b468df34b57b37fe64a.jpg</filename>
	<path>IMG_4889_JPG.rf.6c0296835cc74b468df34b57b37fe64a.jpg</path>
	<source>
		<database>roboflow.ai</database>
	</source>
	<size>
		<width>1024</width>
		<height>768</height>
		<depth>3</depth>
	</size>
	<segmented>0</segmented>
	<object>
		<name>BeerCan</name>
		<pose>Unspecified</pose>
		<truncated>0</truncated>
		<difficult>0</difficult>
		<occluded>0</occluded>
		<bndbox>
			<xmin>652</xmin>
			<xmax>881</xmax>
			<ymin>154</ymin>
			<ymax>715</ymax>
		</bndbox>
	</object>
	<object>
		<name>BeerCan</name>
		<pose>Unspecified</pose>
		<truncated>0</truncated>
		<difficult>0</difficult>
		<occluded>0</occluded>
		<bndbox>
			<xmin>313</xmin>
			<xmax>449</xmax>
			<ymin>304</ymin>
			<ymax>651</ymax>
		</bndbox>
	</object>
	<object>
		<name>BeerCan</name>
		<pose>Unspecified</pose>
		<truncated>0</truncated>
		<difficult>0</difficult>
		<occluded>0</occluded>
		<bndbox>
			<xmin>56</xmin>
			<xmax>208</xmax>
			<ymin>312</ymin>
			<ymax>653</ymax>
		</bndbox>
	</object>
</annotation>
