<annotation>
	<folder></folder>
	<filename>IMG_4807_JPG.rf.9e22148ab7bb56c823fdf1338dce92d2.jpg</filename>
	<path>IMG_4807_JPG.rf.9e22148ab7bb56c823fdf1338dce92d2.jpg</path>
	<source>
		<database>roboflow.ai</database>
	</source>
	<size>
		<width>1024</width>
		<height>768</height>
		<depth>3</depth>
	</size>
	<segmented>0</segmented>
	<object>
		<name>Soap</name>
		<pose>Unspecified</pose>
		<truncated>0</truncated>
		<difficult>0</difficult>
		<occluded>0</occluded>
		<bndbox>
			<xmin>509</xmin>
			<xmax>712</xmax>
			<ymin>7</ymin>
			<ymax>713</ymax>
		</bndbox>
	</object>
</annotation>
