<annotation>
	<folder></folder>
	<filename>IMG_5075_JPG.rf.0a0402e9d07caf98491707cc91de6c51.jpg</filename>
	<path>IMG_5075_JPG.rf.0a0402e9d07caf98491707cc91de6c51.jpg</path>
	<source>
		<database>roboflow.ai</database>
	</source>
	<size>
		<width>1024</width>
		<height>768</height>
		<depth>3</depth>
	</size>
	<segmented>0</segmented>
	<object>
		<name>oil</name>
		<pose>Unspecified</pose>
		<truncated>0</truncated>
		<difficult>0</difficult>
		<occluded>0</occluded>
		<bndbox>
			<xmin>654</xmin>
			<xmax>892</xmax>
			<ymin>67</ymin>
			<ymax>690</ymax>
		</bndbox>
	</object>
	<object>
		<name>oil</name>
		<pose>Unspecified</pose>
		<truncated>0</truncated>
		<difficult>0</difficult>
		<occluded>0</occluded>
		<bndbox>
			<xmin>136</xmin>
			<xmax>305</xmax>
			<ymin>151</ymin>
			<ymax>699</ymax>
		</bndbox>
	</object>
	<object>
		<name>oil</name>
		<pose>Unspecified</pose>
		<truncated>0</truncated>
		<difficult>0</difficult>
		<occluded>0</occluded>
		<bndbox>
			<xmin>417</xmin>
			<xmax>551</xmax>
			<ymin>182</ymin>
			<ymax>685</ymax>
		</bndbox>
	</object>
</annotation>
