<annotation>
	<folder></folder>
	<filename>IMG_4823_JPG.rf.3df13a01a76177c996a8335ee5b8c5a3.jpg</filename>
	<path>IMG_4823_JPG.rf.3df13a01a76177c996a8335ee5b8c5a3.jpg</path>
	<source>
		<database>roboflow.ai</database>
	</source>
	<size>
		<width>1024</width>
		<height>768</height>
		<depth>3</depth>
	</size>
	<segmented>0</segmented>
	<object>
		<name>WineRed</name>
		<pose>Unspecified</pose>
		<truncated>0</truncated>
		<difficult>0</difficult>
		<occluded>0</occluded>
		<bndbox>
			<xmin>312</xmin>
			<xmax>478</xmax>
			<ymin>45</ymin>
			<ymax>694</ymax>
		</bndbox>
	</object>
	<object>
		<name>WineRed</name>
		<pose>Unspecified</pose>
		<truncated>0</truncated>
		<difficult>0</difficult>
		<occluded>0</occluded>
		<bndbox>
			<xmin>501</xmin>
			<xmax>632</xmax>
			<ymin>112</ymin>
			<ymax>636</ymax>
		</bndbox>
	</object>
</annotation>
