<annotation>
	<folder></folder>
	<filename>IMG_5188_JPG.rf.f976aa10a271486be21a0ad0bd311504.jpg</filename>
	<path>IMG_5188_JPG.rf.f976aa10a271486be21a0ad0bd311504.jpg</path>
	<source>
		<database>roboflow.ai</database>
	</source>
	<size>
		<width>1024</width>
		<height>768</height>
		<depth>3</depth>
	</size>
	<segmented>0</segmented>
	<object>
		<name>Water</name>
		<pose>Unspecified</pose>
		<truncated>0</truncated>
		<difficult>0</difficult>
		<occluded>0</occluded>
		<bndbox>
			<xmin>732</xmin>
			<xmax>970</xmax>
			<ymin>1</ymin>
			<ymax>720</ymax>
		</bndbox>
	</object>
	<object>
		<name>Water</name>
		<pose>Unspecified</pose>
		<truncated>0</truncated>
		<difficult>0</difficult>
		<occluded>0</occluded>
		<bndbox>
			<xmin>550</xmin>
			<xmax>724</xmax>
			<ymin>72</ymin>
			<ymax>681</ymax>
		</bndbox>
	</object>
	<object>
		<name>Water</name>
		<pose>Unspecified</pose>
		<truncated>0</truncated>
		<difficult>0</difficult>
		<occluded>0</occluded>
		<bndbox>
			<xmin>333</xmin>
			<xmax>499</xmax>
			<ymin>122</ymin>
			<ymax>651</ymax>
		</bndbox>
	</object>
	<object>
		<name>Water</name>
		<pose>Unspecified</pose>
		<truncated>0</truncated>
		<difficult>0</difficult>
		<occluded>0</occluded>
		<bndbox>
			<xmin>137</xmin>
			<xmax>275</xmax>
			<ymin>175</ymin>
			<ymax>635</ymax>
		</bndbox>
	</object>
</annotation>
