<annotation>
	<folder></folder>
	<filename>IMG_5190_JPG.rf.d8e1089b60c18d477caeb9e518fbe83a.jpg</filename>
	<path>IMG_5190_JPG.rf.d8e1089b60c18d477caeb9e518fbe83a.jpg</path>
	<source>
		<database>roboflow.ai</database>
	</source>
	<size>
		<width>1024</width>
		<height>768</height>
		<depth>3</depth>
	</size>
	<segmented>0</segmented>
	<object>
		<name>Water</name>
		<pose>Unspecified</pose>
		<truncated>0</truncated>
		<difficult>0</difficult>
		<occluded>0</occluded>
		<bndbox>
			<xmin>720</xmin>
			<xmax>856</xmax>
			<ymin>109</ymin>
			<ymax>623</ymax>
		</bndbox>
	</object>
	<object>
		<name>Water</name>
		<pose>Unspecified</pose>
		<truncated>0</truncated>
		<difficult>0</difficult>
		<occluded>0</occluded>
		<bndbox>
			<xmin>552</xmin>
			<xmax>686</xmax>
			<ymin>100</ymin>
			<ymax>641</ymax>
		</bndbox>
	</object>
	<object>
		<name>Water</name>
		<pose>Unspecified</pose>
		<truncated>0</truncated>
		<difficult>0</difficult>
		<occluded>0</occluded>
		<bndbox>
			<xmin>372</xmin>
			<xmax>523</xmax>
			<ymin>78</ymin>
			<ymax>690</ymax>
		</bndbox>
	</object>
	<object>
		<name>Water</name>
		<pose>Unspecified</pose>
		<truncated>0</truncated>
		<difficult>0</difficult>
		<occluded>0</occluded>
		<bndbox>
			<xmin>138</xmin>
			<xmax>329</xmax>
			<ymin>40</ymin>
			<ymax>730</ymax>
		</bndbox>
	</object>
</annotation>
