<annotation>
	<folder></folder>
	<filename>IMG_4839_JPG.rf.734f3d901aee63148423ca7bf226fd99.jpg</filename>
	<path>IMG_4839_JPG.rf.734f3d901aee63148423ca7bf226fd99.jpg</path>
	<source>
		<database>roboflow.ai</database>
	</source>
	<size>
		<width>1024</width>
		<height>768</height>
		<depth>3</depth>
	</size>
	<segmented>0</segmented>
	<object>
		<name>WineRed</name>
		<pose>Unspecified</pose>
		<truncated>0</truncated>
		<difficult>0</difficult>
		<occluded>0</occluded>
		<bndbox>
			<xmin>682</xmin>
			<xmax>803</xmax>
			<ymin>18</ymin>
			<ymax>456</ymax>
		</bndbox>
	</object>
	<object>
		<name>WineRed</name>
		<pose>Unspecified</pose>
		<truncated>0</truncated>
		<difficult>0</difficult>
		<occluded>0</occluded>
		<bndbox>
			<xmin>354</xmin>
			<xmax>465</xmax>
			<ymin>31</ymin>
			<ymax>450</ymax>
		</bndbox>
	</object>
</annotation>
