<annotation>
	<folder></folder>
	<filename>IMG_4932-2_JPG.rf.16c4c340926a77fbf3f32b78710842f8.jpg</filename>
	<path>IMG_4932-2_JPG.rf.16c4c340926a77fbf3f32b78710842f8.jpg</path>
	<source>
		<database>roboflow.ai</database>
	</source>
	<size>
		<width>1024</width>
		<height>768</height>
		<depth>3</depth>
	</size>
	<segmented>0</segmented>
	<object>
		<name>Milk</name>
		<pose>Unspecified</pose>
		<truncated>0</truncated>
		<difficult>0</difficult>
		<occluded>0</occluded>
		<bndbox>
			<xmin>640</xmin>
			<xmax>889</xmax>
			<ymin>4</ymin>
			<ymax>687</ymax>
		</bndbox>
	</object>
	<object>
		<name>Milk</name>
		<pose>Unspecified</pose>
		<truncated>0</truncated>
		<difficult>0</difficult>
		<occluded>0</occluded>
		<bndbox>
			<xmin>182</xmin>
			<xmax>472</xmax>
			<ymin>28</ymin>
			<ymax>698</ymax>
		</bndbox>
	</object>
</annotation>
