<annotation>
	<folder></folder>
	<filename>IMG_4747_JPG.rf.af555396517bbb1b9e207076be2c8ca1.jpg</filename>
	<path>IMG_4747_JPG.rf.af555396517bbb1b9e207076be2c8ca1.jpg</path>
	<source>
		<database>roboflow.ai</database>
	</source>
	<size>
		<width>1024</width>
		<height>768</height>
		<depth>3</depth>
	</size>
	<segmented>0</segmented>
	<object>
		<name>Milk</name>
		<pose>Unspecified</pose>
		<truncated>0</truncated>
		<difficult>0</difficult>
		<occluded>0</occluded>
		<bndbox>
			<xmin>416</xmin>
			<xmax>591</xmax>
			<ymin>108</ymin>
			<ymax>651</ymax>
		</bndbox>
	</object>
	<object>
		<name>Milk</name>
		<pose>Unspecified</pose>
		<truncated>0</truncated>
		<difficult>0</difficult>
		<occluded>0</occluded>
		<bndbox>
			<xmin>1</xmin>
			<xmax>89</xmax>
			<ymin>170</ymin>
			<ymax>658</ymax>
		</bndbox>
	</object>
</annotation>
