<annotation>
	<folder></folder>
	<filename>IMG_4768_JPG.rf.1d1c14e7d9a662417fffcc9cd11fd1fa.jpg</filename>
	<path>IMG_4768_JPG.rf.1d1c14e7d9a662417fffcc9cd11fd1fa.jpg</path>
	<source>
		<database>roboflow.ai</database>
	</source>
	<size>
		<width>1024</width>
		<height>768</height>
		<depth>3</depth>
	</size>
	<segmented>0</segmented>
	<object>
		<name>Beer</name>
		<pose>Unspecified</pose>
		<truncated>0</truncated>
		<difficult>0</difficult>
		<occluded>0</occluded>
		<bndbox>
			<xmin>232</xmin>
			<xmax>396</xmax>
			<ymin>19</ymin>
			<ymax>655</ymax>
		</bndbox>
	</object>
	<object>
		<name>Beer</name>
		<pose>Unspecified</pose>
		<truncated>0</truncated>
		<difficult>0</difficult>
		<occluded>0</occluded>
		<bndbox>
			<xmin>431</xmin>
			<xmax>562</xmax>
			<ymin>87</ymin>
			<ymax>601</ymax>
		</bndbox>
	</object>
	<object>
		<name>Beer</name>
		<pose>Unspecified</pose>
		<truncated>0</truncated>
		<difficult>0</difficult>
		<occluded>0</occluded>
		<bndbox>
			<xmin>722</xmin>
			<xmax>861</xmax>
			<ymin>159</ymin>
			<ymax>576</ymax>
		</bndbox>
	</object>
</annotation>
