<annotation>
	<folder></folder>
	<filename>IMG_5086_JPG.rf.c66166f9ad1d19c29a49538afb9260b4.jpg</filename>
	<path>IMG_5086_JPG.rf.c66166f9ad1d19c29a49538afb9260b4.jpg</path>
	<source>
		<database>roboflow.ai</database>
	</source>
	<size>
		<width>1024</width>
		<height>768</height>
		<depth>3</depth>
	</size>
	<segmented>0</segmented>
	<object>
		<name>oil</name>
		<pose>Unspecified</pose>
		<truncated>0</truncated>
		<difficult>0</difficult>
		<occluded>0</occluded>
		<bndbox>
			<xmin>613</xmin>
			<xmax>898</xmax>
			<ymin>43</ymin>
			<ymax>742</ymax>
		</bndbox>
	</object>
	<object>
		<name>oil</name>
		<pose>Unspecified</pose>
		<truncated>0</truncated>
		<difficult>0</difficult>
		<occluded>0</occluded>
		<bndbox>
			<xmin>71</xmin>
			<xmax>297</xmax>
			<ymin>98</ymin>
			<ymax>713</ymax>
		</bndbox>
	</object>
	<object>
		<name>oil</name>
		<pose>Unspecified</pose>
		<truncated>0</truncated>
		<difficult>0</difficult>
		<occluded>0</occluded>
		<bndbox>
			<xmin>398</xmin>
			<xmax>573</xmax>
			<ymin>116</ymin>
			<ymax>727</ymax>
		</bndbox>
	</object>
</annotation>
