<annotation>
	<folder></folder>
	<filename>IMG_4829_JPG.rf.903f26d9b476233c082dccbb80c91969.jpg</filename>
	<path>IMG_4829_JPG.rf.903f26d9b476233c082dccbb80c91969.jpg</path>
	<source>
		<database>roboflow.ai</database>
	</source>
	<size>
		<width>1024</width>
		<height>768</height>
		<depth>3</depth>
	</size>
	<segmented>0</segmented>
	<object>
		<name>WineRed</name>
		<pose>Unspecified</pose>
		<truncated>0</truncated>
		<difficult>0</difficult>
		<occluded>0</occluded>
		<bndbox>
			<xmin>305</xmin>
			<xmax>462</xmax>
			<ymin>52</ymin>
			<ymax>624</ymax>
		</bndbox>
	</object>
	<object>
		<name>WineRed</name>
		<pose>Unspecified</pose>
		<truncated>0</truncated>
		<difficult>0</difficult>
		<occluded>0</occluded>
		<bndbox>
			<xmin>579</xmin>
			<xmax>758</xmax>
			<ymin>1</ymin>
			<ymax>679</ymax>
		</bndbox>
	</object>
</annotation>
