<annotation>
	<folder></folder>
	<filename>IMG_4805_JPG.rf.a70af0ee51439fdd1e46b00322d0bd38.jpg</filename>
	<path>IMG_4805_JPG.rf.a70af0ee51439fdd1e46b00322d0bd38.jpg</path>
	<source>
		<database>roboflow.ai</database>
	</source>
	<size>
		<width>1024</width>
		<height>768</height>
		<depth>3</depth>
	</size>
	<segmented>0</segmented>
	<object>
		<name>Water</name>
		<pose>Unspecified</pose>
		<truncated>0</truncated>
		<difficult>0</difficult>
		<occluded>0</occluded>
		<bndbox>
			<xmin>395</xmin>
			<xmax>562</xmax>
			<ymin>49</ymin>
			<ymax>708</ymax>
		</bndbox>
	</object>
</annotation>
