<annotation>
	<folder></folder>
	<filename>IMG_5142_JPG.rf.ec4f1c4a96f1d8472df4cb038c89c481.jpg</filename>
	<path>IMG_5142_JPG.rf.ec4f1c4a96f1d8472df4cb038c89c481.jpg</path>
	<source>
		<database>roboflow.ai</database>
	</source>
	<size>
		<width>1024</width>
		<height>768</height>
		<depth>3</depth>
	</size>
	<segmented>0</segmented>
	<object>
		<name>OrangeJuice</name>
		<pose>Unspecified</pose>
		<truncated>0</truncated>
		<difficult>0</difficult>
		<occluded>0</occluded>
		<bndbox>
			<xmin>641</xmin>
			<xmax>880</xmax>
			<ymin>1</ymin>
			<ymax>753</ymax>
		</bndbox>
	</object>
	<object>
		<name>Milk</name>
		<pose>Unspecified</pose>
		<truncated>0</truncated>
		<difficult>0</difficult>
		<occluded>0</occluded>
		<bndbox>
			<xmin>154</xmin>
			<xmax>390</xmax>
			<ymin>68</ymin>
			<ymax>708</ymax>
		</bndbox>
	</object>
	<object>
		<name>BeerCan</name>
		<pose>Unspecified</pose>
		<truncated>0</truncated>
		<difficult>0</difficult>
		<occluded>0</occluded>
		<bndbox>
			<xmin>418</xmin>
			<xmax>593</xmax>
			<ymin>253</ymin>
			<ymax>735</ymax>
		</bndbox>
	</object>
</annotation>
