<annotation>
	<folder></folder>
	<filename>IMG_5074_JPG.rf.85408d235d02264941b5a265b2f7e771.jpg</filename>
	<path>IMG_5074_JPG.rf.85408d235d02264941b5a265b2f7e771.jpg</path>
	<source>
		<database>roboflow.ai</database>
	</source>
	<size>
		<width>1024</width>
		<height>768</height>
		<depth>3</depth>
	</size>
	<segmented>0</segmented>
	<object>
		<name>oil</name>
		<pose>Unspecified</pose>
		<truncated>0</truncated>
		<difficult>0</difficult>
		<occluded>0</occluded>
		<bndbox>
			<xmin>300</xmin>
			<xmax>456</xmax>
			<ymin>209</ymin>
			<ymax>687</ymax>
		</bndbox>
	</object>
	<object>
		<name>oil</name>
		<pose>Unspecified</pose>
		<truncated>0</truncated>
		<difficult>0</difficult>
		<occluded>0</occluded>
		<bndbox>
			<xmin>554</xmin>
			<xmax>683</xmax>
			<ymin>185</ymin>
			<ymax>733</ymax>
		</bndbox>
	</object>
	<object>
		<name>oil</name>
		<pose>Unspecified</pose>
		<truncated>0</truncated>
		<difficult>0</difficult>
		<occluded>0</occluded>
		<bndbox>
			<xmin>111</xmin>
			<xmax>280</xmax>
			<ymin>269</ymin>
			<ymax>662</ymax>
		</bndbox>
	</object>
	<object>
		<name>oil</name>
		<pose>Unspecified</pose>
		<truncated>0</truncated>
		<difficult>0</difficult>
		<occluded>0</occluded>
		<bndbox>
			<xmin>836</xmin>
			<xmax>980</xmax>
			<ymin>281</ymin>
			<ymax>690</ymax>
		</bndbox>
	</object>
</annotation>
