<annotation>
	<folder></folder>
	<filename>IMG_4840_JPG.rf.499e3a35fd6083c22d70ec744ef3cf51.jpg</filename>
	<path>IMG_4840_JPG.rf.499e3a35fd6083c22d70ec744ef3cf51.jpg</path>
	<source>
		<database>roboflow.ai</database>
	</source>
	<size>
		<width>1024</width>
		<height>768</height>
		<depth>3</depth>
	</size>
	<segmented>0</segmented>
	<object>
		<name>WineRed</name>
		<pose>Unspecified</pose>
		<truncated>0</truncated>
		<difficult>0</difficult>
		<occluded>0</occluded>
		<bndbox>
			<xmin>659</xmin>
			<xmax>779</xmax>
			<ymin>1</ymin>
			<ymax>423</ymax>
		</bndbox>
	</object>
	<object>
		<name>WineRed</name>
		<pose>Unspecified</pose>
		<truncated>0</truncated>
		<difficult>0</difficult>
		<occluded>0</occluded>
		<bndbox>
			<xmin>351</xmin>
			<xmax>462</xmax>
			<ymin>8</ymin>
			<ymax>422</ymax>
		</bndbox>
	</object>
</annotation>
