<annotation>
	<folder></folder>
	<filename>IMG_4972-2_JPG.rf.dce66763683279fe9e2a9d2353289541.jpg</filename>
	<path>IMG_4972-2_JPG.rf.dce66763683279fe9e2a9d2353289541.jpg</path>
	<source>
		<database>roboflow.ai</database>
	</source>
	<size>
		<width>1024</width>
		<height>768</height>
		<depth>3</depth>
	</size>
	<segmented>0</segmented>
	<object>
		<name>OrangeJuice</name>
		<pose>Unspecified</pose>
		<truncated>0</truncated>
		<difficult>0</difficult>
		<occluded>0</occluded>
		<bndbox>
			<xmin>559</xmin>
			<xmax>785</xmax>
			<ymin>87</ymin>
			<ymax>715</ymax>
		</bndbox>
	</object>
</annotation>
