<annotation>
	<folder></folder>
	<filename>IMG_4986_JPG.rf.546bb39bf1b94f54f8eb99a9ac7c0668.jpg</filename>
	<path>IMG_4986_JPG.rf.546bb39bf1b94f54f8eb99a9ac7c0668.jpg</path>
	<source>
		<database>roboflow.ai</database>
	</source>
	<size>
		<width>1024</width>
		<height>768</height>
		<depth>3</depth>
	</size>
	<segmented>0</segmented>
	<object>
		<name>WineWhite</name>
		<pose>Unspecified</pose>
		<truncated>0</truncated>
		<difficult>0</difficult>
		<occluded>0</occluded>
		<bndbox>
			<xmin>831</xmin>
			<xmax>1009</xmax>
			<ymin>167</ymin>
			<ymax>687</ymax>
		</bndbox>
	</object>
	<object>
		<name>WineWhite</name>
		<pose>Unspecified</pose>
		<truncated>0</truncated>
		<difficult>0</difficult>
		<occluded>0</occluded>
		<bndbox>
			<xmin>503</xmin>
			<xmax>609</xmax>
			<ymin>208</ymin>
			<ymax>661</ymax>
		</bndbox>
	</object>
	<object>
		<name>WineWhite</name>
		<pose>Unspecified</pose>
		<truncated>0</truncated>
		<difficult>0</difficult>
		<occluded>0</occluded>
		<bndbox>
			<xmin>24</xmin>
			<xmax>181</xmax>
			<ymin>214</ymin>
			<ymax>664</ymax>
		</bndbox>
	</object>
	<object>
		<name>WineWhite</name>
		<pose>Unspecified</pose>
		<truncated>0</truncated>
		<difficult>0</difficult>
		<occluded>0</occluded>
		<bndbox>
			<xmin>678</xmin>
			<xmax>812</xmax>
			<ymin>212</ymin>
			<ymax>669</ymax>
		</bndbox>
	</object>
	<object>
		<name>WineWhite</name>
		<pose>Unspecified</pose>
		<truncated>0</truncated>
		<difficult>0</difficult>
		<occluded>0</occluded>
		<bndbox>
			<xmin>338</xmin>
			<xmax>458</xmax>
			<ymin>235</ymin>
			<ymax>661</ymax>
		</bndbox>
	</object>
</annotation>
