<annotation>
	<folder></folder>
	<filename>IMG_5050_JPG.rf.f5d89303dc777d8f23ad708b7fd9227f.jpg</filename>
	<path>IMG_5050_JPG.rf.f5d89303dc777d8f23ad708b7fd9227f.jpg</path>
	<source>
		<database>roboflow.ai</database>
	</source>
	<size>
		<width>1024</width>
		<height>768</height>
		<depth>3</depth>
	</size>
	<segmented>0</segmented>
	<object>
		<name>WineWhite</name>
		<pose>Unspecified</pose>
		<truncated>0</truncated>
		<difficult>0</difficult>
		<occluded>0</occluded>
		<bndbox>
			<xmin>356</xmin>
			<xmax>509</xmax>
			<ymin>17</ymin>
			<ymax>652</ymax>
		</bndbox>
	</object>
	<object>
		<name>WineWhite</name>
		<pose>Unspecified</pose>
		<truncated>0</truncated>
		<difficult>0</difficult>
		<occluded>0</occluded>
		<bndbox>
			<xmin>619</xmin>
			<xmax>752</xmax>
			<ymin>103</ymin>
			<ymax>609</ymax>
		</bndbox>
	</object>
</annotation>
