<annotation>
	<folder></folder>
	<filename>IMG_4865_JPG.rf.61d822cb95b2f246f0f937e6af7fb1a3.jpg</filename>
	<path>IMG_4865_JPG.rf.61d822cb95b2f246f0f937e6af7fb1a3.jpg</path>
	<source>
		<database>roboflow.ai</database>
	</source>
	<size>
		<width>1024</width>
		<height>768</height>
		<depth>3</depth>
	</size>
	<segmented>0</segmented>
	<object>
		<name>Water</name>
		<pose>Unspecified</pose>
		<truncated>0</truncated>
		<difficult>0</difficult>
		<occluded>0</occluded>
		<bndbox>
			<xmin>396</xmin>
			<xmax>589</xmax>
			<ymin>8</ymin>
			<ymax>718</ymax>
		</bndbox>
	</object>
	<object>
		<name>Beer</name>
		<pose>Unspecified</pose>
		<truncated>0</truncated>
		<difficult>0</difficult>
		<occluded>0</occluded>
		<bndbox>
			<xmin>628</xmin>
			<xmax>802</xmax>
			<ymin>239</ymin>
			<ymax>737</ymax>
		</bndbox>
	</object>
	<object>
		<name>Beer</name>
		<pose>Unspecified</pose>
		<truncated>0</truncated>
		<difficult>0</difficult>
		<occluded>0</occluded>
		<bndbox>
			<xmin>232</xmin>
			<xmax>375</xmax>
			<ymin>282</ymin>
			<ymax>705</ymax>
		</bndbox>
	</object>
</annotation>
