<annotation>
	<folder></folder>
	<filename>IMG_5185_JPG.rf.b91f53d4ab1989c5510fd88bfca06f1a.jpg</filename>
	<path>IMG_5185_JPG.rf.b91f53d4ab1989c5510fd88bfca06f1a.jpg</path>
	<source>
		<database>roboflow.ai</database>
	</source>
	<size>
		<width>1024</width>
		<height>768</height>
		<depth>3</depth>
	</size>
	<segmented>0</segmented>
	<object>
		<name>Water</name>
		<pose>Unspecified</pose>
		<truncated>0</truncated>
		<difficult>0</difficult>
		<occluded>0</occluded>
		<bndbox>
			<xmin>568</xmin>
			<xmax>750</xmax>
			<ymin>16</ymin>
			<ymax>720</ymax>
		</bndbox>
	</object>
	<object>
		<name>Water</name>
		<pose>Unspecified</pose>
		<truncated>0</truncated>
		<difficult>0</difficult>
		<occluded>0</occluded>
		<bndbox>
			<xmin>380</xmin>
			<xmax>526</xmax>
			<ymin>100</ymin>
			<ymax>658</ymax>
		</bndbox>
	</object>
	<object>
		<name>Water</name>
		<pose>Unspecified</pose>
		<truncated>0</truncated>
		<difficult>0</difficult>
		<occluded>0</occluded>
		<bndbox>
			<xmin>750</xmin>
			<xmax>897</xmax>
			<ymin>106</ymin>
			<ymax>670</ymax>
		</bndbox>
	</object>
	<object>
		<name>Water</name>
		<pose>Unspecified</pose>
		<truncated>0</truncated>
		<difficult>0</difficult>
		<occluded>0</occluded>
		<bndbox>
			<xmin>69</xmin>
			<xmax>251</xmax>
			<ymin>63</ymin>
			<ymax>738</ymax>
		</bndbox>
	</object>
</annotation>
