<annotation>
	<folder></folder>
	<filename>IMG_4943-2_JPG.rf.53c72c30f45e89291ec58e88709e95ab.jpg</filename>
	<path>IMG_4943-2_JPG.rf.53c72c30f45e89291ec58e88709e95ab.jpg</path>
	<source>
		<database>roboflow.ai</database>
	</source>
	<size>
		<width>1024</width>
		<height>768</height>
		<depth>3</depth>
	</size>
	<segmented>0</segmented>
	<object>
		<name>Milk</name>
		<pose>Unspecified</pose>
		<truncated>0</truncated>
		<difficult>0</difficult>
		<occluded>0</occluded>
		<bndbox>
			<xmin>330</xmin>
			<xmax>641</xmax>
			<ymin>113</ymin>
			<ymax>769</ymax>
		</bndbox>
	</object>
</annotation>
