<annotation>
	<folder></folder>
	<filename>IMG_4909-2_JPG.rf.2baafb40225e23a52f94b7f4cbbde91a.jpg</filename>
	<path>IMG_4909-2_JPG.rf.2baafb40225e23a52f94b7f4cbbde91a.jpg</path>
	<source>
		<database>roboflow.ai</database>
	</source>
	<size>
		<width>1024</width>
		<height>768</height>
		<depth>3</depth>
	</size>
	<segmented>0</segmented>
	<object>
		<name>BeerCan</name>
		<pose>Unspecified</pose>
		<truncated>0</truncated>
		<difficult>0</difficult>
		<occluded>0</occluded>
		<bndbox>
			<xmin>574</xmin>
			<xmax>692</xmax>
			<ymin>185</ymin>
			<ymax>490</ymax>
		</bndbox>
	</object>
	<object>
		<name>BeerCan</name>
		<pose>Unspecified</pose>
		<truncated>0</truncated>
		<difficult>0</difficult>
		<occluded>0</occluded>
		<bndbox>
			<xmin>386</xmin>
			<xmax>530</xmax>
			<ymin>179</ymin>
			<ymax>539</ymax>
		</bndbox>
	</object>
</annotation>
