<annotation>
	<folder></folder>
	<filename>IMG_5110_JPG.rf.5cf9bae6d2e73ed4a7606e1fc2de12fa.jpg</filename>
	<path>IMG_5110_JPG.rf.5cf9bae6d2e73ed4a7606e1fc2de12fa.jpg</path>
	<source>
		<database>roboflow.ai</database>
	</source>
	<size>
		<width>1024</width>
		<height>768</height>
		<depth>3</depth>
	</size>
	<segmented>0</segmented>
	<object>
		<name>Milk</name>
		<pose>Unspecified</pose>
		<truncated>0</truncated>
		<difficult>0</difficult>
		<occluded>0</occluded>
		<bndbox>
			<xmin>320</xmin>
			<xmax>540</xmax>
			<ymin>29</ymin>
			<ymax>655</ymax>
		</bndbox>
	</object>
	<object>
		<name>BeerCan</name>
		<pose>Unspecified</pose>
		<truncated>0</truncated>
		<difficult>0</difficult>
		<occluded>0</occluded>
		<bndbox>
			<xmin>786</xmin>
			<xmax>964</xmax>
			<ymin>233</ymin>
			<ymax>621</ymax>
		</bndbox>
	</object>
	<object>
		<name>BeerCan</name>
		<pose>Unspecified</pose>
		<truncated>0</truncated>
		<difficult>0</difficult>
		<occluded>0</occluded>
		<bndbox>
			<xmin>572</xmin>
			<xmax>743</xmax>
			<ymin>223</ymin>
			<ymax>636</ymax>
		</bndbox>
	</object>
	<object>
		<name>BeerCan</name>
		<pose>Unspecified</pose>
		<truncated>0</truncated>
		<difficult>0</difficult>
		<occluded>0</occluded>
		<bndbox>
			<xmin>58</xmin>
			<xmax>254</xmax>
			<ymin>207</ymin>
			<ymax>663</ymax>
		</bndbox>
	</object>
</annotation>
