<annotation>
	<folder></folder>
	<filename>IMG_5004_JPG.rf.9d9376f3851b2d6374ffa51ce95a5e9f.jpg</filename>
	<path>IMG_5004_JPG.rf.9d9376f3851b2d6374ffa51ce95a5e9f.jpg</path>
	<source>
		<database>roboflow.ai</database>
	</source>
	<size>
		<width>1024</width>
		<height>768</height>
		<depth>3</depth>
	</size>
	<segmented>0</segmented>
	<object>
		<name>WineWhite</name>
		<pose>Unspecified</pose>
		<truncated>0</truncated>
		<difficult>0</difficult>
		<occluded>0</occluded>
		<bndbox>
			<xmin>407</xmin>
			<xmax>624</xmax>
			<ymin>6</ymin>
			<ymax>757</ymax>
		</bndbox>
	</object>
	<object>
		<name>WineWhite</name>
		<pose>Unspecified</pose>
		<truncated>0</truncated>
		<difficult>0</difficult>
		<occluded>0</occluded>
		<bndbox>
			<xmin>606</xmin>
			<xmax>794</xmax>
			<ymin>106</ymin>
			<ymax>695</ymax>
		</bndbox>
	</object>
	<object>
		<name>WineWhite</name>
		<pose>Unspecified</pose>
		<truncated>0</truncated>
		<difficult>0</difficult>
		<occluded>0</occluded>
		<bndbox>
			<xmin>258</xmin>
			<xmax>414</xmax>
			<ymin>119</ymin>
			<ymax>724</ymax>
		</bndbox>
	</object>
</annotation>
