<annotation>
	<folder></folder>
	<filename>IMG_4774_JPG.rf.eca9271967453c130875abebadc94c05.jpg</filename>
	<path>IMG_4774_JPG.rf.eca9271967453c130875abebadc94c05.jpg</path>
	<source>
		<database>roboflow.ai</database>
	</source>
	<size>
		<width>1024</width>
		<height>768</height>
		<depth>3</depth>
	</size>
	<segmented>0</segmented>
	<object>
		<name>Beer</name>
		<pose>Unspecified</pose>
		<truncated>0</truncated>
		<difficult>0</difficult>
		<occluded>0</occluded>
		<bndbox>
			<xmin>501</xmin>
			<xmax>621</xmax>
			<ymin>183</ymin>
			<ymax>678</ymax>
		</bndbox>
	</object>
	<object>
		<name>Beer</name>
		<pose>Unspecified</pose>
		<truncated>0</truncated>
		<difficult>0</difficult>
		<occluded>0</occluded>
		<bndbox>
			<xmin>707</xmin>
			<xmax>829</xmax>
			<ymin>227</ymin>
			<ymax>656</ymax>
		</bndbox>
	</object>
	<object>
		<name>Beer</name>
		<pose>Unspecified</pose>
		<truncated>0</truncated>
		<difficult>0</difficult>
		<occluded>0</occluded>
		<bndbox>
			<xmin>258</xmin>
			<xmax>385</xmax>
			<ymin>260</ymin>
			<ymax>670</ymax>
		</bndbox>
	</object>
</annotation>
