<annotation>
	<folder></folder>
	<filename>IMG_4790_JPG.rf.7ccd19ac8249644349bec6a896134f65.jpg</filename>
	<path>IMG_4790_JPG.rf.7ccd19ac8249644349bec6a896134f65.jpg</path>
	<source>
		<database>roboflow.ai</database>
	</source>
	<size>
		<width>1024</width>
		<height>768</height>
		<depth>3</depth>
	</size>
	<segmented>0</segmented>
	<object>
		<name>Water</name>
		<pose>Unspecified</pose>
		<truncated>0</truncated>
		<difficult>0</difficult>
		<occluded>0</occluded>
		<bndbox>
			<xmin>465</xmin>
			<xmax>628</xmax>
			<ymin>50</ymin>
			<ymax>683</ymax>
		</bndbox>
	</object>
</annotation>
