<annotation>
	<folder></folder>
	<filename>IMG_5199_JPG.rf.7b977d2f339bf78df9cfbea9524e5939.jpg</filename>
	<path>IMG_5199_JPG.rf.7b977d2f339bf78df9cfbea9524e5939.jpg</path>
	<source>
		<database>roboflow.ai</database>
	</source>
	<size>
		<width>1024</width>
		<height>768</height>
		<depth>3</depth>
	</size>
	<segmented>0</segmented>
	<object>
		<name>Soap</name>
		<pose>Unspecified</pose>
		<truncated>0</truncated>
		<difficult>0</difficult>
		<occluded>0</occluded>
		<bndbox>
			<xmin>324</xmin>
			<xmax>497</xmax>
			<ymin>18</ymin>
			<ymax>656</ymax>
		</bndbox>
	</object>
	<object>
		<name>Soap</name>
		<pose>Unspecified</pose>
		<truncated>0</truncated>
		<difficult>0</difficult>
		<occluded>0</occluded>
		<bndbox>
			<xmin>642</xmin>
			<xmax>817</xmax>
			<ymin>66</ymin>
			<ymax>643</ymax>
		</bndbox>
	</object>
</annotation>
