<annotation>
	<folder></folder>
	<filename>IMG_4828_JPG.rf.a96ac1f12662626a31944051a984337b.jpg</filename>
	<path>IMG_4828_JPG.rf.a96ac1f12662626a31944051a984337b.jpg</path>
	<source>
		<database>roboflow.ai</database>
	</source>
	<size>
		<width>1024</width>
		<height>768</height>
		<depth>3</depth>
	</size>
	<segmented>0</segmented>
	<object>
		<name>WineRed</name>
		<pose>Unspecified</pose>
		<truncated>0</truncated>
		<difficult>0</difficult>
		<occluded>0</occluded>
		<bndbox>
			<xmin>299</xmin>
			<xmax>488</xmax>
			<ymin>8</ymin>
			<ymax>713</ymax>
		</bndbox>
	</object>
	<object>
		<name>WineRed</name>
		<pose>Unspecified</pose>
		<truncated>0</truncated>
		<difficult>0</difficult>
		<occluded>0</occluded>
		<bndbox>
			<xmin>612</xmin>
			<xmax>765</xmax>
			<ymin>73</ymin>
			<ymax>649</ymax>
		</bndbox>
	</object>
</annotation>
