<annotation>
	<folder></folder>
	<filename>IMG_4985_JPG.rf.29cbd1bef870e9c91a0cc7bb56c6ca4a.jpg</filename>
	<path>IMG_4985_JPG.rf.29cbd1bef870e9c91a0cc7bb56c6ca4a.jpg</path>
	<source>
		<database>roboflow.ai</database>
	</source>
	<size>
		<width>1024</width>
		<height>768</height>
		<depth>3</depth>
	</size>
	<segmented>0</segmented>
	<object>
		<name>WineWhite</name>
		<pose>Unspecified</pose>
		<truncated>0</truncated>
		<difficult>0</difficult>
		<occluded>0</occluded>
		<bndbox>
			<xmin>23</xmin>
			<xmax>214</xmax>
			<ymin>84</ymin>
			<ymax>703</ymax>
		</bndbox>
	</object>
	<object>
		<name>WineWhite</name>
		<pose>Unspecified</pose>
		<truncated>0</truncated>
		<difficult>0</difficult>
		<occluded>0</occluded>
		<bndbox>
			<xmin>390</xmin>
			<xmax>502</xmax>
			<ymin>170</ymin>
			<ymax>633</ymax>
		</bndbox>
	</object>
	<object>
		<name>WineWhite</name>
		<pose>Unspecified</pose>
		<truncated>0</truncated>
		<difficult>0</difficult>
		<occluded>0</occluded>
		<bndbox>
			<xmin>266</xmin>
			<xmax>404</xmax>
			<ymin>166</ymin>
			<ymax>663</ymax>
		</bndbox>
	</object>
	<object>
		<name>WineWhite</name>
		<pose>Unspecified</pose>
		<truncated>0</truncated>
		<difficult>0</difficult>
		<occluded>0</occluded>
		<bndbox>
			<xmin>641</xmin>
			<xmax>763</xmax>
			<ymin>195</ymin>
			<ymax>647</ymax>
		</bndbox>
	</object>
	<object>
		<name>WineWhite</name>
		<pose>Unspecified</pose>
		<truncated>0</truncated>
		<difficult>0</difficult>
		<occluded>0</occluded>
		<bndbox>
			<xmin>855</xmin>
			<xmax>1007</xmax>
			<ymin>152</ymin>
			<ymax>695</ymax>
		</bndbox>
	</object>
</annotation>
