<annotation>
	<folder></folder>
	<filename>IMG_4952-2_JPG.rf.cfcb5d47422c430503e48e0fc9ccfa8b.jpg</filename>
	<path>IMG_4952-2_JPG.rf.cfcb5d47422c430503e48e0fc9ccfa8b.jpg</path>
	<source>
		<database>roboflow.ai</database>
	</source>
	<size>
		<width>1024</width>
		<height>768</height>
		<depth>3</depth>
	</size>
	<segmented>0</segmented>
	<object>
		<name>Milk</name>
		<pose>Unspecified</pose>
		<truncated>0</truncated>
		<difficult>0</difficult>
		<occluded>0</occluded>
		<bndbox>
			<xmin>267</xmin>
			<xmax>547</xmax>
			<ymin>1</ymin>
			<ymax>752</ymax>
		</bndbox>
	</object>
	<object>
		<name>Milk</name>
		<pose>Unspecified</pose>
		<truncated>0</truncated>
		<difficult>0</difficult>
		<occluded>0</occluded>
		<bndbox>
			<xmin>603</xmin>
			<xmax>805</xmax>
			<ymin>229</ymin>
			<ymax>639</ymax>
		</bndbox>
	</object>
</annotation>
