<annotation>
	<folder></folder>
	<filename>IMG_4748_JPG.rf.a1fc3c507f24b6dd513a3b4b0c5e6c55.jpg</filename>
	<path>IMG_4748_JPG.rf.a1fc3c507f24b6dd513a3b4b0c5e6c55.jpg</path>
	<source>
		<database>roboflow.ai</database>
	</source>
	<size>
		<width>1024</width>
		<height>768</height>
		<depth>3</depth>
	</size>
	<segmented>0</segmented>
	<object>
		<name>Milk</name>
		<pose>Unspecified</pose>
		<truncated>0</truncated>
		<difficult>0</difficult>
		<occluded>0</occluded>
		<bndbox>
			<xmin>396</xmin>
			<xmax>606</xmax>
			<ymin>72</ymin>
			<ymax>650</ymax>
		</bndbox>
	</object>
</annotation>
