<annotation>
	<folder></folder>
	<filename>IMG_5166_JPG.rf.016a717c41508565fd9c67c091cca34d.jpg</filename>
	<path>IMG_5166_JPG.rf.016a717c41508565fd9c67c091cca34d.jpg</path>
	<source>
		<database>roboflow.ai</database>
	</source>
	<size>
		<width>1024</width>
		<height>768</height>
		<depth>3</depth>
	</size>
	<segmented>0</segmented>
	<object>
		<name>OrangeJuice</name>
		<pose>Unspecified</pose>
		<truncated>0</truncated>
		<difficult>0</difficult>
		<occluded>0</occluded>
		<bndbox>
			<xmin>590</xmin>
			<xmax>778</xmax>
			<ymin>38</ymin>
			<ymax>613</ymax>
		</bndbox>
	</object>
	<object>
		<name>OrangeJuice</name>
		<pose>Unspecified</pose>
		<truncated>0</truncated>
		<difficult>0</difficult>
		<occluded>0</occluded>
		<bndbox>
			<xmin>256</xmin>
			<xmax>460</xmax>
			<ymin>99</ymin>
			<ymax>612</ymax>
		</bndbox>
	</object>
</annotation>
