<annotation>
	<folder></folder>
	<filename>IMG_4757_JPG.rf.7985cba624dcf4397b4b4f6c0e21b9d6.jpg</filename>
	<path>IMG_4757_JPG.rf.7985cba624dcf4397b4b4f6c0e21b9d6.jpg</path>
	<source>
		<database>roboflow.ai</database>
	</source>
	<size>
		<width>1024</width>
		<height>768</height>
		<depth>3</depth>
	</size>
	<segmented>0</segmented>
	<object>
		<name>Milk</name>
		<pose>Unspecified</pose>
		<truncated>0</truncated>
		<difficult>0</difficult>
		<occluded>0</occluded>
		<bndbox>
			<xmin>683</xmin>
			<xmax>834</xmax>
			<ymin>135</ymin>
			<ymax>528</ymax>
		</bndbox>
	</object>
	<object>
		<name>Milk</name>
		<pose>Unspecified</pose>
		<truncated>0</truncated>
		<difficult>0</difficult>
		<occluded>0</occluded>
		<bndbox>
			<xmin>368</xmin>
			<xmax>538</xmax>
			<ymin>138</ymin>
			<ymax>589</ymax>
		</bndbox>
	</object>
</annotation>
