<annotation>
	<folder></folder>
	<filename>IMG_5206_JPG.rf.cf9463032d3f643f28be8c40e9698b39.jpg</filename>
	<path>IMG_5206_JPG.rf.cf9463032d3f643f28be8c40e9698b39.jpg</path>
	<source>
		<database>roboflow.ai</database>
	</source>
	<size>
		<width>1024</width>
		<height>768</height>
		<depth>3</depth>
	</size>
	<segmented>0</segmented>
	<object>
		<name>Soap</name>
		<pose>Unspecified</pose>
		<truncated>0</truncated>
		<difficult>0</difficult>
		<occluded>0</occluded>
		<bndbox>
			<xmin>686</xmin>
			<xmax>835</xmax>
			<ymin>81</ymin>
			<ymax>582</ymax>
		</bndbox>
	</object>
	<object>
		<name>Soap</name>
		<pose>Unspecified</pose>
		<truncated>0</truncated>
		<difficult>0</difficult>
		<occluded>0</occluded>
		<bndbox>
			<xmin>398</xmin>
			<xmax>499</xmax>
			<ymin>171</ymin>
			<ymax>532</ymax>
		</bndbox>
	</object>
	<object>
		<name>Soap</name>
		<pose>Unspecified</pose>
		<truncated>0</truncated>
		<difficult>0</difficult>
		<occluded>0</occluded>
		<bndbox>
			<xmin>558</xmin>
			<xmax>682</xmax>
			<ymin>145</ymin>
			<ymax>558</ymax>
		</bndbox>
	</object>
	<object>
		<name>Soap</name>
		<pose>Unspecified</pose>
		<truncated>0</truncated>
		<difficult>0</difficult>
		<occluded>0</occluded>
		<bndbox>
			<xmin>197</xmin>
			<xmax>309</xmax>
			<ymin>173</ymin>
			<ymax>534</ymax>
		</bndbox>
	</object>
</annotation>
