<annotation>
	<folder></folder>
	<filename>IMG_4789_JPG.rf.774504929ff35b53457385ceea9e3226.jpg</filename>
	<path>IMG_4789_JPG.rf.774504929ff35b53457385ceea9e3226.jpg</path>
	<source>
		<database>roboflow.ai</database>
	</source>
	<size>
		<width>1024</width>
		<height>768</height>
		<depth>3</depth>
	</size>
	<segmented>0</segmented>
	<object>
		<name>Water</name>
		<pose>Unspecified</pose>
		<truncated>0</truncated>
		<difficult>0</difficult>
		<occluded>0</occluded>
		<bndbox>
			<xmin>434</xmin>
			<xmax>601</xmax>
			<ymin>20</ymin>
			<ymax>654</ymax>
		</bndbox>
	</object>
</annotation>
