<annotation>
	<folder></folder>
	<filename>IMG_4788_JPG.rf.fbfe9f7aac66fec38092b6e5c0d44154.jpg</filename>
	<path>IMG_4788_JPG.rf.fbfe9f7aac66fec38092b6e5c0d44154.jpg</path>
	<source>
		<database>roboflow.ai</database>
	</source>
	<size>
		<width>1024</width>
		<height>768</height>
		<depth>3</depth>
	</size>
	<segmented>0</segmented>
	<object>
		<name>Water</name>
		<pose>Unspecified</pose>
		<truncated>0</truncated>
		<difficult>0</difficult>
		<occluded>0</occluded>
		<bndbox>
			<xmin>446</xmin>
			<xmax>634</xmax>
			<ymin>1</ymin>
			<ymax>718</ymax>
		</bndbox>
	</object>
</annotation>
