<annotation>
	<folder></folder>
	<filename>IMG_4969_JPG.rf.deac0d469edd200eba670ab0173937ce.jpg</filename>
	<path>IMG_4969_JPG.rf.deac0d469edd200eba670ab0173937ce.jpg</path>
	<source>
		<database>roboflow.ai</database>
	</source>
	<size>
		<width>1024</width>
		<height>768</height>
		<depth>3</depth>
	</size>
	<segmented>0</segmented>
	<object>
		<name>OrangeJuice</name>
		<pose>Unspecified</pose>
		<truncated>0</truncated>
		<difficult>0</difficult>
		<occluded>0</occluded>
		<bndbox>
			<xmin>431</xmin>
			<xmax>699</xmax>
			<ymin>34</ymin>
			<ymax>765</ymax>
		</bndbox>
	</object>
</annotation>
