<annotation>
	<folder></folder>
	<filename>IMG_5180_JPG.rf.a457715d75d66f3dffdade4f64f89bae.jpg</filename>
	<path>IMG_5180_JPG.rf.a457715d75d66f3dffdade4f64f89bae.jpg</path>
	<source>
		<database>roboflow.ai</database>
	</source>
	<size>
		<width>1024</width>
		<height>768</height>
		<depth>3</depth>
	</size>
	<segmented>0</segmented>
	<object>
		<name>OrangeJuice</name>
		<pose>Unspecified</pose>
		<truncated>0</truncated>
		<difficult>0</difficult>
		<occluded>0</occluded>
		<bndbox>
			<xmin>200</xmin>
			<xmax>391</xmax>
			<ymin>74</ymin>
			<ymax>657</ymax>
		</bndbox>
	</object>
	<object>
		<name>OrangeJuice</name>
		<pose>Unspecified</pose>
		<truncated>0</truncated>
		<difficult>0</difficult>
		<occluded>0</occluded>
		<bndbox>
			<xmin>589</xmin>
			<xmax>782</xmax>
			<ymin>141</ymin>
			<ymax>622</ymax>
		</bndbox>
	</object>
</annotation>
