<annotation>
	<folder></folder>
	<filename>IMG_5002_JPG.rf.f3583f3a17d194db064b8d26947be4c7.jpg</filename>
	<path>IMG_5002_JPG.rf.f3583f3a17d194db064b8d26947be4c7.jpg</path>
	<source>
		<database>roboflow.ai</database>
	</source>
	<size>
		<width>1024</width>
		<height>768</height>
		<depth>3</depth>
	</size>
	<segmented>0</segmented>
	<object>
		<name>WineWhite</name>
		<pose>Unspecified</pose>
		<truncated>0</truncated>
		<difficult>0</difficult>
		<occluded>0</occluded>
		<bndbox>
			<xmin>407</xmin>
			<xmax>595</xmax>
			<ymin>1</ymin>
			<ymax>717</ymax>
		</bndbox>
	</object>
	<object>
		<name>WineWhite</name>
		<pose>Unspecified</pose>
		<truncated>0</truncated>
		<difficult>0</difficult>
		<occluded>0</occluded>
		<bndbox>
			<xmin>239</xmin>
			<xmax>408</xmax>
			<ymin>96</ymin>
			<ymax>673</ymax>
		</bndbox>
	</object>
	<object>
		<name>WineWhite</name>
		<pose>Unspecified</pose>
		<truncated>0</truncated>
		<difficult>0</difficult>
		<occluded>0</occluded>
		<bndbox>
			<xmin>601</xmin>
			<xmax>755</xmax>
			<ymin>108</ymin>
			<ymax>678</ymax>
		</bndbox>
	</object>
</annotation>
