<annotation>
	<folder></folder>
	<filename>IMG_4890_JPG.rf.30494445d2322b55cd197da09e17e655.jpg</filename>
	<path>IMG_4890_JPG.rf.30494445d2322b55cd197da09e17e655.jpg</path>
	<source>
		<database>roboflow.ai</database>
	</source>
	<size>
		<width>1024</width>
		<height>768</height>
		<depth>3</depth>
	</size>
	<segmented>0</segmented>
	<object>
		<name>BeerCan</name>
		<pose>Unspecified</pose>
		<truncated>0</truncated>
		<difficult>0</difficult>
		<occluded>0</occluded>
		<bndbox>
			<xmin>56</xmin>
			<xmax>281</xmax>
			<ymin>251</ymin>
			<ymax>752</ymax>
		</bndbox>
	</object>
	<object>
		<name>BeerCan</name>
		<pose>Unspecified</pose>
		<truncated>0</truncated>
		<difficult>0</difficult>
		<occluded>0</occluded>
		<bndbox>
			<xmin>589</xmin>
			<xmax>774</xmax>
			<ymin>273</ymin>
			<ymax>733</ymax>
		</bndbox>
	</object>
	<object>
		<name>BeerCan</name>
		<pose>Unspecified</pose>
		<truncated>0</truncated>
		<difficult>0</difficult>
		<occluded>0</occluded>
		<bndbox>
			<xmin>802</xmin>
			<xmax>972</xmax>
			<ymin>326</ymin>
			<ymax>690</ymax>
		</bndbox>
	</object>
</annotation>
