<annotation>
	<folder></folder>
	<filename>IMG_4778_JPG.rf.5cbc500db24d7a524367430c5eabdd4c.jpg</filename>
	<path>IMG_4778_JPG.rf.5cbc500db24d7a524367430c5eabdd4c.jpg</path>
	<source>
		<database>roboflow.ai</database>
	</source>
	<size>
		<width>1024</width>
		<height>768</height>
		<depth>3</depth>
	</size>
	<segmented>0</segmented>
	<object>
		<name>Beer</name>
		<pose>Unspecified</pose>
		<truncated>0</truncated>
		<difficult>0</difficult>
		<occluded>0</occluded>
		<bndbox>
			<xmin>622</xmin>
			<xmax>748</xmax>
			<ymin>38</ymin>
			<ymax>532</ymax>
		</bndbox>
	</object>
	<object>
		<name>Beer</name>
		<pose>Unspecified</pose>
		<truncated>0</truncated>
		<difficult>0</difficult>
		<occluded>0</occluded>
		<bndbox>
			<xmin>207</xmin>
			<xmax>351</xmax>
			<ymin>15</ymin>
			<ymax>558</ymax>
		</bndbox>
	</object>
	<object>
		<name>Beer</name>
		<pose>Unspecified</pose>
		<truncated>0</truncated>
		<difficult>0</difficult>
		<occluded>0</occluded>
		<bndbox>
			<xmin>506</xmin>
			<xmax>592</xmax>
			<ymin>203</ymin>
			<ymax>478</ymax>
		</bndbox>
	</object>
</annotation>
