<annotation>
	<folder></folder>
	<filename>IMG_4968-2_JPG.rf.e5beda2bb95dc736ca60587f26cc2c31.jpg</filename>
	<path>IMG_4968-2_JPG.rf.e5beda2bb95dc736ca60587f26cc2c31.jpg</path>
	<source>
		<database>roboflow.ai</database>
	</source>
	<size>
		<width>1024</width>
		<height>768</height>
		<depth>3</depth>
	</size>
	<segmented>0</segmented>
	<object>
		<name>OrangeJuice</name>
		<pose>Unspecified</pose>
		<truncated>0</truncated>
		<difficult>0</difficult>
		<occluded>0</occluded>
		<bndbox>
			<xmin>405</xmin>
			<xmax>641</xmax>
			<ymin>90</ymin>
			<ymax>737</ymax>
		</bndbox>
	</object>
</annotation>
