<annotation>
	<folder></folder>
	<filename>IMG_4929-2_JPG.rf.d60ab56a1fe29f8b2c12bfb7ccba4382.jpg</filename>
	<path>IMG_4929-2_JPG.rf.d60ab56a1fe29f8b2c12bfb7ccba4382.jpg</path>
	<source>
		<database>roboflow.ai</database>
	</source>
	<size>
		<width>1024</width>
		<height>768</height>
		<depth>3</depth>
	</size>
	<segmented>0</segmented>
	<object>
		<name>Milk</name>
		<pose>Unspecified</pose>
		<truncated>0</truncated>
		<difficult>0</difficult>
		<occluded>0</occluded>
		<bndbox>
			<xmin>502</xmin>
			<xmax>814</xmax>
			<ymin>87</ymin>
			<ymax>715</ymax>
		</bndbox>
	</object>
	<object>
		<name>Milk</name>
		<pose>Unspecified</pose>
		<truncated>0</truncated>
		<difficult>0</difficult>
		<occluded>0</occluded>
		<bndbox>
			<xmin>169</xmin>
			<xmax>420</xmax>
			<ymin>127</ymin>
			<ymax>718</ymax>
		</bndbox>
	</object>
</annotation>
