<annotation>
	<folder></folder>
	<filename>IMG_5094_JPG.rf.c5626ba9686733c0b2442c52c8a6cfc0.jpg</filename>
	<path>IMG_5094_JPG.rf.c5626ba9686733c0b2442c52c8a6cfc0.jpg</path>
	<source>
		<database>roboflow.ai</database>
	</source>
	<size>
		<width>1024</width>
		<height>768</height>
		<depth>3</depth>
	</size>
	<segmented>0</segmented>
	<object>
		<name>oil</name>
		<pose>Unspecified</pose>
		<truncated>0</truncated>
		<difficult>0</difficult>
		<occluded>0</occluded>
		<bndbox>
			<xmin>152</xmin>
			<xmax>385</xmax>
			<ymin>65</ymin>
			<ymax>682</ymax>
		</bndbox>
	</object>
	<object>
		<name>oil</name>
		<pose>Unspecified</pose>
		<truncated>0</truncated>
		<difficult>0</difficult>
		<occluded>0</occluded>
		<bndbox>
			<xmin>386</xmin>
			<xmax>559</xmax>
			<ymin>81</ymin>
			<ymax>688</ymax>
		</bndbox>
	</object>
	<object>
		<name>oil</name>
		<pose>Unspecified</pose>
		<truncated>0</truncated>
		<difficult>0</difficult>
		<occluded>0</occluded>
		<bndbox>
			<xmin>555</xmin>
			<xmax>707</xmax>
			<ymin>125</ymin>
			<ymax>674</ymax>
		</bndbox>
	</object>
	<object>
		<name>oil</name>
		<pose>Unspecified</pose>
		<truncated>0</truncated>
		<difficult>0</difficult>
		<occluded>0</occluded>
		<bndbox>
			<xmin>667</xmin>
			<xmax>852</xmax>
			<ymin>139</ymin>
			<ymax>665</ymax>
		</bndbox>
	</object>
</annotation>
