<annotation>
	<folder></folder>
	<filename>IMG_4967-2_JPG.rf.f71568a9e499a73633635821c7f208e1.jpg</filename>
	<path>IMG_4967-2_JPG.rf.f71568a9e499a73633635821c7f208e1.jpg</path>
	<source>
		<database>roboflow.ai</database>
	</source>
	<size>
		<width>1024</width>
		<height>768</height>
		<depth>3</depth>
	</size>
	<segmented>0</segmented>
	<object>
		<name>Milk</name>
		<pose>Unspecified</pose>
		<truncated>0</truncated>
		<difficult>0</difficult>
		<occluded>0</occluded>
		<bndbox>
			<xmin>699</xmin>
			<xmax>914</xmax>
			<ymin>70</ymin>
			<ymax>648</ymax>
		</bndbox>
	</object>
	<object>
		<name>Milk</name>
		<pose>Unspecified</pose>
		<truncated>0</truncated>
		<difficult>0</difficult>
		<occluded>0</occluded>
		<bndbox>
			<xmin>270</xmin>
			<xmax>525</xmax>
			<ymin>103</ymin>
			<ymax>667</ymax>
		</bndbox>
	</object>
</annotation>
