<annotation>
	<folder></folder>
	<filename>IMG_4885_JPG.rf.67ff348cc73d444d615a23c66d1da517.jpg</filename>
	<path>IMG_4885_JPG.rf.67ff348cc73d444d615a23c66d1da517.jpg</path>
	<source>
		<database>roboflow.ai</database>
	</source>
	<size>
		<width>1024</width>
		<height>768</height>
		<depth>3</depth>
	</size>
	<segmented>0</segmented>
	<object>
		<name>WineRed</name>
		<pose>Unspecified</pose>
		<truncated>0</truncated>
		<difficult>0</difficult>
		<occluded>0</occluded>
		<bndbox>
			<xmin>598</xmin>
			<xmax>743</xmax>
			<ymin>70</ymin>
			<ymax>680</ymax>
		</bndbox>
	</object>
</annotation>
