<annotation>
	<folder></folder>
	<filename>IMG_4767_JPG.rf.6e550a02d43888878d10275a538bd0f5.jpg</filename>
	<path>IMG_4767_JPG.rf.6e550a02d43888878d10275a538bd0f5.jpg</path>
	<source>
		<database>roboflow.ai</database>
	</source>
	<size>
		<width>1024</width>
		<height>768</height>
		<depth>3</depth>
	</size>
	<segmented>0</segmented>
	<object>
		<name>Beer</name>
		<pose>Unspecified</pose>
		<truncated>0</truncated>
		<difficult>0</difficult>
		<occluded>0</occluded>
		<bndbox>
			<xmin>302</xmin>
			<xmax>450</xmax>
			<ymin>15</ymin>
			<ymax>585</ymax>
		</bndbox>
	</object>
	<object>
		<name>Beer</name>
		<pose>Unspecified</pose>
		<truncated>0</truncated>
		<difficult>0</difficult>
		<occluded>0</occluded>
		<bndbox>
			<xmin>521</xmin>
			<xmax>663</xmax>
			<ymin>46</ymin>
			<ymax>596</ymax>
		</bndbox>
	</object>
	<object>
		<name>Beer</name>
		<pose>Unspecified</pose>
		<truncated>0</truncated>
		<difficult>0</difficult>
		<occluded>0</occluded>
		<bndbox>
			<xmin>697</xmin>
			<xmax>909</xmax>
			<ymin>34</ymin>
			<ymax>714</ymax>
		</bndbox>
	</object>
</annotation>
