<annotation>
	<folder></folder>
	<filename>IMG_5159_JPG.rf.0e68bb8872a55f65604a2220d1af531b.jpg</filename>
	<path>IMG_5159_JPG.rf.0e68bb8872a55f65604a2220d1af531b.jpg</path>
	<source>
		<database>roboflow.ai</database>
	</source>
	<size>
		<width>1024</width>
		<height>768</height>
		<depth>3</depth>
	</size>
	<segmented>0</segmented>
	<object>
		<name>OrangeJuice</name>
		<pose>Unspecified</pose>
		<truncated>0</truncated>
		<difficult>0</difficult>
		<occluded>0</occluded>
		<bndbox>
			<xmin>513</xmin>
			<xmax>712</xmax>
			<ymin>38</ymin>
			<ymax>647</ymax>
		</bndbox>
	</object>
	<object>
		<name>OrangeJuice</name>
		<pose>Unspecified</pose>
		<truncated>0</truncated>
		<difficult>0</difficult>
		<occluded>0</occluded>
		<bndbox>
			<xmin>209</xmin>
			<xmax>480</xmax>
			<ymin>13</ymin>
			<ymax>739</ymax>
		</bndbox>
	</object>
</annotation>
