<annotation>
	<folder></folder>
	<filename>IMG_4743_JPG.rf.71cf0b61903c5266d124422c4d24e0d4.jpg</filename>
	<path>IMG_4743_JPG.rf.71cf0b61903c5266d124422c4d24e0d4.jpg</path>
	<source>
		<database>roboflow.ai</database>
	</source>
	<size>
		<width>1024</width>
		<height>768</height>
		<depth>3</depth>
	</size>
	<segmented>0</segmented>
	<object>
		<name>Milk</name>
		<pose>Unspecified</pose>
		<truncated>0</truncated>
		<difficult>0</difficult>
		<occluded>0</occluded>
		<bndbox>
			<xmin>371</xmin>
			<xmax>597</xmax>
			<ymin>94</ymin>
			<ymax>666</ymax>
		</bndbox>
	</object>
</annotation>
