<annotation>
	<folder></folder>
	<filename>IMG_5079_JPG.rf.096aef272b61bb5fb6cad8de9104a102.jpg</filename>
	<path>IMG_5079_JPG.rf.096aef272b61bb5fb6cad8de9104a102.jpg</path>
	<source>
		<database>roboflow.ai</database>
	</source>
	<size>
		<width>1024</width>
		<height>768</height>
		<depth>3</depth>
	</size>
	<segmented>0</segmented>
	<object>
		<name>oil</name>
		<pose>Unspecified</pose>
		<truncated>0</truncated>
		<difficult>0</difficult>
		<occluded>0</occluded>
		<bndbox>
			<xmin>225</xmin>
			<xmax>401</xmax>
			<ymin>64</ymin>
			<ymax>683</ymax>
		</bndbox>
	</object>
	<object>
		<name>oil</name>
		<pose>Unspecified</pose>
		<truncated>0</truncated>
		<difficult>0</difficult>
		<occluded>0</occluded>
		<bndbox>
			<xmin>593</xmin>
			<xmax>756</xmax>
			<ymin>78</ymin>
			<ymax>682</ymax>
		</bndbox>
	</object>
	<object>
		<name>oil</name>
		<pose>Unspecified</pose>
		<truncated>0</truncated>
		<difficult>0</difficult>
		<occluded>0</occluded>
		<bndbox>
			<xmin>402</xmin>
			<xmax>555</xmax>
			<ymin>83</ymin>
			<ymax>681</ymax>
		</bndbox>
	</object>
</annotation>
