<annotation>
	<folder></folder>
	<filename>IMG_4957-2_JPG.rf.031cfcd83186e6fa32d7ffbca678ebce.jpg</filename>
	<path>IMG_4957-2_JPG.rf.031cfcd83186e6fa32d7ffbca678ebce.jpg</path>
	<source>
		<database>roboflow.ai</database>
	</source>
	<size>
		<width>1024</width>
		<height>768</height>
		<depth>3</depth>
	</size>
	<segmented>0</segmented>
	<object>
		<name>Milk</name>
		<pose>Unspecified</pose>
		<truncated>0</truncated>
		<difficult>0</difficult>
		<occluded>0</occluded>
		<bndbox>
			<xmin>246</xmin>
			<xmax>480</xmax>
			<ymin>162</ymin>
			<ymax>742</ymax>
		</bndbox>
	</object>
	<object>
		<name>Milk</name>
		<pose>Unspecified</pose>
		<truncated>0</truncated>
		<difficult>0</difficult>
		<occluded>0</occluded>
		<bndbox>
			<xmin>613</xmin>
			<xmax>767</xmax>
			<ymin>333</ymin>
			<ymax>686</ymax>
		</bndbox>
	</object>
</annotation>
