<annotation>
	<folder></folder>
	<filename>IMG_4846_JPG.rf.727e82b66a5cfcc6b775af5f25c682cd.jpg</filename>
	<path>IMG_4846_JPG.rf.727e82b66a5cfcc6b775af5f25c682cd.jpg</path>
	<source>
		<database>roboflow.ai</database>
	</source>
	<size>
		<width>1024</width>
		<height>768</height>
		<depth>3</depth>
	</size>
	<segmented>0</segmented>
	<object>
		<name>WineRed</name>
		<pose>Unspecified</pose>
		<truncated>0</truncated>
		<difficult>0</difficult>
		<occluded>0</occluded>
		<bndbox>
			<xmin>254</xmin>
			<xmax>390</xmax>
			<ymin>112</ymin>
			<ymax>585</ymax>
		</bndbox>
	</object>
	<object>
		<name>WineRed</name>
		<pose>Unspecified</pose>
		<truncated>0</truncated>
		<difficult>0</difficult>
		<occluded>0</occluded>
		<bndbox>
			<xmin>404</xmin>
			<xmax>531</xmax>
			<ymin>116</ymin>
			<ymax>605</ymax>
		</bndbox>
	</object>
	<object>
		<name>WineRed</name>
		<pose>Unspecified</pose>
		<truncated>0</truncated>
		<difficult>0</difficult>
		<occluded>0</occluded>
		<bndbox>
			<xmin>588</xmin>
			<xmax>731</xmax>
			<ymin>107</ymin>
			<ymax>617</ymax>
		</bndbox>
	</object>
	<object>
		<name>WineWhite</name>
		<pose>Unspecified</pose>
		<truncated>0</truncated>
		<difficult>0</difficult>
		<occluded>0</occluded>
		<bndbox>
			<xmin>742</xmin>
			<xmax>893</xmax>
			<ymin>126</ymin>
			<ymax>622</ymax>
		</bndbox>
	</object>
</annotation>
