<annotation>
	<folder></folder>
	<filename>IMG_5165_JPG.rf.1ebca7544120c75df3297fb20636ff2f.jpg</filename>
	<path>IMG_5165_JPG.rf.1ebca7544120c75df3297fb20636ff2f.jpg</path>
	<source>
		<database>roboflow.ai</database>
	</source>
	<size>
		<width>1024</width>
		<height>768</height>
		<depth>3</depth>
	</size>
	<segmented>0</segmented>
	<object>
		<name>OrangeJuice</name>
		<pose>Unspecified</pose>
		<truncated>0</truncated>
		<difficult>0</difficult>
		<occluded>0</occluded>
		<bndbox>
			<xmin>557</xmin>
			<xmax>684</xmax>
			<ymin>187</ymin>
			<ymax>585</ymax>
		</bndbox>
	</object>
	<object>
		<name>OrangeJuice</name>
		<pose>Unspecified</pose>
		<truncated>0</truncated>
		<difficult>0</difficult>
		<occluded>0</occluded>
		<bndbox>
			<xmin>378</xmin>
			<xmax>533</xmax>
			<ymin>200</ymin>
			<ymax>613</ymax>
		</bndbox>
	</object>
</annotation>
