<annotation>
	<folder></folder>
	<filename>IMG_4901-2_JPG.rf.9340391c56ed1fb643efc564f0179a81.jpg</filename>
	<path>IMG_4901-2_JPG.rf.9340391c56ed1fb643efc564f0179a81.jpg</path>
	<source>
		<database>roboflow.ai</database>
	</source>
	<size>
		<width>1024</width>
		<height>768</height>
		<depth>3</depth>
	</size>
	<segmented>0</segmented>
	<object>
		<name>BeerCan</name>
		<pose>Unspecified</pose>
		<truncated>0</truncated>
		<difficult>0</difficult>
		<occluded>0</occluded>
		<bndbox>
			<xmin>139</xmin>
			<xmax>354</xmax>
			<ymin>216</ymin>
			<ymax>704</ymax>
		</bndbox>
	</object>
	<object>
		<name>BeerCan</name>
		<pose>Unspecified</pose>
		<truncated>0</truncated>
		<difficult>0</difficult>
		<occluded>0</occluded>
		<bndbox>
			<xmin>450</xmin>
			<xmax>630</xmax>
			<ymin>239</ymin>
			<ymax>704</ymax>
		</bndbox>
	</object>
	<object>
		<name>BeerCan</name>
		<pose>Unspecified</pose>
		<truncated>0</truncated>
		<difficult>0</difficult>
		<occluded>0</occluded>
		<bndbox>
			<xmin>676</xmin>
			<xmax>859</xmax>
			<ymin>255</ymin>
			<ymax>705</ymax>
		</bndbox>
	</object>
</annotation>
