<annotation>
	<folder></folder>
	<filename>IMG_4902-2_JPG.rf.d7cd31b6db2a7f238b9e078c0056836a.jpg</filename>
	<path>IMG_4902-2_JPG.rf.d7cd31b6db2a7f238b9e078c0056836a.jpg</path>
	<source>
		<database>roboflow.ai</database>
	</source>
	<size>
		<width>1024</width>
		<height>768</height>
		<depth>3</depth>
	</size>
	<segmented>0</segmented>
	<object>
		<name>BeerCan</name>
		<pose>Unspecified</pose>
		<truncated>0</truncated>
		<difficult>0</difficult>
		<occluded>0</occluded>
		<bndbox>
			<xmin>120</xmin>
			<xmax>411</xmax>
			<ymin>57</ymin>
			<ymax>706</ymax>
		</bndbox>
	</object>
	<object>
		<name>BeerCan</name>
		<pose>Unspecified</pose>
		<truncated>0</truncated>
		<difficult>0</difficult>
		<occluded>0</occluded>
		<bndbox>
			<xmin>427</xmin>
			<xmax>629</xmax>
			<ymin>189</ymin>
			<ymax>666</ymax>
		</bndbox>
	</object>
	<object>
		<name>BeerCan</name>
		<pose>Unspecified</pose>
		<truncated>0</truncated>
		<difficult>0</difficult>
		<occluded>0</occluded>
		<bndbox>
			<xmin>686</xmin>
			<xmax>855</xmax>
			<ymin>253</ymin>
			<ymax>654</ymax>
		</bndbox>
	</object>
</annotation>
