<annotation>
	<folder></folder>
	<filename>IMG_4935-2_JPG.rf.a29050e823b2df94335dfa9fb784a8da.jpg</filename>
	<path>IMG_4935-2_JPG.rf.a29050e823b2df94335dfa9fb784a8da.jpg</path>
	<source>
		<database>roboflow.ai</database>
	</source>
	<size>
		<width>1024</width>
		<height>768</height>
		<depth>3</depth>
	</size>
	<segmented>0</segmented>
	<object>
		<name>Milk</name>
		<pose>Unspecified</pose>
		<truncated>0</truncated>
		<difficult>0</difficult>
		<occluded>0</occluded>
		<bndbox>
			<xmin>618</xmin>
			<xmax>872</xmax>
			<ymin>72</ymin>
			<ymax>687</ymax>
		</bndbox>
	</object>
	<object>
		<name>Milk</name>
		<pose>Unspecified</pose>
		<truncated>0</truncated>
		<difficult>0</difficult>
		<occluded>0</occluded>
		<bndbox>
			<xmin>168</xmin>
			<xmax>444</xmax>
			<ymin>175</ymin>
			<ymax>712</ymax>
		</bndbox>
	</object>
</annotation>
