<annotation>
	<folder></folder>
	<filename>IMG_4907-2_JPG.rf.943f2f21f7dfaf23bb952bcf24db73e2.jpg</filename>
	<path>IMG_4907-2_JPG.rf.943f2f21f7dfaf23bb952bcf24db73e2.jpg</path>
	<source>
		<database>roboflow.ai</database>
	</source>
	<size>
		<width>1024</width>
		<height>768</height>
		<depth>3</depth>
	</size>
	<segmented>0</segmented>
	<object>
		<name>BeerCan</name>
		<pose>Unspecified</pose>
		<truncated>0</truncated>
		<difficult>0</difficult>
		<occluded>0</occluded>
		<bndbox>
			<xmin>523</xmin>
			<xmax>636</xmax>
			<ymin>197</ymin>
			<ymax>473</ymax>
		</bndbox>
	</object>
	<object>
		<name>BeerCan</name>
		<pose>Unspecified</pose>
		<truncated>0</truncated>
		<difficult>0</difficult>
		<occluded>0</occluded>
		<bndbox>
			<xmin>701</xmin>
			<xmax>847</xmax>
			<ymin>180</ymin>
			<ymax>546</ymax>
		</bndbox>
	</object>
	<object>
		<name>BeerCan</name>
		<pose>Unspecified</pose>
		<truncated>0</truncated>
		<difficult>0</difficult>
		<occluded>0</occluded>
		<bndbox>
			<xmin>332</xmin>
			<xmax>515</xmax>
			<ymin>203</ymin>
			<ymax>617</ymax>
		</bndbox>
	</object>
</annotation>
