<annotation>
	<folder></folder>
	<filename>IMG_4903-2_JPG.rf.307bd8daf3e6d3e011e00bb79f272ef7.jpg</filename>
	<path>IMG_4903-2_JPG.rf.307bd8daf3e6d3e011e00bb79f272ef7.jpg</path>
	<source>
		<database>roboflow.ai</database>
	</source>
	<size>
		<width>1024</width>
		<height>768</height>
		<depth>3</depth>
	</size>
	<segmented>0</segmented>
	<object>
		<name>BeerCan</name>
		<pose>Unspecified</pose>
		<truncated>0</truncated>
		<difficult>0</difficult>
		<occluded>0</occluded>
		<bndbox>
			<xmin>264</xmin>
			<xmax>381</xmax>
			<ymin>250</ymin>
			<ymax>540</ymax>
		</bndbox>
	</object>
	<object>
		<name>BeerCan</name>
		<pose>Unspecified</pose>
		<truncated>0</truncated>
		<difficult>0</difficult>
		<occluded>0</occluded>
		<bndbox>
			<xmin>632</xmin>
			<xmax>758</xmax>
			<ymin>242</ymin>
			<ymax>552</ymax>
		</bndbox>
	</object>
	<object>
		<name>BeerCan</name>
		<pose>Unspecified</pose>
		<truncated>0</truncated>
		<difficult>0</difficult>
		<occluded>0</occluded>
		<bndbox>
			<xmin>439</xmin>
			<xmax>617</xmax>
			<ymin>190</ymin>
			<ymax>669</ymax>
		</bndbox>
	</object>
</annotation>
