<annotation>
	<folder></folder>
	<filename>IMG_5076_JPG.rf.5e1e1dd140ac382d89e4a9c8ba83a955.jpg</filename>
	<path>IMG_5076_JPG.rf.5e1e1dd140ac382d89e4a9c8ba83a955.jpg</path>
	<source>
		<database>roboflow.ai</database>
	</source>
	<size>
		<width>1024</width>
		<height>768</height>
		<depth>3</depth>
	</size>
	<segmented>0</segmented>
	<object>
		<name>oil</name>
		<pose>Unspecified</pose>
		<truncated>0</truncated>
		<difficult>0</difficult>
		<occluded>0</occluded>
		<bndbox>
			<xmin>423</xmin>
			<xmax>667</xmax>
			<ymin>5</ymin>
			<ymax>722</ymax>
		</bndbox>
	</object>
	<object>
		<name>oil</name>
		<pose>Unspecified</pose>
		<truncated>0</truncated>
		<difficult>0</difficult>
		<occluded>0</occluded>
		<bndbox>
			<xmin>699</xmin>
			<xmax>893</xmax>
			<ymin>47</ymin>
			<ymax>745</ymax>
		</bndbox>
	</object>
	<object>
		<name>oil</name>
		<pose>Unspecified</pose>
		<truncated>0</truncated>
		<difficult>0</difficult>
		<occluded>0</occluded>
		<bndbox>
			<xmin>195</xmin>
			<xmax>370</xmax>
			<ymin>80</ymin>
			<ymax>730</ymax>
		</bndbox>
	</object>
</annotation>
