<annotation>
	<folder></folder>
	<filename>IMG_4782_JPG.rf.d1366a6eb6ae65d32e44e482ac9cf64a.jpg</filename>
	<path>IMG_4782_JPG.rf.d1366a6eb6ae65d32e44e482ac9cf64a.jpg</path>
	<source>
		<database>roboflow.ai</database>
	</source>
	<size>
		<width>1024</width>
		<height>768</height>
		<depth>3</depth>
	</size>
	<segmented>0</segmented>
	<object>
		<name>Beer</name>
		<pose>Unspecified</pose>
		<truncated>0</truncated>
		<difficult>0</difficult>
		<occluded>0</occluded>
		<bndbox>
			<xmin>157</xmin>
			<xmax>342</xmax>
			<ymin>1</ymin>
			<ymax>654</ymax>
		</bndbox>
	</object>
	<object>
		<name>Beer</name>
		<pose>Unspecified</pose>
		<truncated>0</truncated>
		<difficult>0</difficult>
		<occluded>0</occluded>
		<bndbox>
			<xmin>825</xmin>
			<xmax>964</xmax>
			<ymin>118</ymin>
			<ymax>574</ymax>
		</bndbox>
	</object>
	<object>
		<name>Beer</name>
		<pose>Unspecified</pose>
		<truncated>0</truncated>
		<difficult>0</difficult>
		<occluded>0</occluded>
		<bndbox>
			<xmin>387</xmin>
			<xmax>509</xmax>
			<ymin>158</ymin>
			<ymax>545</ymax>
		</bndbox>
	</object>
</annotation>
