<annotation>
	<folder></folder>
	<filename>IMG_5191_JPG.rf.096d63b34f71424c9f55a0c3b25720d3.jpg</filename>
	<path>IMG_5191_JPG.rf.096d63b34f71424c9f55a0c3b25720d3.jpg</path>
	<source>
		<database>roboflow.ai</database>
	</source>
	<size>
		<width>1024</width>
		<height>768</height>
		<depth>3</depth>
	</size>
	<segmented>0</segmented>
	<object>
		<name>Water</name>
		<pose>Unspecified</pose>
		<truncated>0</truncated>
		<difficult>0</difficult>
		<occluded>0</occluded>
		<bndbox>
			<xmin>550</xmin>
			<xmax>705</xmax>
			<ymin>32</ymin>
			<ymax>644</ymax>
		</bndbox>
	</object>
	<object>
		<name>Water</name>
		<pose>Unspecified</pose>
		<truncated>0</truncated>
		<difficult>0</difficult>
		<occluded>0</occluded>
		<bndbox>
			<xmin>379</xmin>
			<xmax>518</xmax>
			<ymin>71</ymin>
			<ymax>614</ymax>
		</bndbox>
	</object>
	<object>
		<name>Water</name>
		<pose>Unspecified</pose>
		<truncated>0</truncated>
		<difficult>0</difficult>
		<occluded>0</occluded>
		<bndbox>
			<xmin>775</xmin>
			<xmax>974</xmax>
			<ymin>1</ymin>
			<ymax>690</ymax>
		</bndbox>
	</object>
	<object>
		<name>Water</name>
		<pose>Unspecified</pose>
		<truncated>0</truncated>
		<difficult>0</difficult>
		<occluded>0</occluded>
		<bndbox>
			<xmin>237</xmin>
			<xmax>375</xmax>
			<ymin>94</ymin>
			<ymax>599</ymax>
		</bndbox>
	</object>
</annotation>
