<annotation>
	<folder></folder>
	<filename>IMG_4956-2_JPG.rf.28bc26e68978a5cebe5258fbbe2b4ec0.jpg</filename>
	<path>IMG_4956-2_JPG.rf.28bc26e68978a5cebe5258fbbe2b4ec0.jpg</path>
	<source>
		<database>roboflow.ai</database>
	</source>
	<size>
		<width>1024</width>
		<height>768</height>
		<depth>3</depth>
	</size>
	<segmented>0</segmented>
	<object>
		<name>Milk</name>
		<pose>Unspecified</pose>
		<truncated>0</truncated>
		<difficult>0</difficult>
		<occluded>0</occluded>
		<bndbox>
			<xmin>158</xmin>
			<xmax>338</xmax>
			<ymin>121</ymin>
			<ymax>648</ymax>
		</bndbox>
	</object>
	<object>
		<name>Milk</name>
		<pose>Unspecified</pose>
		<truncated>0</truncated>
		<difficult>0</difficult>
		<occluded>0</occluded>
		<bndbox>
			<xmin>672</xmin>
			<xmax>921</xmax>
			<ymin>141</ymin>
			<ymax>668</ymax>
		</bndbox>
	</object>
</annotation>
