<annotation>
	<folder></folder>
	<filename>IMG_4924-2_JPG.rf.f1f5319a82341f5db0e234896146f6c0.jpg</filename>
	<path>IMG_4924-2_JPG.rf.f1f5319a82341f5db0e234896146f6c0.jpg</path>
	<source>
		<database>roboflow.ai</database>
	</source>
	<size>
		<width>1024</width>
		<height>768</height>
		<depth>3</depth>
	</size>
	<segmented>0</segmented>
	<object>
		<name>Milk</name>
		<pose>Unspecified</pose>
		<truncated>0</truncated>
		<difficult>0</difficult>
		<occluded>0</occluded>
		<bndbox>
			<xmin>595</xmin>
			<xmax>821</xmax>
			<ymin>87</ymin>
			<ymax>726</ymax>
		</bndbox>
	</object>
	<object>
		<name>Milk</name>
		<pose>Unspecified</pose>
		<truncated>0</truncated>
		<difficult>0</difficult>
		<occluded>0</occluded>
		<bndbox>
			<xmin>259</xmin>
			<xmax>495</xmax>
			<ymin>199</ymin>
			<ymax>678</ymax>
		</bndbox>
	</object>
</annotation>
