<annotation>
	<folder></folder>
	<filename>IMG_5211_JPG.rf.42e9e93bba3a1dd6a5de66df710052d0.jpg</filename>
	<path>IMG_5211_JPG.rf.42e9e93bba3a1dd6a5de66df710052d0.jpg</path>
	<source>
		<database>roboflow.ai</database>
	</source>
	<size>
		<width>1024</width>
		<height>768</height>
		<depth>3</depth>
	</size>
	<segmented>0</segmented>
	<object>
		<name>Soap</name>
		<pose>Unspecified</pose>
		<truncated>0</truncated>
		<difficult>0</difficult>
		<occluded>0</occluded>
		<bndbox>
			<xmin>793</xmin>
			<xmax>964</xmax>
			<ymin>79</ymin>
			<ymax>634</ymax>
		</bndbox>
	</object>
	<object>
		<name>Soap</name>
		<pose>Unspecified</pose>
		<truncated>0</truncated>
		<difficult>0</difficult>
		<occluded>0</occluded>
		<bndbox>
			<xmin>313</xmin>
			<xmax>472</xmax>
			<ymin>99</ymin>
			<ymax>623</ymax>
		</bndbox>
	</object>
	<object>
		<name>Soap</name>
		<pose>Unspecified</pose>
		<truncated>0</truncated>
		<difficult>0</difficult>
		<occluded>0</occluded>
		<bndbox>
			<xmin>592</xmin>
			<xmax>747</xmax>
			<ymin>96</ymin>
			<ymax>631</ymax>
		</bndbox>
	</object>
	<object>
		<name>Soap</name>
		<pose>Unspecified</pose>
		<truncated>0</truncated>
		<difficult>0</difficult>
		<occluded>0</occluded>
		<bndbox>
			<xmin>89</xmin>
			<xmax>259</xmax>
			<ymin>119</ymin>
			<ymax>639</ymax>
		</bndbox>
	</object>
</annotation>
