<annotation>
	<folder></folder>
	<filename>IMG_4917-2_JPG.rf.b006c7830af69dd9ded3b908c73bc17f.jpg</filename>
	<path>IMG_4917-2_JPG.rf.b006c7830af69dd9ded3b908c73bc17f.jpg</path>
	<source>
		<database>roboflow.ai</database>
	</source>
	<size>
		<width>1024</width>
		<height>768</height>
		<depth>3</depth>
	</size>
	<segmented>0</segmented>
	<object>
		<name>BeerCan</name>
		<pose>Unspecified</pose>
		<truncated>0</truncated>
		<difficult>0</difficult>
		<occluded>0</occluded>
		<bndbox>
			<xmin>477</xmin>
			<xmax>600</xmax>
			<ymin>144</ymin>
			<ymax>460</ymax>
		</bndbox>
	</object>
	<object>
		<name>BeerCan</name>
		<pose>Unspecified</pose>
		<truncated>0</truncated>
		<difficult>0</difficult>
		<occluded>0</occluded>
		<bndbox>
			<xmin>627</xmin>
			<xmax>822</xmax>
			<ymin>100</ymin>
			<ymax>554</ymax>
		</bndbox>
	</object>
</annotation>
