<annotation>
	<folder></folder>
	<filename>IMG_4933-2_JPG.rf.2009c9a4c715481ad6a685d454be6fcd.jpg</filename>
	<path>IMG_4933-2_JPG.rf.2009c9a4c715481ad6a685d454be6fcd.jpg</path>
	<source>
		<database>roboflow.ai</database>
	</source>
	<size>
		<width>1024</width>
		<height>768</height>
		<depth>3</depth>
	</size>
	<segmented>0</segmented>
	<object>
		<name>Milk</name>
		<pose>Unspecified</pose>
		<truncated>0</truncated>
		<difficult>0</difficult>
		<occluded>0</occluded>
		<bndbox>
			<xmin>572</xmin>
			<xmax>740</xmax>
			<ymin>85</ymin>
			<ymax>580</ymax>
		</bndbox>
	</object>
	<object>
		<name>Milk</name>
		<pose>Unspecified</pose>
		<truncated>0</truncated>
		<difficult>0</difficult>
		<occluded>0</occluded>
		<bndbox>
			<xmin>298</xmin>
			<xmax>521</xmax>
			<ymin>51</ymin>
			<ymax>664</ymax>
		</bndbox>
	</object>
</annotation>
