<annotation>
	<folder></folder>
	<filename>IMG_4916-2_JPG.rf.f37cee9f0a8c1974bdc0ae9c0c8ae7b3.jpg</filename>
	<path>IMG_4916-2_JPG.rf.f37cee9f0a8c1974bdc0ae9c0c8ae7b3.jpg</path>
	<source>
		<database>roboflow.ai</database>
	</source>
	<size>
		<width>1024</width>
		<height>768</height>
		<depth>3</depth>
	</size>
	<segmented>0</segmented>
	<object>
		<name>BeerCan</name>
		<pose>Unspecified</pose>
		<truncated>0</truncated>
		<difficult>0</difficult>
		<occluded>0</occluded>
		<bndbox>
			<xmin>639</xmin>
			<xmax>810</xmax>
			<ymin>174</ymin>
			<ymax>607</ymax>
		</bndbox>
	</object>
	<object>
		<name>BeerCan</name>
		<pose>Unspecified</pose>
		<truncated>0</truncated>
		<difficult>0</difficult>
		<occluded>0</occluded>
		<bndbox>
			<xmin>293</xmin>
			<xmax>529</xmax>
			<ymin>135</ymin>
			<ymax>748</ymax>
		</bndbox>
	</object>
</annotation>
