<annotation>
	<folder></folder>
	<filename>IMG_4762_JPG.rf.e572050faa435fb4460a9676177353b9.jpg</filename>
	<path>IMG_4762_JPG.rf.e572050faa435fb4460a9676177353b9.jpg</path>
	<source>
		<database>roboflow.ai</database>
	</source>
	<size>
		<width>1024</width>
		<height>768</height>
		<depth>3</depth>
	</size>
	<segmented>0</segmented>
	<object>
		<name>Milk</name>
		<pose>Unspecified</pose>
		<truncated>0</truncated>
		<difficult>0</difficult>
		<occluded>0</occluded>
		<bndbox>
			<xmin>591</xmin>
			<xmax>800</xmax>
			<ymin>8</ymin>
			<ymax>606</ymax>
		</bndbox>
	</object>
	<object>
		<name>Milk</name>
		<pose>Unspecified</pose>
		<truncated>0</truncated>
		<difficult>0</difficult>
		<occluded>0</occluded>
		<bndbox>
			<xmin>173</xmin>
			<xmax>392</xmax>
			<ymin>17</ymin>
			<ymax>614</ymax>
		</bndbox>
	</object>
</annotation>
