<annotation>
	<folder></folder>
	<filename>IMG_5220_JPG.rf.ef8e503ececa676605ef604a4d752167.jpg</filename>
	<path>IMG_5220_JPG.rf.ef8e503ececa676605ef604a4d752167.jpg</path>
	<source>
		<database>roboflow.ai</database>
	</source>
	<size>
		<width>1024</width>
		<height>768</height>
		<depth>3</depth>
	</size>
	<segmented>0</segmented>
	<object>
		<name>Soap</name>
		<pose>Unspecified</pose>
		<truncated>0</truncated>
		<difficult>0</difficult>
		<occluded>0</occluded>
		<bndbox>
			<xmin>237</xmin>
			<xmax>342</xmax>
			<ymin>201</ymin>
			<ymax>526</ymax>
		</bndbox>
	</object>
	<object>
		<name>Soap</name>
		<pose>Unspecified</pose>
		<truncated>0</truncated>
		<difficult>0</difficult>
		<occluded>0</occluded>
		<bndbox>
			<xmin>470</xmin>
			<xmax>572</xmax>
			<ymin>214</ymin>
			<ymax>525</ymax>
		</bndbox>
	</object>
	<object>
		<name>Soap</name>
		<pose>Unspecified</pose>
		<truncated>0</truncated>
		<difficult>0</difficult>
		<occluded>0</occluded>
		<bndbox>
			<xmin>667</xmin>
			<xmax>765</xmax>
			<ymin>221</ymin>
			<ymax>530</ymax>
		</bndbox>
	</object>
	<object>
		<name>Soap</name>
		<pose>Unspecified</pose>
		<truncated>0</truncated>
		<difficult>0</difficult>
		<occluded>0</occluded>
		<bndbox>
			<xmin>572</xmin>
			<xmax>666</xmax>
			<ymin>229</ymin>
			<ymax>529</ymax>
		</bndbox>
	</object>
</annotation>
