<annotation>
	<folder></folder>
	<filename>IMG_4913-2_JPG.rf.5016a27d715771011a88a793666c6384.jpg</filename>
	<path>IMG_4913-2_JPG.rf.5016a27d715771011a88a793666c6384.jpg</path>
	<source>
		<database>roboflow.ai</database>
	</source>
	<size>
		<width>1024</width>
		<height>768</height>
		<depth>3</depth>
	</size>
	<segmented>0</segmented>
	<object>
		<name>BeerCan</name>
		<pose>Unspecified</pose>
		<truncated>0</truncated>
		<difficult>0</difficult>
		<occluded>0</occluded>
		<bndbox>
			<xmin>673</xmin>
			<xmax>918</xmax>
			<ymin>68</ymin>
			<ymax>708</ymax>
		</bndbox>
	</object>
	<object>
		<name>BeerCan</name>
		<pose>Unspecified</pose>
		<truncated>0</truncated>
		<difficult>0</difficult>
		<occluded>0</occluded>
		<bndbox>
			<xmin>254</xmin>
			<xmax>499</xmax>
			<ymin>53</ymin>
			<ymax>728</ymax>
		</bndbox>
	</object>
</annotation>
