<annotation>
	<folder></folder>
	<filename>IMG_4915-2_JPG.rf.f1315171e72aae2120569428653f1691.jpg</filename>
	<path>IMG_4915-2_JPG.rf.f1315171e72aae2120569428653f1691.jpg</path>
	<source>
		<database>roboflow.ai</database>
	</source>
	<size>
		<width>1024</width>
		<height>768</height>
		<depth>3</depth>
	</size>
	<segmented>0</segmented>
	<object>
		<name>BeerCan</name>
		<pose>Unspecified</pose>
		<truncated>0</truncated>
		<difficult>0</difficult>
		<occluded>0</occluded>
		<bndbox>
			<xmin>336</xmin>
			<xmax>519</xmax>
			<ymin>153</ymin>
			<ymax>599</ymax>
		</bndbox>
	</object>
	<object>
		<name>BeerCan</name>
		<pose>Unspecified</pose>
		<truncated>0</truncated>
		<difficult>0</difficult>
		<occluded>0</occluded>
		<bndbox>
			<xmin>584</xmin>
			<xmax>809</xmax>
			<ymin>112</ymin>
			<ymax>693</ymax>
		</bndbox>
	</object>
</annotation>
