<annotation>
	<folder></folder>
	<filename>IMG_4864_JPG.rf.6356dd88a2d4d51197c2daf5604a26eb.jpg</filename>
	<path>IMG_4864_JPG.rf.6356dd88a2d4d51197c2daf5604a26eb.jpg</path>
	<source>
		<database>roboflow.ai</database>
	</source>
	<size>
		<width>1024</width>
		<height>768</height>
		<depth>3</depth>
	</size>
	<segmented>0</segmented>
	<object>
		<name>Water</name>
		<pose>Unspecified</pose>
		<truncated>0</truncated>
		<difficult>0</difficult>
		<occluded>0</occluded>
		<bndbox>
			<xmin>470</xmin>
			<xmax>645</xmax>
			<ymin>17</ymin>
			<ymax>677</ymax>
		</bndbox>
	</object>
	<object>
		<name>Beer</name>
		<pose>Unspecified</pose>
		<truncated>0</truncated>
		<difficult>0</difficult>
		<occluded>0</occluded>
		<bndbox>
			<xmin>672</xmin>
			<xmax>798</xmax>
			<ymin>279</ymin>
			<ymax>662</ymax>
		</bndbox>
	</object>
	<object>
		<name>Beer</name>
		<pose>Unspecified</pose>
		<truncated>0</truncated>
		<difficult>0</difficult>
		<occluded>0</occluded>
		<bndbox>
			<xmin>303</xmin>
			<xmax>445</xmax>
			<ymin>251</ymin>
			<ymax>716</ymax>
		</bndbox>
	</object>
</annotation>
