<annotation>
	<folder></folder>
	<filename>IMG_4837_JPG.rf.97a7ceb7044e8806a306fad6a0a2debf.jpg</filename>
	<path>IMG_4837_JPG.rf.97a7ceb7044e8806a306fad6a0a2debf.jpg</path>
	<source>
		<database>roboflow.ai</database>
	</source>
	<size>
		<width>1024</width>
		<height>768</height>
		<depth>3</depth>
	</size>
	<segmented>0</segmented>
	<object>
		<name>WineRed</name>
		<pose>Unspecified</pose>
		<truncated>0</truncated>
		<difficult>0</difficult>
		<occluded>0</occluded>
		<bndbox>
			<xmin>282</xmin>
			<xmax>436</xmax>
			<ymin>63</ymin>
			<ymax>616</ymax>
		</bndbox>
	</object>
	<object>
		<name>WineRed</name>
		<pose>Unspecified</pose>
		<truncated>0</truncated>
		<difficult>0</difficult>
		<occluded>0</occluded>
		<bndbox>
			<xmin>615</xmin>
			<xmax>773</xmax>
			<ymin>89</ymin>
			<ymax>600</ymax>
		</bndbox>
	</object>
</annotation>
