<annotation>
	<folder></folder>
	<filename>IMG_4816_JPG.rf.fc788f412c6e0a263af55e5eb2f510ba.jpg</filename>
	<path>IMG_4816_JPG.rf.fc788f412c6e0a263af55e5eb2f510ba.jpg</path>
	<source>
		<database>roboflow.ai</database>
	</source>
	<size>
		<width>1024</width>
		<height>768</height>
		<depth>3</depth>
	</size>
	<segmented>0</segmented>
	<object>
		<name>Soap</name>
		<pose>Unspecified</pose>
		<truncated>0</truncated>
		<difficult>0</difficult>
		<occluded>0</occluded>
		<bndbox>
			<xmin>465</xmin>
			<xmax>623</xmax>
			<ymin>64</ymin>
			<ymax>612</ymax>
		</bndbox>
	</object>
</annotation>
