<annotation>
	<folder></folder>
	<filename>IMG_5169_JPG.rf.fec865fcebdefc6ca32318051c4de3fd.jpg</filename>
	<path>IMG_5169_JPG.rf.fec865fcebdefc6ca32318051c4de3fd.jpg</path>
	<source>
		<database>roboflow.ai</database>
	</source>
	<size>
		<width>1024</width>
		<height>768</height>
		<depth>3</depth>
	</size>
	<segmented>0</segmented>
	<object>
		<name>OrangeJuice</name>
		<pose>Unspecified</pose>
		<truncated>0</truncated>
		<difficult>0</difficult>
		<occluded>0</occluded>
		<bndbox>
			<xmin>671</xmin>
			<xmax>859</xmax>
			<ymin>62</ymin>
			<ymax>607</ymax>
		</bndbox>
	</object>
	<object>
		<name>OrangeJuice</name>
		<pose>Unspecified</pose>
		<truncated>0</truncated>
		<difficult>0</difficult>
		<occluded>0</occluded>
		<bndbox>
			<xmin>178</xmin>
			<xmax>361</xmax>
			<ymin>141</ymin>
			<ymax>588</ymax>
		</bndbox>
	</object>
</annotation>
