<annotation>
	<folder></folder>
	<filename>IMG_4801_JPG.rf.41efaeabce619291becfb23b1f2d3c14.jpg</filename>
	<path>IMG_4801_JPG.rf.41efaeabce619291becfb23b1f2d3c14.jpg</path>
	<source>
		<database>roboflow.ai</database>
	</source>
	<size>
		<width>1024</width>
		<height>768</height>
		<depth>3</depth>
	</size>
	<segmented>0</segmented>
	<object>
		<name>Water</name>
		<pose>Unspecified</pose>
		<truncated>0</truncated>
		<difficult>0</difficult>
		<occluded>0</occluded>
		<bndbox>
			<xmin>426</xmin>
			<xmax>592</xmax>
			<ymin>60</ymin>
			<ymax>711</ymax>
		</bndbox>
	</object>
</annotation>
