<annotation>
	<folder></folder>
	<filename>IMG_5164_JPG.rf.5b2a2bd88fc5793251bb2fa70692f118.jpg</filename>
	<path>IMG_5164_JPG.rf.5b2a2bd88fc5793251bb2fa70692f118.jpg</path>
	<source>
		<database>roboflow.ai</database>
	</source>
	<size>
		<width>1024</width>
		<height>768</height>
		<depth>3</depth>
	</size>
	<segmented>0</segmented>
	<object>
		<name>OrangeJuice</name>
		<pose>Unspecified</pose>
		<truncated>0</truncated>
		<difficult>0</difficult>
		<occluded>0</occluded>
		<bndbox>
			<xmin>582</xmin>
			<xmax>798</xmax>
			<ymin>44</ymin>
			<ymax>757</ymax>
		</bndbox>
	</object>
	<object>
		<name>OrangeJuice</name>
		<pose>Unspecified</pose>
		<truncated>0</truncated>
		<difficult>0</difficult>
		<occluded>0</occluded>
		<bndbox>
			<xmin>317</xmin>
			<xmax>503</xmax>
			<ymin>167</ymin>
			<ymax>679</ymax>
		</bndbox>
	</object>
</annotation>
