<annotation>
	<folder></folder>
	<filename>IMG_4877_JPG.rf.d46badcbd3ffe1513e172215ba66de7d.jpg</filename>
	<path>IMG_4877_JPG.rf.d46badcbd3ffe1513e172215ba66de7d.jpg</path>
	<source>
		<database>roboflow.ai</database>
	</source>
	<size>
		<width>1024</width>
		<height>768</height>
		<depth>3</depth>
	</size>
	<segmented>0</segmented>
	<object>
		<name>Water</name>
		<pose>Unspecified</pose>
		<truncated>0</truncated>
		<difficult>0</difficult>
		<occluded>0</occluded>
		<bndbox>
			<xmin>473</xmin>
			<xmax>676</xmax>
			<ymin>14</ymin>
			<ymax>754</ymax>
		</bndbox>
	</object>
	<object>
		<name>WineRed</name>
		<pose>Unspecified</pose>
		<truncated>0</truncated>
		<difficult>0</difficult>
		<occluded>0</occluded>
		<bndbox>
			<xmin>287</xmin>
			<xmax>437</xmax>
			<ymin>80</ymin>
			<ymax>711</ymax>
		</bndbox>
	</object>
	<object>
		<name>oil</name>
		<pose>Unspecified</pose>
		<truncated>0</truncated>
		<difficult>0</difficult>
		<occluded>0</occluded>
		<bndbox>
			<xmin>915</xmin>
			<xmax>1025</xmax>
			<ymin>223</ymin>
			<ymax>769</ymax>
		</bndbox>
	</object>
</annotation>
