<annotation>
	<folder></folder>
	<filename>IMG_5082_JPG.rf.c00f832a8c03a96fc7a6ecea47470921.jpg</filename>
	<path>IMG_5082_JPG.rf.c00f832a8c03a96fc7a6ecea47470921.jpg</path>
	<source>
		<database>roboflow.ai</database>
	</source>
	<size>
		<width>1024</width>
		<height>768</height>
		<depth>3</depth>
	</size>
	<segmented>0</segmented>
	<object>
		<name>oil</name>
		<pose>Unspecified</pose>
		<truncated>0</truncated>
		<difficult>0</difficult>
		<occluded>0</occluded>
		<bndbox>
			<xmin>775</xmin>
			<xmax>1000</xmax>
			<ymin>51</ymin>
			<ymax>630</ymax>
		</bndbox>
	</object>
	<object>
		<name>oil</name>
		<pose>Unspecified</pose>
		<truncated>0</truncated>
		<difficult>0</difficult>
		<occluded>0</occluded>
		<bndbox>
			<xmin>630</xmin>
			<xmax>763</xmax>
			<ymin>160</ymin>
			<ymax>633</ymax>
		</bndbox>
	</object>
	<object>
		<name>oil</name>
		<pose>Unspecified</pose>
		<truncated>0</truncated>
		<difficult>0</difficult>
		<occluded>0</occluded>
		<bndbox>
			<xmin>428</xmin>
			<xmax>542</xmax>
			<ymin>175</ymin>
			<ymax>632</ymax>
		</bndbox>
	</object>
	<object>
		<name>oil</name>
		<pose>Unspecified</pose>
		<truncated>0</truncated>
		<difficult>0</difficult>
		<occluded>0</occluded>
		<bndbox>
			<xmin>215</xmin>
			<xmax>322</xmax>
			<ymin>179</ymin>
			<ymax>637</ymax>
		</bndbox>
	</object>
	<object>
		<name>oil</name>
		<pose>Unspecified</pose>
		<truncated>0</truncated>
		<difficult>0</difficult>
		<occluded>0</occluded>
		<bndbox>
			<xmin>33</xmin>
			<xmax>146</xmax>
			<ymin>187</ymin>
			<ymax>638</ymax>
		</bndbox>
	</object>
</annotation>
