<annotation>
	<folder></folder>
	<filename>IMG_5139_JPG.rf.72308b053d85f905385e9b01734fbc10.jpg</filename>
	<path>IMG_5139_JPG.rf.72308b053d85f905385e9b01734fbc10.jpg</path>
	<source>
		<database>roboflow.ai</database>
	</source>
	<size>
		<width>1024</width>
		<height>768</height>
		<depth>3</depth>
	</size>
	<segmented>0</segmented>
	<object>
		<name>OrangeJuice</name>
		<pose>Unspecified</pose>
		<truncated>0</truncated>
		<difficult>0</difficult>
		<occluded>0</occluded>
		<bndbox>
			<xmin>524</xmin>
			<xmax>768</xmax>
			<ymin>38</ymin>
			<ymax>698</ymax>
		</bndbox>
	</object>
</annotation>
