<annotation>
	<folder></folder>
	<filename>IMG_5202_JPG.rf.fa6b5f4f8cffb9be0173c903cddec0cb.jpg</filename>
	<path>IMG_5202_JPG.rf.fa6b5f4f8cffb9be0173c903cddec0cb.jpg</path>
	<source>
		<database>roboflow.ai</database>
	</source>
	<size>
		<width>1024</width>
		<height>768</height>
		<depth>3</depth>
	</size>
	<segmented>0</segmented>
	<object>
		<name>Soap</name>
		<pose>Unspecified</pose>
		<truncated>0</truncated>
		<difficult>0</difficult>
		<occluded>0</occluded>
		<bndbox>
			<xmin>355</xmin>
			<xmax>508</xmax>
			<ymin>33</ymin>
			<ymax>565</ymax>
		</bndbox>
	</object>
	<object>
		<name>Soap</name>
		<pose>Unspecified</pose>
		<truncated>0</truncated>
		<difficult>0</difficult>
		<occluded>0</occluded>
		<bndbox>
			<xmin>824</xmin>
			<xmax>999</xmax>
			<ymin>61</ymin>
			<ymax>560</ymax>
		</bndbox>
	</object>
	<object>
		<name>Soap</name>
		<pose>Unspecified</pose>
		<truncated>0</truncated>
		<difficult>0</difficult>
		<occluded>0</occluded>
		<bndbox>
			<xmin>563</xmin>
			<xmax>680</xmax>
			<ymin>136</ymin>
			<ymax>530</ymax>
		</bndbox>
	</object>
	<object>
		<name>Soap</name>
		<pose>Unspecified</pose>
		<truncated>0</truncated>
		<difficult>0</difficult>
		<occluded>0</occluded>
		<bndbox>
			<xmin>147</xmin>
			<xmax>282</xmax>
			<ymin>136</ymin>
			<ymax>538</ymax>
		</bndbox>
	</object>
</annotation>
