<annotation>
	<folder></folder>
	<filename>IMG_4756_JPG.rf.039b192477c475cb11d7e1ddb656c898.jpg</filename>
	<path>IMG_4756_JPG.rf.039b192477c475cb11d7e1ddb656c898.jpg</path>
	<source>
		<database>roboflow.ai</database>
	</source>
	<size>
		<width>1024</width>
		<height>768</height>
		<depth>3</depth>
	</size>
	<segmented>0</segmented>
	<object>
		<name>Milk</name>
		<pose>Unspecified</pose>
		<truncated>0</truncated>
		<difficult>0</difficult>
		<occluded>0</occluded>
		<bndbox>
			<xmin>603</xmin>
			<xmax>749</xmax>
			<ymin>138</ymin>
			<ymax>520</ymax>
		</bndbox>
	</object>
	<object>
		<name>Milk</name>
		<pose>Unspecified</pose>
		<truncated>0</truncated>
		<difficult>0</difficult>
		<occluded>0</occluded>
		<bndbox>
			<xmin>350</xmin>
			<xmax>524</xmax>
			<ymin>105</ymin>
			<ymax>614</ymax>
		</bndbox>
	</object>
</annotation>
