<annotation>
	<folder></folder>
	<filename>IMG_5146_JPG.rf.07c1ad34691965e8a791a55972cfd6e8.jpg</filename>
	<path>IMG_5146_JPG.rf.07c1ad34691965e8a791a55972cfd6e8.jpg</path>
	<source>
		<database>roboflow.ai</database>
	</source>
	<size>
		<width>1024</width>
		<height>768</height>
		<depth>3</depth>
	</size>
	<segmented>0</segmented>
	<object>
		<name>Water</name>
		<pose>Unspecified</pose>
		<truncated>0</truncated>
		<difficult>0</difficult>
		<occluded>0</occluded>
		<bndbox>
			<xmin>280</xmin>
			<xmax>454</xmax>
			<ymin>81</ymin>
			<ymax>704</ymax>
		</bndbox>
	</object>
	<object>
		<name>Water</name>
		<pose>Unspecified</pose>
		<truncated>0</truncated>
		<difficult>0</difficult>
		<occluded>0</occluded>
		<bndbox>
			<xmin>573</xmin>
			<xmax>736</xmax>
			<ymin>92</ymin>
			<ymax>707</ymax>
		</bndbox>
	</object>
</annotation>
