<annotation>
	<folder></folder>
	<filename>IMG_5046_JPG.rf.ab770481f5413098f96ad87ff5591599.jpg</filename>
	<path>IMG_5046_JPG.rf.ab770481f5413098f96ad87ff5591599.jpg</path>
	<source>
		<database>roboflow.ai</database>
	</source>
	<size>
		<width>1024</width>
		<height>768</height>
		<depth>3</depth>
	</size>
	<segmented>0</segmented>
	<object>
		<name>WineWhite</name>
		<pose>Unspecified</pose>
		<truncated>0</truncated>
		<difficult>0</difficult>
		<occluded>0</occluded>
		<bndbox>
			<xmin>541</xmin>
			<xmax>679</xmax>
			<ymin>98</ymin>
			<ymax>620</ymax>
		</bndbox>
	</object>
	<object>
		<name>WineWhite</name>
		<pose>Unspecified</pose>
		<truncated>0</truncated>
		<difficult>0</difficult>
		<occluded>0</occluded>
		<bndbox>
			<xmin>725</xmin>
			<xmax>867</xmax>
			<ymin>135</ymin>
			<ymax>614</ymax>
		</bndbox>
	</object>
	<object>
		<name>WineWhite</name>
		<pose>Unspecified</pose>
		<truncated>0</truncated>
		<difficult>0</difficult>
		<occluded>0</occluded>
		<bndbox>
			<xmin>93</xmin>
			<xmax>236</xmax>
			<ymin>148</ymin>
			<ymax>646</ymax>
		</bndbox>
	</object>
	<object>
		<name>WineWhite</name>
		<pose>Unspecified</pose>
		<truncated>0</truncated>
		<difficult>0</difficult>
		<occluded>0</occluded>
		<bndbox>
			<xmin>276</xmin>
			<xmax>392</xmax>
			<ymin>176</ymin>
			<ymax>632</ymax>
		</bndbox>
	</object>
</annotation>
