<annotation>
	<folder></folder>
	<filename>IMG_5040_JPG.rf.0e7bd71f078673aa189a0f82887e866f.jpg</filename>
	<path>IMG_5040_JPG.rf.0e7bd71f078673aa189a0f82887e866f.jpg</path>
	<source>
		<database>roboflow.ai</database>
	</source>
	<size>
		<width>1024</width>
		<height>768</height>
		<depth>3</depth>
	</size>
	<segmented>0</segmented>
	<object>
		<name>WineWhite</name>
		<pose>Unspecified</pose>
		<truncated>0</truncated>
		<difficult>0</difficult>
		<occluded>0</occluded>
		<bndbox>
			<xmin>536</xmin>
			<xmax>668</xmax>
			<ymin>95</ymin>
			<ymax>660</ymax>
		</bndbox>
	</object>
	<object>
		<name>WineWhite</name>
		<pose>Unspecified</pose>
		<truncated>0</truncated>
		<difficult>0</difficult>
		<occluded>0</occluded>
		<bndbox>
			<xmin>151</xmin>
			<xmax>335</xmax>
			<ymin>78</ymin>
			<ymax>678</ymax>
		</bndbox>
	</object>
	<object>
		<name>WineWhite</name>
		<pose>Unspecified</pose>
		<truncated>0</truncated>
		<difficult>0</difficult>
		<occluded>0</occluded>
		<bndbox>
			<xmin>756</xmin>
			<xmax>943</xmax>
			<ymin>80</ymin>
			<ymax>692</ymax>
		</bndbox>
	</object>
	<object>
		<name>WineWhite</name>
		<pose>Unspecified</pose>
		<truncated>0</truncated>
		<difficult>0</difficult>
		<occluded>0</occluded>
		<bndbox>
			<xmin>352</xmin>
			<xmax>488</xmax>
			<ymin>148</ymin>
			<ymax>648</ymax>
		</bndbox>
	</object>
</annotation>
