<annotation>
	<folder></folder>
	<filename>IMG_5054_JPG.rf.46e93f960a5d3ab269e388f85624732a.jpg</filename>
	<path>IMG_5054_JPG.rf.46e93f960a5d3ab269e388f85624732a.jpg</path>
	<source>
		<database>roboflow.ai</database>
	</source>
	<size>
		<width>1024</width>
		<height>768</height>
		<depth>3</depth>
	</size>
	<segmented>0</segmented>
	<object>
		<name>oil</name>
		<pose>Unspecified</pose>
		<truncated>0</truncated>
		<difficult>0</difficult>
		<occluded>0</occluded>
		<bndbox>
			<xmin>652</xmin>
			<xmax>881</xmax>
			<ymin>1</ymin>
			<ymax>691</ymax>
		</bndbox>
	</object>
	<object>
		<name>oil</name>
		<pose>Unspecified</pose>
		<truncated>0</truncated>
		<difficult>0</difficult>
		<occluded>0</occluded>
		<bndbox>
			<xmin>188</xmin>
			<xmax>364</xmax>
			<ymin>69</ymin>
			<ymax>721</ymax>
		</bndbox>
	</object>
	<object>
		<name>oil</name>
		<pose>Unspecified</pose>
		<truncated>0</truncated>
		<difficult>0</difficult>
		<occluded>0</occluded>
		<bndbox>
			<xmin>439</xmin>
			<xmax>590</xmax>
			<ymin>114</ymin>
			<ymax>694</ymax>
		</bndbox>
	</object>
</annotation>
