<annotation>
	<folder></folder>
	<filename>IMG_4749_JPG.rf.818863b08fc2cfd5e82f32516b438d92.jpg</filename>
	<path>IMG_4749_JPG.rf.818863b08fc2cfd5e82f32516b438d92.jpg</path>
	<source>
		<database>roboflow.ai</database>
	</source>
	<size>
		<width>1024</width>
		<height>768</height>
		<depth>3</depth>
	</size>
	<segmented>0</segmented>
	<object>
		<name>Milk</name>
		<pose>Unspecified</pose>
		<truncated>0</truncated>
		<difficult>0</difficult>
		<occluded>0</occluded>
		<bndbox>
			<xmin>348</xmin>
			<xmax>543</xmax>
			<ymin>61</ymin>
			<ymax>630</ymax>
		</bndbox>
	</object>
</annotation>
