<annotation>
	<folder></folder>
	<filename>IMG_5132_JPG.rf.3d0ca901dd404502560951aa14db2ef1.jpg</filename>
	<path>IMG_5132_JPG.rf.3d0ca901dd404502560951aa14db2ef1.jpg</path>
	<source>
		<database>roboflow.ai</database>
	</source>
	<size>
		<width>1024</width>
		<height>768</height>
		<depth>3</depth>
	</size>
	<segmented>0</segmented>
	<object>
		<name>Milk</name>
		<pose>Unspecified</pose>
		<truncated>0</truncated>
		<difficult>0</difficult>
		<occluded>0</occluded>
		<bndbox>
			<xmin>708</xmin>
			<xmax>857</xmax>
			<ymin>205</ymin>
			<ymax>656</ymax>
		</bndbox>
	</object>
	<object>
		<name>Milk</name>
		<pose>Unspecified</pose>
		<truncated>0</truncated>
		<difficult>0</difficult>
		<occluded>0</occluded>
		<bndbox>
			<xmin>563</xmin>
			<xmax>708</xmax>
			<ymin>207</ymin>
			<ymax>658</ymax>
		</bndbox>
	</object>
	<object>
		<name>Milk</name>
		<pose>Unspecified</pose>
		<truncated>0</truncated>
		<difficult>0</difficult>
		<occluded>0</occluded>
		<bndbox>
			<xmin>386</xmin>
			<xmax>544</xmax>
			<ymin>206</ymin>
			<ymax>661</ymax>
		</bndbox>
	</object>
	<object>
		<name>Milk</name>
		<pose>Unspecified</pose>
		<truncated>0</truncated>
		<difficult>0</difficult>
		<occluded>0</occluded>
		<bndbox>
			<xmin>227</xmin>
			<xmax>388</xmax>
			<ymin>207</ymin>
			<ymax>662</ymax>
		</bndbox>
	</object>
</annotation>
