<annotation>
	<folder></folder>
	<filename>IMG_5122_JPG.rf.7d2d7f869d57f7aa8ba7fa963eab9ba0.jpg</filename>
	<path>IMG_5122_JPG.rf.7d2d7f869d57f7aa8ba7fa963eab9ba0.jpg</path>
	<source>
		<database>roboflow.ai</database>
	</source>
	<size>
		<width>1024</width>
		<height>768</height>
		<depth>3</depth>
	</size>
	<segmented>0</segmented>
	<object>
		<name>Water</name>
		<pose>Unspecified</pose>
		<truncated>0</truncated>
		<difficult>0</difficult>
		<occluded>0</occluded>
		<bndbox>
			<xmin>103</xmin>
			<xmax>274</xmax>
			<ymin>69</ymin>
			<ymax>645</ymax>
		</bndbox>
	</object>
	<object>
		<name>Water</name>
		<pose>Unspecified</pose>
		<truncated>0</truncated>
		<difficult>0</difficult>
		<occluded>0</occluded>
		<bndbox>
			<xmin>493</xmin>
			<xmax>636</xmax>
			<ymin>83</ymin>
			<ymax>636</ymax>
		</bndbox>
	</object>
	<object>
		<name>Water</name>
		<pose>Unspecified</pose>
		<truncated>0</truncated>
		<difficult>0</difficult>
		<occluded>0</occluded>
		<bndbox>
			<xmin>828</xmin>
			<xmax>974</xmax>
			<ymin>123</ymin>
			<ymax>622</ymax>
		</bndbox>
	</object>
	<object>
		<name>BeerCan</name>
		<pose>Unspecified</pose>
		<truncated>0</truncated>
		<difficult>0</difficult>
		<occluded>0</occluded>
		<bndbox>
			<xmin>701</xmin>
			<xmax>805</xmax>
			<ymin>357</ymin>
			<ymax>623</ymax>
		</bndbox>
	</object>
	<object>
		<name>BeerCan</name>
		<pose>Unspecified</pose>
		<truncated>0</truncated>
		<difficult>0</difficult>
		<occluded>0</occluded>
		<bndbox>
			<xmin>295</xmin>
			<xmax>406</xmax>
			<ymin>350</ymin>
			<ymax>631</ymax>
		</bndbox>
	</object>
</annotation>
