<annotation>
	<folder></folder>
	<filename>IMG_4820_JPG.rf.ef1b8c2bbb5913636c93e48fab9281e0.jpg</filename>
	<path>IMG_4820_JPG.rf.ef1b8c2bbb5913636c93e48fab9281e0.jpg</path>
	<source>
		<database>roboflow.ai</database>
	</source>
	<size>
		<width>1024</width>
		<height>768</height>
		<depth>3</depth>
	</size>
	<segmented>0</segmented>
	<object>
		<name>Soap</name>
		<pose>Unspecified</pose>
		<truncated>0</truncated>
		<difficult>0</difficult>
		<occluded>0</occluded>
		<bndbox>
			<xmin>420</xmin>
			<xmax>624</xmax>
			<ymin>15</ymin>
			<ymax>702</ymax>
		</bndbox>
	</object>
</annotation>
