<annotation>
	<folder></folder>
	<filename>IMG_4921-2_JPG.rf.58834b86f8aae83b3f9baf1372d32d56.jpg</filename>
	<path>IMG_4921-2_JPG.rf.58834b86f8aae83b3f9baf1372d32d56.jpg</path>
	<source>
		<database>roboflow.ai</database>
	</source>
	<size>
		<width>1024</width>
		<height>768</height>
		<depth>3</depth>
	</size>
	<segmented>0</segmented>
	<object>
		<name>BeerCan</name>
		<pose>Unspecified</pose>
		<truncated>0</truncated>
		<difficult>0</difficult>
		<occluded>0</occluded>
		<bndbox>
			<xmin>448</xmin>
			<xmax>662</xmax>
			<ymin>154</ymin>
			<ymax>694</ymax>
		</bndbox>
	</object>
</annotation>
