<annotation>
	<folder></folder>
	<filename>IMG_5037_JPG.rf.bed2259e11748536d3a6e9eac93e20ba.jpg</filename>
	<path>IMG_5037_JPG.rf.bed2259e11748536d3a6e9eac93e20ba.jpg</path>
	<source>
		<database>roboflow.ai</database>
	</source>
	<size>
		<width>1024</width>
		<height>768</height>
		<depth>3</depth>
	</size>
	<segmented>0</segmented>
	<object>
		<name>WineWhite</name>
		<pose>Unspecified</pose>
		<truncated>0</truncated>
		<difficult>0</difficult>
		<occluded>0</occluded>
		<bndbox>
			<xmin>547</xmin>
			<xmax>694</xmax>
			<ymin>31</ymin>
			<ymax>669</ymax>
		</bndbox>
	</object>
	<object>
		<name>WineWhite</name>
		<pose>Unspecified</pose>
		<truncated>0</truncated>
		<difficult>0</difficult>
		<occluded>0</occluded>
		<bndbox>
			<xmin>412</xmin>
			<xmax>543</xmax>
			<ymin>140</ymin>
			<ymax>641</ymax>
		</bndbox>
	</object>
	<object>
		<name>WineWhite</name>
		<pose>Unspecified</pose>
		<truncated>0</truncated>
		<difficult>0</difficult>
		<occluded>0</occluded>
		<bndbox>
			<xmin>267</xmin>
			<xmax>397</xmax>
			<ymin>174</ymin>
			<ymax>630</ymax>
		</bndbox>
	</object>
	<object>
		<name>WineWhite</name>
		<pose>Unspecified</pose>
		<truncated>0</truncated>
		<difficult>0</difficult>
		<occluded>0</occluded>
		<bndbox>
			<xmin>727</xmin>
			<xmax>858</xmax>
			<ymin>182</ymin>
			<ymax>641</ymax>
		</bndbox>
	</object>
	<object>
		<name>WineWhite</name>
		<pose>Unspecified</pose>
		<truncated>0</truncated>
		<difficult>0</difficult>
		<occluded>0</occluded>
		<bndbox>
			<xmin>175</xmin>
			<xmax>298</xmax>
			<ymin>215</ymin>
			<ymax>615</ymax>
		</bndbox>
	</object>
</annotation>
