<annotation>
	<folder></folder>
	<filename>IMG_5176_JPG.rf.0d9c140b18d0104c3509df36f0e320b9.jpg</filename>
	<path>IMG_5176_JPG.rf.0d9c140b18d0104c3509df36f0e320b9.jpg</path>
	<source>
		<database>roboflow.ai</database>
	</source>
	<size>
		<width>1024</width>
		<height>768</height>
		<depth>3</depth>
	</size>
	<segmented>0</segmented>
	<object>
		<name>OrangeJuice</name>
		<pose>Unspecified</pose>
		<truncated>0</truncated>
		<difficult>0</difficult>
		<occluded>0</occluded>
		<bndbox>
			<xmin>254</xmin>
			<xmax>424</xmax>
			<ymin>129</ymin>
			<ymax>651</ymax>
		</bndbox>
	</object>
	<object>
		<name>OrangeJuice</name>
		<pose>Unspecified</pose>
		<truncated>0</truncated>
		<difficult>0</difficult>
		<occluded>0</occluded>
		<bndbox>
			<xmin>563</xmin>
			<xmax>694</xmax>
			<ymin>264</ymin>
			<ymax>603</ymax>
		</bndbox>
	</object>
</annotation>
