<annotation>
	<folder></folder>
	<filename>IMG_5196_JPG.rf.c86c9db65aee3d62f292261035aca015.jpg</filename>
	<path>IMG_5196_JPG.rf.c86c9db65aee3d62f292261035aca015.jpg</path>
	<source>
		<database>roboflow.ai</database>
	</source>
	<size>
		<width>1024</width>
		<height>768</height>
		<depth>3</depth>
	</size>
	<segmented>0</segmented>
	<object>
		<name>Water</name>
		<pose>Unspecified</pose>
		<truncated>0</truncated>
		<difficult>0</difficult>
		<occluded>0</occluded>
		<bndbox>
			<xmin>678</xmin>
			<xmax>867</xmax>
			<ymin>10</ymin>
			<ymax>650</ymax>
		</bndbox>
	</object>
	<object>
		<name>Water</name>
		<pose>Unspecified</pose>
		<truncated>0</truncated>
		<difficult>0</difficult>
		<occluded>0</occluded>
		<bndbox>
			<xmin>265</xmin>
			<xmax>474</xmax>
			<ymin>39</ymin>
			<ymax>682</ymax>
		</bndbox>
	</object>
	<object>
		<name>Water</name>
		<pose>Unspecified</pose>
		<truncated>0</truncated>
		<difficult>0</difficult>
		<occluded>0</occluded>
		<bndbox>
			<xmin>448</xmin>
			<xmax>682</xmax>
			<ymin>1</ymin>
			<ymax>735</ymax>
		</bndbox>
	</object>
	<object>
		<name>Water</name>
		<pose>Unspecified</pose>
		<truncated>0</truncated>
		<difficult>0</difficult>
		<occluded>0</occluded>
		<bndbox>
			<xmin>139</xmin>
			<xmax>321</xmax>
			<ymin>104</ymin>
			<ymax>638</ymax>
		</bndbox>
	</object>
</annotation>
