<annotation>
	<folder></folder>
	<filename>IMG_4779_JPG.rf.8e7e30dd548bb6ca97724f6b4fe9f707.jpg</filename>
	<path>IMG_4779_JPG.rf.8e7e30dd548bb6ca97724f6b4fe9f707.jpg</path>
	<source>
		<database>roboflow.ai</database>
	</source>
	<size>
		<width>1024</width>
		<height>768</height>
		<depth>3</depth>
	</size>
	<segmented>0</segmented>
	<object>
		<name>Beer</name>
		<pose>Unspecified</pose>
		<truncated>0</truncated>
		<difficult>0</difficult>
		<occluded>0</occluded>
		<bndbox>
			<xmin>482</xmin>
			<xmax>596</xmax>
			<ymin>109</ymin>
			<ymax>549</ymax>
		</bndbox>
	</object>
	<object>
		<name>Beer</name>
		<pose>Unspecified</pose>
		<truncated>0</truncated>
		<difficult>0</difficult>
		<occluded>0</occluded>
		<bndbox>
			<xmin>768</xmin>
			<xmax>890</xmax>
			<ymin>139</ymin>
			<ymax>540</ymax>
		</bndbox>
	</object>
	<object>
		<name>Beer</name>
		<pose>Unspecified</pose>
		<truncated>0</truncated>
		<difficult>0</difficult>
		<occluded>0</occluded>
		<bndbox>
			<xmin>215</xmin>
			<xmax>337</xmax>
			<ymin>183</ymin>
			<ymax>552</ymax>
		</bndbox>
	</object>
</annotation>
