<annotation>
	<folder></folder>
	<filename>IMG_5042_JPG.rf.ac7cc15a698c9ae9431f719bcc90eaab.jpg</filename>
	<path>IMG_5042_JPG.rf.ac7cc15a698c9ae9431f719bcc90eaab.jpg</path>
	<source>
		<database>roboflow.ai</database>
	</source>
	<size>
		<width>1024</width>
		<height>768</height>
		<depth>3</depth>
	</size>
	<segmented>0</segmented>
	<object>
		<name>WineWhite</name>
		<pose>Unspecified</pose>
		<truncated>0</truncated>
		<difficult>0</difficult>
		<occluded>0</occluded>
		<bndbox>
			<xmin>1</xmin>
			<xmax>173</xmax>
			<ymin>120</ymin>
			<ymax>680</ymax>
		</bndbox>
	</object>
	<object>
		<name>WineWhite</name>
		<pose>Unspecified</pose>
		<truncated>0</truncated>
		<difficult>0</difficult>
		<occluded>0</occluded>
		<bndbox>
			<xmin>887</xmin>
			<xmax>1019</xmax>
			<ymin>153</ymin>
			<ymax>672</ymax>
		</bndbox>
	</object>
	<object>
		<name>WineWhite</name>
		<pose>Unspecified</pose>
		<truncated>0</truncated>
		<difficult>0</difficult>
		<occluded>0</occluded>
		<bndbox>
			<xmin>318</xmin>
			<xmax>456</xmax>
			<ymin>153</ymin>
			<ymax>673</ymax>
		</bndbox>
	</object>
	<object>
		<name>WineWhite</name>
		<pose>Unspecified</pose>
		<truncated>0</truncated>
		<difficult>0</difficult>
		<occluded>0</occluded>
		<bndbox>
			<xmin>760</xmin>
			<xmax>886</xmax>
			<ymin>187</ymin>
			<ymax>671</ymax>
		</bndbox>
	</object>
</annotation>
