<annotation>
	<folder></folder>
	<filename>IMG_4931-2_JPG.rf.60fba0666875af77b8735e1c01fc04db.jpg</filename>
	<path>IMG_4931-2_JPG.rf.60fba0666875af77b8735e1c01fc04db.jpg</path>
	<source>
		<database>roboflow.ai</database>
	</source>
	<size>
		<width>1024</width>
		<height>768</height>
		<depth>3</depth>
	</size>
	<segmented>0</segmented>
	<object>
		<name>Milk</name>
		<pose>Unspecified</pose>
		<truncated>0</truncated>
		<difficult>0</difficult>
		<occluded>0</occluded>
		<bndbox>
			<xmin>636</xmin>
			<xmax>922</xmax>
			<ymin>1</ymin>
			<ymax>729</ymax>
		</bndbox>
	</object>
	<object>
		<name>Milk</name>
		<pose>Unspecified</pose>
		<truncated>0</truncated>
		<difficult>0</difficult>
		<occluded>0</occluded>
		<bndbox>
			<xmin>140</xmin>
			<xmax>422</xmax>
			<ymin>26</ymin>
			<ymax>715</ymax>
		</bndbox>
	</object>
</annotation>
