<annotation>
	<folder></folder>
	<filename>IMG_5108_JPG.rf.98174804ccf90f29108adb4216ca3580.jpg</filename>
	<path>IMG_5108_JPG.rf.98174804ccf90f29108adb4216ca3580.jpg</path>
	<source>
		<database>roboflow.ai</database>
	</source>
	<size>
		<width>1024</width>
		<height>768</height>
		<depth>3</depth>
	</size>
	<segmented>0</segmented>
	<object>
		<name>OrangeJuice</name>
		<pose>Unspecified</pose>
		<truncated>0</truncated>
		<difficult>0</difficult>
		<occluded>0</occluded>
		<bndbox>
			<xmin>845</xmin>
			<xmax>1016</xmax>
			<ymin>28</ymin>
			<ymax>551</ymax>
		</bndbox>
	</object>
	<object>
		<name>BeerCan</name>
		<pose>Unspecified</pose>
		<truncated>0</truncated>
		<difficult>0</difficult>
		<occluded>0</occluded>
		<bndbox>
			<xmin>55</xmin>
			<xmax>283</xmax>
			<ymin>121</ymin>
			<ymax>716</ymax>
		</bndbox>
	</object>
	<object>
		<name>BeerCan</name>
		<pose>Unspecified</pose>
		<truncated>0</truncated>
		<difficult>0</difficult>
		<occluded>0</occluded>
		<bndbox>
			<xmin>323</xmin>
			<xmax>554</xmax>
			<ymin>108</ymin>
			<ymax>751</ymax>
		</bndbox>
	</object>
	<object>
		<name>BeerCan</name>
		<pose>Unspecified</pose>
		<truncated>0</truncated>
		<difficult>0</difficult>
		<occluded>0</occluded>
		<bndbox>
			<xmin>635</xmin>
			<xmax>896</xmax>
			<ymin>107</ymin>
			<ymax>765</ymax>
		</bndbox>
	</object>
</annotation>
