<annotation>
	<folder></folder>
	<filename>IMG_4963-2_JPG.rf.fb2d65ca89a12346a4c7dfd20a6041e6.jpg</filename>
	<path>IMG_4963-2_JPG.rf.fb2d65ca89a12346a4c7dfd20a6041e6.jpg</path>
	<source>
		<database>roboflow.ai</database>
	</source>
	<size>
		<width>1024</width>
		<height>768</height>
		<depth>3</depth>
	</size>
	<segmented>0</segmented>
	<object>
		<name>Milk</name>
		<pose>Unspecified</pose>
		<truncated>0</truncated>
		<difficult>0</difficult>
		<occluded>0</occluded>
		<bndbox>
			<xmin>632</xmin>
			<xmax>853</xmax>
			<ymin>4</ymin>
			<ymax>673</ymax>
		</bndbox>
	</object>
	<object>
		<name>Milk</name>
		<pose>Unspecified</pose>
		<truncated>0</truncated>
		<difficult>0</difficult>
		<occluded>0</occluded>
		<bndbox>
			<xmin>394</xmin>
			<xmax>559</xmax>
			<ymin>132</ymin>
			<ymax>554</ymax>
		</bndbox>
	</object>
</annotation>
