<annotation>
	<folder></folder>
	<filename>IMG_5222_JPG.rf.89fc7cacc148fc5401b763a619ae66f7.jpg</filename>
	<path>IMG_5222_JPG.rf.89fc7cacc148fc5401b763a619ae66f7.jpg</path>
	<source>
		<database>roboflow.ai</database>
	</source>
	<size>
		<width>1024</width>
		<height>768</height>
		<depth>3</depth>
	</size>
	<segmented>0</segmented>
	<object>
		<name>Soap</name>
		<pose>Unspecified</pose>
		<truncated>0</truncated>
		<difficult>0</difficult>
		<occluded>0</occluded>
		<bndbox>
			<xmin>144</xmin>
			<xmax>267</xmax>
			<ymin>154</ymin>
			<ymax>556</ymax>
		</bndbox>
	</object>
	<object>
		<name>Soap</name>
		<pose>Unspecified</pose>
		<truncated>0</truncated>
		<difficult>0</difficult>
		<occluded>0</occluded>
		<bndbox>
			<xmin>540</xmin>
			<xmax>650</xmax>
			<ymin>173</ymin>
			<ymax>546</ymax>
		</bndbox>
	</object>
	<object>
		<name>Soap</name>
		<pose>Unspecified</pose>
		<truncated>0</truncated>
		<difficult>0</difficult>
		<occluded>0</occluded>
		<bndbox>
			<xmin>743</xmin>
			<xmax>857</xmax>
			<ymin>184</ymin>
			<ymax>543</ymax>
		</bndbox>
	</object>
	<object>
		<name>Soap</name>
		<pose>Unspecified</pose>
		<truncated>0</truncated>
		<difficult>0</difficult>
		<occluded>0</occluded>
		<bndbox>
			<xmin>305</xmin>
			<xmax>418</xmax>
			<ymin>179</ymin>
			<ymax>552</ymax>
		</bndbox>
	</object>
</annotation>
