<annotation>
	<folder></folder>
	<filename>IMG_4771_JPG.rf.f9708993335f6550965a361fa95ed7a7.jpg</filename>
	<path>IMG_4771_JPG.rf.f9708993335f6550965a361fa95ed7a7.jpg</path>
	<source>
		<database>roboflow.ai</database>
	</source>
	<size>
		<width>1024</width>
		<height>768</height>
		<depth>3</depth>
	</size>
	<segmented>0</segmented>
	<object>
		<name>Beer</name>
		<pose>Unspecified</pose>
		<truncated>0</truncated>
		<difficult>0</difficult>
		<occluded>0</occluded>
		<bndbox>
			<xmin>691</xmin>
			<xmax>823</xmax>
			<ymin>91</ymin>
			<ymax>562</ymax>
		</bndbox>
	</object>
	<object>
		<name>Beer</name>
		<pose>Unspecified</pose>
		<truncated>0</truncated>
		<difficult>0</difficult>
		<occluded>0</occluded>
		<bndbox>
			<xmin>217</xmin>
			<xmax>369</xmax>
			<ymin>48</ymin>
			<ymax>615</ymax>
		</bndbox>
	</object>
	<object>
		<name>Beer</name>
		<pose>Unspecified</pose>
		<truncated>0</truncated>
		<difficult>0</difficult>
		<occluded>0</occluded>
		<bndbox>
			<xmin>477</xmin>
			<xmax>616</xmax>
			<ymin>149</ymin>
			<ymax>585</ymax>
		</bndbox>
	</object>
</annotation>
