<annotation>
	<folder></folder>
	<filename>IMG_4844_JPG.rf.4bc3a2ef76b293ef7edf2802202d4a43.jpg</filename>
	<path>IMG_4844_JPG.rf.4bc3a2ef76b293ef7edf2802202d4a43.jpg</path>
	<source>
		<database>roboflow.ai</database>
	</source>
	<size>
		<width>1024</width>
		<height>768</height>
		<depth>3</depth>
	</size>
	<segmented>0</segmented>
	<object>
		<name>WineRed</name>
		<pose>Unspecified</pose>
		<truncated>0</truncated>
		<difficult>0</difficult>
		<occluded>0</occluded>
		<bndbox>
			<xmin>616</xmin>
			<xmax>746</xmax>
			<ymin>118</ymin>
			<ymax>603</ymax>
		</bndbox>
	</object>
	<object>
		<name>WineRed</name>
		<pose>Unspecified</pose>
		<truncated>0</truncated>
		<difficult>0</difficult>
		<occluded>0</occluded>
		<bndbox>
			<xmin>356</xmin>
			<xmax>522</xmax>
			<ymin>66</ymin>
			<ymax>717</ymax>
		</bndbox>
	</object>
</annotation>
