<annotation>
	<folder></folder>
	<filename>IMG_4847_JPG.rf.fdbddea2760714f13c0617acbe26ac99.jpg</filename>
	<path>IMG_4847_JPG.rf.fdbddea2760714f13c0617acbe26ac99.jpg</path>
	<source>
		<database>roboflow.ai</database>
	</source>
	<size>
		<width>1024</width>
		<height>768</height>
		<depth>3</depth>
	</size>
	<segmented>0</segmented>
	<object>
		<name>WineRed</name>
		<pose>Unspecified</pose>
		<truncated>0</truncated>
		<difficult>0</difficult>
		<occluded>0</occluded>
		<bndbox>
			<xmin>222</xmin>
			<xmax>358</xmax>
			<ymin>119</ymin>
			<ymax>612</ymax>
		</bndbox>
	</object>
	<object>
		<name>WineRed</name>
		<pose>Unspecified</pose>
		<truncated>0</truncated>
		<difficult>0</difficult>
		<occluded>0</occluded>
		<bndbox>
			<xmin>549</xmin>
			<xmax>712</xmax>
			<ymin>71</ymin>
			<ymax>673</ymax>
		</bndbox>
	</object>
	<object>
		<name>WineRed</name>
		<pose>Unspecified</pose>
		<truncated>0</truncated>
		<difficult>0</difficult>
		<occluded>0</occluded>
		<bndbox>
			<xmin>357</xmin>
			<xmax>503</xmax>
			<ymin>109</ymin>
			<ymax>642</ymax>
		</bndbox>
	</object>
	<object>
		<name>WineWhite</name>
		<pose>Unspecified</pose>
		<truncated>0</truncated>
		<difficult>0</difficult>
		<occluded>0</occluded>
		<bndbox>
			<xmin>746</xmin>
			<xmax>926</xmax>
			<ymin>76</ymin>
			<ymax>696</ymax>
		</bndbox>
	</object>
</annotation>
