<annotation>
	<folder></folder>
	<filename>IMG_4754_JPG.rf.2e7a5b66f44b33593ea158e1a8ee9585.jpg</filename>
	<path>IMG_4754_JPG.rf.2e7a5b66f44b33593ea158e1a8ee9585.jpg</path>
	<source>
		<database>roboflow.ai</database>
	</source>
	<size>
		<width>1024</width>
		<height>768</height>
		<depth>3</depth>
	</size>
	<segmented>0</segmented>
	<object>
		<name>Milk</name>
		<pose>Unspecified</pose>
		<truncated>0</truncated>
		<difficult>0</difficult>
		<occluded>0</occluded>
		<bndbox>
			<xmin>566</xmin>
			<xmax>685</xmax>
			<ymin>199</ymin>
			<ymax>550</ymax>
		</bndbox>
	</object>
	<object>
		<name>Milk</name>
		<pose>Unspecified</pose>
		<truncated>0</truncated>
		<difficult>0</difficult>
		<occluded>0</occluded>
		<bndbox>
			<xmin>359</xmin>
			<xmax>482</xmax>
			<ymin>205</ymin>
			<ymax>550</ymax>
		</bndbox>
	</object>
</annotation>
