<annotation>
	<folder></folder>
	<filename>IMG_5116_JPG.rf.c74defaaba36df2197aec35cd9ced778.jpg</filename>
	<path>IMG_5116_JPG.rf.c74defaaba36df2197aec35cd9ced778.jpg</path>
	<source>
		<database>roboflow.ai</database>
	</source>
	<size>
		<width>1024</width>
		<height>768</height>
		<depth>3</depth>
	</size>
	<segmented>0</segmented>
	<object>
		<name>Water</name>
		<pose>Unspecified</pose>
		<truncated>0</truncated>
		<difficult>0</difficult>
		<occluded>0</occluded>
		<bndbox>
			<xmin>91</xmin>
			<xmax>235</xmax>
			<ymin>67</ymin>
			<ymax>597</ymax>
		</bndbox>
	</object>
	<object>
		<name>Water</name>
		<pose>Unspecified</pose>
		<truncated>0</truncated>
		<difficult>0</difficult>
		<occluded>0</occluded>
		<bndbox>
			<xmin>474</xmin>
			<xmax>602</xmax>
			<ymin>76</ymin>
			<ymax>601</ymax>
		</bndbox>
	</object>
	<object>
		<name>Milk</name>
		<pose>Unspecified</pose>
		<truncated>0</truncated>
		<difficult>0</difficult>
		<occluded>0</occluded>
		<bndbox>
			<xmin>624</xmin>
			<xmax>740</xmax>
			<ymin>220</ymin>
			<ymax>594</ymax>
		</bndbox>
	</object>
	<object>
		<name>Milk</name>
		<pose>Unspecified</pose>
		<truncated>0</truncated>
		<difficult>0</difficult>
		<occluded>0</occluded>
		<bndbox>
			<xmin>281</xmin>
			<xmax>428</xmax>
			<ymin>231</ymin>
			<ymax>602</ymax>
		</bndbox>
	</object>
	<object>
		<name>OrangeJuice</name>
		<pose>Unspecified</pose>
		<truncated>0</truncated>
		<difficult>0</difficult>
		<occluded>0</occluded>
		<bndbox>
			<xmin>766</xmin>
			<xmax>908</xmax>
			<ymin>244</ymin>
			<ymax>605</ymax>
		</bndbox>
	</object>
</annotation>
