<annotation>
	<folder></folder>
	<filename>IMG_4822_JPG.rf.c7bf4ed61d2c2a2d34f59439ca3934bc.jpg</filename>
	<path>IMG_4822_JPG.rf.c7bf4ed61d2c2a2d34f59439ca3934bc.jpg</path>
	<source>
		<database>roboflow.ai</database>
	</source>
	<size>
		<width>1024</width>
		<height>768</height>
		<depth>3</depth>
	</size>
	<segmented>0</segmented>
	<object>
		<name>WineRed</name>
		<pose>Unspecified</pose>
		<truncated>0</truncated>
		<difficult>0</difficult>
		<occluded>0</occluded>
		<bndbox>
			<xmin>326</xmin>
			<xmax>496</xmax>
			<ymin>37</ymin>
			<ymax>688</ymax>
		</bndbox>
	</object>
	<object>
		<name>WineRed</name>
		<pose>Unspecified</pose>
		<truncated>0</truncated>
		<difficult>0</difficult>
		<occluded>0</occluded>
		<bndbox>
			<xmin>578</xmin>
			<xmax>759</xmax>
			<ymin>29</ymin>
			<ymax>725</ymax>
		</bndbox>
	</object>
</annotation>
