<annotation>
	<folder></folder>
	<filename>IMG_5194_JPG.rf.9ecd4c2ac1082ca91c5cf545199573e8.jpg</filename>
	<path>IMG_5194_JPG.rf.9ecd4c2ac1082ca91c5cf545199573e8.jpg</path>
	<source>
		<database>roboflow.ai</database>
	</source>
	<size>
		<width>1024</width>
		<height>768</height>
		<depth>3</depth>
	</size>
	<segmented>0</segmented>
	<object>
		<name>Water</name>
		<pose>Unspecified</pose>
		<truncated>0</truncated>
		<difficult>0</difficult>
		<occluded>0</occluded>
		<bndbox>
			<xmin>683</xmin>
			<xmax>855</xmax>
			<ymin>42</ymin>
			<ymax>600</ymax>
		</bndbox>
	</object>
	<object>
		<name>Water</name>
		<pose>Unspecified</pose>
		<truncated>0</truncated>
		<difficult>0</difficult>
		<occluded>0</occluded>
		<bndbox>
			<xmin>469</xmin>
			<xmax>615</xmax>
			<ymin>90</ymin>
			<ymax>599</ymax>
		</bndbox>
	</object>
	<object>
		<name>Water</name>
		<pose>Unspecified</pose>
		<truncated>0</truncated>
		<difficult>0</difficult>
		<occluded>0</occluded>
		<bndbox>
			<xmin>271</xmin>
			<xmax>437</xmax>
			<ymin>105</ymin>
			<ymax>611</ymax>
		</bndbox>
	</object>
	<object>
		<name>Water</name>
		<pose>Unspecified</pose>
		<truncated>0</truncated>
		<difficult>0</difficult>
		<occluded>0</occluded>
		<bndbox>
			<xmin>112</xmin>
			<xmax>263</xmax>
			<ymin>141</ymin>
			<ymax>614</ymax>
		</bndbox>
	</object>
</annotation>
