<annotation>
	<folder></folder>
	<filename>IMG_4821_JPG.rf.d332ad129660be4782f8262c9e182bda.jpg</filename>
	<path>IMG_4821_JPG.rf.d332ad129660be4782f8262c9e182bda.jpg</path>
	<source>
		<database>roboflow.ai</database>
	</source>
	<size>
		<width>1024</width>
		<height>768</height>
		<depth>3</depth>
	</size>
	<segmented>0</segmented>
	<object>
		<name>Soap</name>
		<pose>Unspecified</pose>
		<truncated>0</truncated>
		<difficult>0</difficult>
		<occluded>0</occluded>
		<bndbox>
			<xmin>398</xmin>
			<xmax>575</xmax>
			<ymin>109</ymin>
			<ymax>744</ymax>
		</bndbox>
	</object>
</annotation>
