<annotation>
	<folder></folder>
	<filename>IMG_4798_JPG.rf.6bf22b308b4f7cd4a53ed8ac548479c6.jpg</filename>
	<path>IMG_4798_JPG.rf.6bf22b308b4f7cd4a53ed8ac548479c6.jpg</path>
	<source>
		<database>roboflow.ai</database>
	</source>
	<size>
		<width>1024</width>
		<height>768</height>
		<depth>3</depth>
	</size>
	<segmented>0</segmented>
	<object>
		<name>Water</name>
		<pose>Unspecified</pose>
		<truncated>0</truncated>
		<difficult>0</difficult>
		<occluded>0</occluded>
		<bndbox>
			<xmin>497</xmin>
			<xmax>667</xmax>
			<ymin>66</ymin>
			<ymax>737</ymax>
		</bndbox>
	</object>
</annotation>
