<annotation>
	<folder></folder>
	<filename>IMG_5174_JPG.rf.5ec246c7d6ad76497d82e27e8e5d0210.jpg</filename>
	<path>IMG_5174_JPG.rf.5ec246c7d6ad76497d82e27e8e5d0210.jpg</path>
	<source>
		<database>roboflow.ai</database>
	</source>
	<size>
		<width>1024</width>
		<height>768</height>
		<depth>3</depth>
	</size>
	<segmented>0</segmented>
	<object>
		<name>OrangeJuice</name>
		<pose>Unspecified</pose>
		<truncated>0</truncated>
		<difficult>0</difficult>
		<occluded>0</occluded>
		<bndbox>
			<xmin>210</xmin>
			<xmax>372</xmax>
			<ymin>131</ymin>
			<ymax>614</ymax>
		</bndbox>
	</object>
	<object>
		<name>OrangeJuice</name>
		<pose>Unspecified</pose>
		<truncated>0</truncated>
		<difficult>0</difficult>
		<occluded>0</occluded>
		<bndbox>
			<xmin>712</xmin>
			<xmax>881</xmax>
			<ymin>205</ymin>
			<ymax>624</ymax>
		</bndbox>
	</object>
</annotation>
