<annotation>
	<folder></folder>
	<filename>IMG_4954-2_JPG.rf.cf1885ce2f24384aa47fbdb6ce7aee2d.jpg</filename>
	<path>IMG_4954-2_JPG.rf.cf1885ce2f24384aa47fbdb6ce7aee2d.jpg</path>
	<source>
		<database>roboflow.ai</database>
	</source>
	<size>
		<width>1024</width>
		<height>768</height>
		<depth>3</depth>
	</size>
	<segmented>0</segmented>
	<object>
		<name>Milk</name>
		<pose>Unspecified</pose>
		<truncated>0</truncated>
		<difficult>0</difficult>
		<occluded>0</occluded>
		<bndbox>
			<xmin>187</xmin>
			<xmax>446</xmax>
			<ymin>65</ymin>
			<ymax>691</ymax>
		</bndbox>
	</object>
	<object>
		<name>Milk</name>
		<pose>Unspecified</pose>
		<truncated>0</truncated>
		<difficult>0</difficult>
		<occluded>0</occluded>
		<bndbox>
			<xmin>758</xmin>
			<xmax>969</xmax>
			<ymin>228</ymin>
			<ymax>647</ymax>
		</bndbox>
	</object>
</annotation>
