<annotation>
	<folder></folder>
	<filename>IMG_4868_JPG.rf.a9c91e10a2e59e1d97391f0ea264eeb3.jpg</filename>
	<path>IMG_4868_JPG.rf.a9c91e10a2e59e1d97391f0ea264eeb3.jpg</path>
	<source>
		<database>roboflow.ai</database>
	</source>
	<size>
		<width>1024</width>
		<height>768</height>
		<depth>3</depth>
	</size>
	<segmented>0</segmented>
	<object>
		<name>Water</name>
		<pose>Unspecified</pose>
		<truncated>0</truncated>
		<difficult>0</difficult>
		<occluded>0</occluded>
		<bndbox>
			<xmin>460</xmin>
			<xmax>603</xmax>
			<ymin>17</ymin>
			<ymax>596</ymax>
		</bndbox>
	</object>
	<object>
		<name>Beer</name>
		<pose>Unspecified</pose>
		<truncated>0</truncated>
		<difficult>0</difficult>
		<occluded>0</occluded>
		<bndbox>
			<xmin>571</xmin>
			<xmax>673</xmax>
			<ymin>262</ymin>
			<ymax>565</ymax>
		</bndbox>
	</object>
	<object>
		<name>Beer</name>
		<pose>Unspecified</pose>
		<truncated>0</truncated>
		<difficult>0</difficult>
		<occluded>0</occluded>
		<bndbox>
			<xmin>295</xmin>
			<xmax>385</xmax>
			<ymin>255</ymin>
			<ymax>598</ymax>
		</bndbox>
	</object>
	<object>
		<name>Beer</name>
		<pose>Unspecified</pose>
		<truncated>0</truncated>
		<difficult>0</difficult>
		<occluded>0</occluded>
		<bndbox>
			<xmin>362</xmin>
			<xmax>503</xmax>
			<ymin>199</ymin>
			<ymax>667</ymax>
		</bndbox>
	</object>
</annotation>
