<annotation>
	<folder></folder>
	<filename>IMG_4806_JPG.rf.5f2f7d9e0d1a920e8c6663250086c43d.jpg</filename>
	<path>IMG_4806_JPG.rf.5f2f7d9e0d1a920e8c6663250086c43d.jpg</path>
	<source>
		<database>roboflow.ai</database>
	</source>
	<size>
		<width>1024</width>
		<height>768</height>
		<depth>3</depth>
	</size>
	<segmented>0</segmented>
	<object>
		<name>Soap</name>
		<pose>Unspecified</pose>
		<truncated>0</truncated>
		<difficult>0</difficult>
		<occluded>0</occluded>
		<bndbox>
			<xmin>436</xmin>
			<xmax>616</xmax>
			<ymin>52</ymin>
			<ymax>694</ymax>
		</bndbox>
	</object>
</annotation>
