<annotation>
	<folder></folder>
	<filename>IMG_4750_JPG.rf.7e2763471c191c371e9e164239a0e178.jpg</filename>
	<path>IMG_4750_JPG.rf.7e2763471c191c371e9e164239a0e178.jpg</path>
	<source>
		<database>roboflow.ai</database>
	</source>
	<size>
		<width>1024</width>
		<height>768</height>
		<depth>3</depth>
	</size>
	<segmented>0</segmented>
	<object>
		<name>Milk</name>
		<pose>Unspecified</pose>
		<truncated>0</truncated>
		<difficult>0</difficult>
		<occluded>0</occluded>
		<bndbox>
			<xmin>427</xmin>
			<xmax>624</xmax>
			<ymin>105</ymin>
			<ymax>670</ymax>
		</bndbox>
	</object>
</annotation>
