<annotation>
	<folder></folder>
	<filename>IMG_4859_JPG.rf.a4dde4ec242f115195050444f68b7ce9.jpg</filename>
	<path>IMG_4859_JPG.rf.a4dde4ec242f115195050444f68b7ce9.jpg</path>
	<source>
		<database>roboflow.ai</database>
	</source>
	<size>
		<width>1024</width>
		<height>768</height>
		<depth>3</depth>
	</size>
	<segmented>0</segmented>
	<object>
		<name>Water</name>
		<pose>Unspecified</pose>
		<truncated>0</truncated>
		<difficult>0</difficult>
		<occluded>0</occluded>
		<bndbox>
			<xmin>441</xmin>
			<xmax>624</xmax>
			<ymin>49</ymin>
			<ymax>726</ymax>
		</bndbox>
	</object>
	<object>
		<name>Beer</name>
		<pose>Unspecified</pose>
		<truncated>0</truncated>
		<difficult>0</difficult>
		<occluded>0</occluded>
		<bndbox>
			<xmin>693</xmin>
			<xmax>841</xmax>
			<ymin>306</ymin>
			<ymax>720</ymax>
		</bndbox>
	</object>
	<object>
		<name>Beer</name>
		<pose>Unspecified</pose>
		<truncated>0</truncated>
		<difficult>0</difficult>
		<occluded>0</occluded>
		<bndbox>
			<xmin>228</xmin>
			<xmax>376</xmax>
			<ymin>298</ymin>
			<ymax>731</ymax>
		</bndbox>
	</object>
</annotation>
