<annotation>
	<folder></folder>
	<filename>IMG_4843_JPG.rf.d27582475845f1ce3ed3e3e4f89c09f3.jpg</filename>
	<path>IMG_4843_JPG.rf.d27582475845f1ce3ed3e3e4f89c09f3.jpg</path>
	<source>
		<database>roboflow.ai</database>
	</source>
	<size>
		<width>1024</width>
		<height>768</height>
		<depth>3</depth>
	</size>
	<segmented>0</segmented>
	<object>
		<name>WineRed</name>
		<pose>Unspecified</pose>
		<truncated>0</truncated>
		<difficult>0</difficult>
		<occluded>0</occluded>
		<bndbox>
			<xmin>620</xmin>
			<xmax>769</xmax>
			<ymin>127</ymin>
			<ymax>672</ymax>
		</bndbox>
	</object>
	<object>
		<name>WineRed</name>
		<pose>Unspecified</pose>
		<truncated>0</truncated>
		<difficult>0</difficult>
		<occluded>0</occluded>
		<bndbox>
			<xmin>260</xmin>
			<xmax>406</xmax>
			<ymin>136</ymin>
			<ymax>689</ymax>
		</bndbox>
	</object>
</annotation>
