<annotation>
	<folder></folder>
	<filename>IMG_5170_JPG.rf.fa6daaabd2e967bb9b7081aa513c144b.jpg</filename>
	<path>IMG_5170_JPG.rf.fa6daaabd2e967bb9b7081aa513c144b.jpg</path>
	<source>
		<database>roboflow.ai</database>
	</source>
	<size>
		<width>1024</width>
		<height>768</height>
		<depth>3</depth>
	</size>
	<segmented>0</segmented>
	<object>
		<name>OrangeJuice</name>
		<pose>Unspecified</pose>
		<truncated>0</truncated>
		<difficult>0</difficult>
		<occluded>0</occluded>
		<bndbox>
			<xmin>282</xmin>
			<xmax>381</xmax>
			<ymin>59</ymin>
			<ymax>339</ymax>
		</bndbox>
	</object>
	<object>
		<name>OrangeJuice</name>
		<pose>Unspecified</pose>
		<truncated>0</truncated>
		<difficult>0</difficult>
		<occluded>0</occluded>
		<bndbox>
			<xmin>669</xmin>
			<xmax>864</xmax>
			<ymin>146</ymin>
			<ymax>649</ymax>
		</bndbox>
	</object>
</annotation>
