<annotation>
	<folder></folder>
	<filename>IMG_4833_JPG.rf.9ec25a92be56e18b93219f096eacce46.jpg</filename>
	<path>IMG_4833_JPG.rf.9ec25a92be56e18b93219f096eacce46.jpg</path>
	<source>
		<database>roboflow.ai</database>
	</source>
	<size>
		<width>1024</width>
		<height>768</height>
		<depth>3</depth>
	</size>
	<segmented>0</segmented>
	<object>
		<name>WineRed</name>
		<pose>Unspecified</pose>
		<truncated>0</truncated>
		<difficult>0</difficult>
		<occluded>0</occluded>
		<bndbox>
			<xmin>379</xmin>
			<xmax>551</xmax>
			<ymin>60</ymin>
			<ymax>695</ymax>
		</bndbox>
	</object>
	<object>
		<name>WineRed</name>
		<pose>Unspecified</pose>
		<truncated>0</truncated>
		<difficult>0</difficult>
		<occluded>0</occluded>
		<bndbox>
			<xmin>609</xmin>
			<xmax>762</xmax>
			<ymin>129</ymin>
			<ymax>680</ymax>
		</bndbox>
	</object>
</annotation>
