<annotation>
	<folder></folder>
	<filename>IMG_4793_JPG.rf.05dff3ef5a9246257eb38d8f084f9857.jpg</filename>
	<path>IMG_4793_JPG.rf.05dff3ef5a9246257eb38d8f084f9857.jpg</path>
	<source>
		<database>roboflow.ai</database>
	</source>
	<size>
		<width>1024</width>
		<height>768</height>
		<depth>3</depth>
	</size>
	<segmented>0</segmented>
	<object>
		<name>Water</name>
		<pose>Unspecified</pose>
		<truncated>0</truncated>
		<difficult>0</difficult>
		<occluded>0</occluded>
		<bndbox>
			<xmin>517</xmin>
			<xmax>679</xmax>
			<ymin>79</ymin>
			<ymax>697</ymax>
		</bndbox>
	</object>
</annotation>
