<annotation>
	<folder></folder>
	<filename>IMG_5083_JPG.rf.b47cb343dce89d612c093e7451961f00.jpg</filename>
	<path>IMG_5083_JPG.rf.b47cb343dce89d612c093e7451961f00.jpg</path>
	<source>
		<database>roboflow.ai</database>
	</source>
	<size>
		<width>1024</width>
		<height>768</height>
		<depth>3</depth>
	</size>
	<segmented>0</segmented>
	<object>
		<name>oil</name>
		<pose>Unspecified</pose>
		<truncated>0</truncated>
		<difficult>0</difficult>
		<occluded>0</occluded>
		<bndbox>
			<xmin>201</xmin>
			<xmax>408</xmax>
			<ymin>4</ymin>
			<ymax>721</ymax>
		</bndbox>
	</object>
	<object>
		<name>oil</name>
		<pose>Unspecified</pose>
		<truncated>0</truncated>
		<difficult>0</difficult>
		<occluded>0</occluded>
		<bndbox>
			<xmin>485</xmin>
			<xmax>665</xmax>
			<ymin>36</ymin>
			<ymax>706</ymax>
		</bndbox>
	</object>
	<object>
		<name>oil</name>
		<pose>Unspecified</pose>
		<truncated>0</truncated>
		<difficult>0</difficult>
		<occluded>0</occluded>
		<bndbox>
			<xmin>770</xmin>
			<xmax>963</xmax>
			<ymin>70</ymin>
			<ymax>692</ymax>
		</bndbox>
	</object>
</annotation>
