<annotation>
	<folder></folder>
	<filename>IMG_5179_JPG.rf.4fb129275cc279ffa27116ceb9ced411.jpg</filename>
	<path>IMG_5179_JPG.rf.4fb129275cc279ffa27116ceb9ced411.jpg</path>
	<source>
		<database>roboflow.ai</database>
	</source>
	<size>
		<width>1024</width>
		<height>768</height>
		<depth>3</depth>
	</size>
	<segmented>0</segmented>
	<object>
		<name>OrangeJuice</name>
		<pose>Unspecified</pose>
		<truncated>0</truncated>
		<difficult>0</difficult>
		<occluded>0</occluded>
		<bndbox>
			<xmin>182</xmin>
			<xmax>404</xmax>
			<ymin>7</ymin>
			<ymax>735</ymax>
		</bndbox>
	</object>
	<object>
		<name>OrangeJuice</name>
		<pose>Unspecified</pose>
		<truncated>0</truncated>
		<difficult>0</difficult>
		<occluded>0</occluded>
		<bndbox>
			<xmin>669</xmin>
			<xmax>864</xmax>
			<ymin>151</ymin>
			<ymax>667</ymax>
		</bndbox>
	</object>
</annotation>
