<annotation>
	<folder></folder>
	<filename>IMG_5058_JPG.rf.f0e2f93e3edbce182c92bb050575086a.jpg</filename>
	<path>IMG_5058_JPG.rf.f0e2f93e3edbce182c92bb050575086a.jpg</path>
	<source>
		<database>roboflow.ai</database>
	</source>
	<size>
		<width>1024</width>
		<height>768</height>
		<depth>3</depth>
	</size>
	<segmented>0</segmented>
	<object>
		<name>oil</name>
		<pose>Unspecified</pose>
		<truncated>0</truncated>
		<difficult>0</difficult>
		<occluded>0</occluded>
		<bndbox>
			<xmin>169</xmin>
			<xmax>266</xmax>
			<ymin>152</ymin>
			<ymax>567</ymax>
		</bndbox>
	</object>
	<object>
		<name>oil</name>
		<pose>Unspecified</pose>
		<truncated>0</truncated>
		<difficult>0</difficult>
		<occluded>0</occluded>
		<bndbox>
			<xmin>511</xmin>
			<xmax>583</xmax>
			<ymin>239</ymin>
			<ymax>580</ymax>
		</bndbox>
	</object>
	<object>
		<name>oil</name>
		<pose>Unspecified</pose>
		<truncated>0</truncated>
		<difficult>0</difficult>
		<occluded>0</occluded>
		<bndbox>
			<xmin>292</xmin>
			<xmax>524</xmax>
			<ymin>55</ymin>
			<ymax>769</ymax>
		</bndbox>
	</object>
</annotation>
