<annotation>
	<folder></folder>
	<filename>IMG_4998_JPG.rf.651c5975605b1e55cd6fa790991a4b3b.jpg</filename>
	<path>IMG_4998_JPG.rf.651c5975605b1e55cd6fa790991a4b3b.jpg</path>
	<source>
		<database>roboflow.ai</database>
	</source>
	<size>
		<width>1024</width>
		<height>768</height>
		<depth>3</depth>
	</size>
	<segmented>0</segmented>
	<object>
		<name>WineWhite</name>
		<pose>Unspecified</pose>
		<truncated>0</truncated>
		<difficult>0</difficult>
		<occluded>0</occluded>
		<bndbox>
			<xmin>724</xmin>
			<xmax>933</xmax>
			<ymin>1</ymin>
			<ymax>724</ymax>
		</bndbox>
	</object>
	<object>
		<name>WineWhite</name>
		<pose>Unspecified</pose>
		<truncated>0</truncated>
		<difficult>0</difficult>
		<occluded>0</occluded>
		<bndbox>
			<xmin>487</xmin>
			<xmax>658</xmax>
			<ymin>38</ymin>
			<ymax>724</ymax>
		</bndbox>
	</object>
</annotation>
