<annotation>
	<folder></folder>
	<filename>IMG_4772_JPG.rf.241d38029942cc335bd565d4c13f7e3d.jpg</filename>
	<path>IMG_4772_JPG.rf.241d38029942cc335bd565d4c13f7e3d.jpg</path>
	<source>
		<database>roboflow.ai</database>
	</source>
	<size>
		<width>1024</width>
		<height>768</height>
		<depth>3</depth>
	</size>
	<segmented>0</segmented>
	<object>
		<name>Beer</name>
		<pose>Unspecified</pose>
		<truncated>0</truncated>
		<difficult>0</difficult>
		<occluded>0</occluded>
		<bndbox>
			<xmin>612</xmin>
			<xmax>727</xmax>
			<ymin>115</ymin>
			<ymax>551</ymax>
		</bndbox>
	</object>
	<object>
		<name>Beer</name>
		<pose>Unspecified</pose>
		<truncated>0</truncated>
		<difficult>0</difficult>
		<occluded>0</occluded>
		<bndbox>
			<xmin>176</xmin>
			<xmax>364</xmax>
			<ymin>1</ymin>
			<ymax>700</ymax>
		</bndbox>
	</object>
	<object>
		<name>Beer</name>
		<pose>Unspecified</pose>
		<truncated>0</truncated>
		<difficult>0</difficult>
		<occluded>0</occluded>
		<bndbox>
			<xmin>450</xmin>
			<xmax>591</xmax>
			<ymin>150</ymin>
			<ymax>613</ymax>
		</bndbox>
	</object>
</annotation>
