<annotation>
	<folder></folder>
	<filename>IMG_5115_JPG.rf.5cbcea6bf94be1294fbef280329b0693.jpg</filename>
	<path>IMG_5115_JPG.rf.5cbcea6bf94be1294fbef280329b0693.jpg</path>
	<source>
		<database>roboflow.ai</database>
	</source>
	<size>
		<width>1024</width>
		<height>768</height>
		<depth>3</depth>
	</size>
	<segmented>0</segmented>
	<object>
		<name>Water</name>
		<pose>Unspecified</pose>
		<truncated>0</truncated>
		<difficult>0</difficult>
		<occluded>0</occluded>
		<bndbox>
			<xmin>434</xmin>
			<xmax>603</xmax>
			<ymin>70</ymin>
			<ymax>667</ymax>
		</bndbox>
	</object>
	<object>
		<name>Water</name>
		<pose>Unspecified</pose>
		<truncated>0</truncated>
		<difficult>0</difficult>
		<occluded>0</occluded>
		<bndbox>
			<xmin>24</xmin>
			<xmax>210</xmax>
			<ymin>121</ymin>
			<ymax>664</ymax>
		</bndbox>
	</object>
	<object>
		<name>Milk</name>
		<pose>Unspecified</pose>
		<truncated>0</truncated>
		<difficult>0</difficult>
		<occluded>0</occluded>
		<bndbox>
			<xmin>619</xmin>
			<xmax>790</xmax>
			<ymin>205</ymin>
			<ymax>666</ymax>
		</bndbox>
	</object>
	<object>
		<name>OrangeJuice</name>
		<pose>Unspecified</pose>
		<truncated>0</truncated>
		<difficult>0</difficult>
		<occluded>0</occluded>
		<bndbox>
			<xmin>800</xmin>
			<xmax>1022</xmax>
			<ymin>205</ymin>
			<ymax>672</ymax>
		</bndbox>
	</object>
	<object>
		<name>Milk</name>
		<pose>Unspecified</pose>
		<truncated>0</truncated>
		<difficult>0</difficult>
		<occluded>0</occluded>
		<bndbox>
			<xmin>223</xmin>
			<xmax>396</xmax>
			<ymin>252</ymin>
			<ymax>659</ymax>
		</bndbox>
	</object>
</annotation>
