<annotation>
	<folder></folder>
	<filename>IMG_4944-2_JPG.rf.a84cfdee7b8e67db1870e7b36ad91cbf.jpg</filename>
	<path>IMG_4944-2_JPG.rf.a84cfdee7b8e67db1870e7b36ad91cbf.jpg</path>
	<source>
		<database>roboflow.ai</database>
	</source>
	<size>
		<width>1024</width>
		<height>768</height>
		<depth>3</depth>
	</size>
	<segmented>0</segmented>
	<object>
		<name>Milk</name>
		<pose>Unspecified</pose>
		<truncated>0</truncated>
		<difficult>0</difficult>
		<occluded>0</occluded>
		<bndbox>
			<xmin>164</xmin>
			<xmax>404</xmax>
			<ymin>64</ymin>
			<ymax>670</ymax>
		</bndbox>
	</object>
	<object>
		<name>Milk</name>
		<pose>Unspecified</pose>
		<truncated>0</truncated>
		<difficult>0</difficult>
		<occluded>0</occluded>
		<bndbox>
			<xmin>519</xmin>
			<xmax>843</xmax>
			<ymin>25</ymin>
			<ymax>753</ymax>
		</bndbox>
	</object>
</annotation>
