<annotation>
	<folder></folder>
	<filename>IMG_4765_JPG.rf.43b11001e84028e0f201e7d38d2c21fe.jpg</filename>
	<path>IMG_4765_JPG.rf.43b11001e84028e0f201e7d38d2c21fe.jpg</path>
	<source>
		<database>roboflow.ai</database>
	</source>
	<size>
		<width>1024</width>
		<height>768</height>
		<depth>3</depth>
	</size>
	<segmented>0</segmented>
	<object>
		<name>Beer</name>
		<pose>Unspecified</pose>
		<truncated>0</truncated>
		<difficult>0</difficult>
		<occluded>0</occluded>
		<bndbox>
			<xmin>326</xmin>
			<xmax>452</xmax>
			<ymin>82</ymin>
			<ymax>569</ymax>
		</bndbox>
	</object>
	<object>
		<name>Beer</name>
		<pose>Unspecified</pose>
		<truncated>0</truncated>
		<difficult>0</difficult>
		<occluded>0</occluded>
		<bndbox>
			<xmin>498</xmin>
			<xmax>620</xmax>
			<ymin>105</ymin>
			<ymax>584</ymax>
		</bndbox>
	</object>
	<object>
		<name>Beer</name>
		<pose>Unspecified</pose>
		<truncated>0</truncated>
		<difficult>0</difficult>
		<occluded>0</occluded>
		<bndbox>
			<xmin>630</xmin>
			<xmax>809</xmax>
			<ymin>141</ymin>
			<ymax>686</ymax>
		</bndbox>
	</object>
</annotation>
