<annotation>
	<folder></folder>
	<filename>IMG_5093_JPG.rf.b2357f0e30f41e62ed04ee8780f7938a.jpg</filename>
	<path>IMG_5093_JPG.rf.b2357f0e30f41e62ed04ee8780f7938a.jpg</path>
	<source>
		<database>roboflow.ai</database>
	</source>
	<size>
		<width>1024</width>
		<height>768</height>
		<depth>3</depth>
	</size>
	<segmented>0</segmented>
	<object>
		<name>oil</name>
		<pose>Unspecified</pose>
		<truncated>0</truncated>
		<difficult>0</difficult>
		<occluded>0</occluded>
		<bndbox>
			<xmin>646</xmin>
			<xmax>908</xmax>
			<ymin>1</ymin>
			<ymax>616</ymax>
		</bndbox>
	</object>
	<object>
		<name>oil</name>
		<pose>Unspecified</pose>
		<truncated>0</truncated>
		<difficult>0</difficult>
		<occluded>0</occluded>
		<bndbox>
			<xmin>268</xmin>
			<xmax>385</xmax>
			<ymin>110</ymin>
			<ymax>618</ymax>
		</bndbox>
	</object>
	<object>
		<name>oil</name>
		<pose>Unspecified</pose>
		<truncated>0</truncated>
		<difficult>0</difficult>
		<occluded>0</occluded>
		<bndbox>
			<xmin>527</xmin>
			<xmax>652</xmax>
			<ymin>147</ymin>
			<ymax>609</ymax>
		</bndbox>
	</object>
	<object>
		<name>oil</name>
		<pose>Unspecified</pose>
		<truncated>0</truncated>
		<difficult>0</difficult>
		<occluded>0</occluded>
		<bndbox>
			<xmin>389</xmin>
			<xmax>514</xmax>
			<ymin>150</ymin>
			<ymax>611</ymax>
		</bndbox>
	</object>
</annotation>
