<annotation>
	<folder></folder>
	<filename>IMG_5147_JPG.rf.437a76fc8df85f655ad1fd11c9f40807.jpg</filename>
	<path>IMG_5147_JPG.rf.437a76fc8df85f655ad1fd11c9f40807.jpg</path>
	<source>
		<database>roboflow.ai</database>
	</source>
	<size>
		<width>1024</width>
		<height>768</height>
		<depth>3</depth>
	</size>
	<segmented>0</segmented>
	<object>
		<name>Water</name>
		<pose>Unspecified</pose>
		<truncated>0</truncated>
		<difficult>0</difficult>
		<occluded>0</occluded>
		<bndbox>
			<xmin>265</xmin>
			<xmax>433</xmax>
			<ymin>21</ymin>
			<ymax>638</ymax>
		</bndbox>
	</object>
	<object>
		<name>Water</name>
		<pose>Unspecified</pose>
		<truncated>0</truncated>
		<difficult>0</difficult>
		<occluded>0</occluded>
		<bndbox>
			<xmin>620</xmin>
			<xmax>780</xmax>
			<ymin>71</ymin>
			<ymax>614</ymax>
		</bndbox>
	</object>
</annotation>
