<annotation>
	<folder></folder>
	<filename>IMG_4773_JPG.rf.a0e11451dd7bd4780cb69629c53d0b32.jpg</filename>
	<path>IMG_4773_JPG.rf.a0e11451dd7bd4780cb69629c53d0b32.jpg</path>
	<source>
		<database>roboflow.ai</database>
	</source>
	<size>
		<width>1024</width>
		<height>768</height>
		<depth>3</depth>
	</size>
	<segmented>0</segmented>
	<object>
		<name>Beer</name>
		<pose>Unspecified</pose>
		<truncated>0</truncated>
		<difficult>0</difficult>
		<occluded>0</occluded>
		<bndbox>
			<xmin>333</xmin>
			<xmax>438</xmax>
			<ymin>109</ymin>
			<ymax>510</ymax>
		</bndbox>
	</object>
	<object>
		<name>Beer</name>
		<pose>Unspecified</pose>
		<truncated>0</truncated>
		<difficult>0</difficult>
		<occluded>0</occluded>
		<bndbox>
			<xmin>624</xmin>
			<xmax>762</xmax>
			<ymin>65</ymin>
			<ymax>600</ymax>
		</bndbox>
	</object>
	<object>
		<name>Beer</name>
		<pose>Unspecified</pose>
		<truncated>0</truncated>
		<difficult>0</difficult>
		<occluded>0</occluded>
		<bndbox>
			<xmin>454</xmin>
			<xmax>571</xmax>
			<ymin>158</ymin>
			<ymax>550</ymax>
		</bndbox>
	</object>
</annotation>
