<annotation>
	<folder></folder>
	<filename>IMG_5096_JPG.rf.236e041273c80067a1310079a58fb37f.jpg</filename>
	<path>IMG_5096_JPG.rf.236e041273c80067a1310079a58fb37f.jpg</path>
	<source>
		<database>roboflow.ai</database>
	</source>
	<size>
		<width>1024</width>
		<height>768</height>
		<depth>3</depth>
	</size>
	<segmented>0</segmented>
	<object>
		<name>oil</name>
		<pose>Unspecified</pose>
		<truncated>0</truncated>
		<difficult>0</difficult>
		<occluded>0</occluded>
		<bndbox>
			<xmin>69</xmin>
			<xmax>307</xmax>
			<ymin>1</ymin>
			<ymax>694</ymax>
		</bndbox>
	</object>
	<object>
		<name>oil</name>
		<pose>Unspecified</pose>
		<truncated>0</truncated>
		<difficult>0</difficult>
		<occluded>0</occluded>
		<bndbox>
			<xmin>362</xmin>
			<xmax>543</xmax>
			<ymin>35</ymin>
			<ymax>676</ymax>
		</bndbox>
	</object>
	<object>
		<name>oil</name>
		<pose>Unspecified</pose>
		<truncated>0</truncated>
		<difficult>0</difficult>
		<occluded>0</occluded>
		<bndbox>
			<xmin>673</xmin>
			<xmax>832</xmax>
			<ymin>136</ymin>
			<ymax>651</ymax>
		</bndbox>
	</object>
	<object>
		<name>oil</name>
		<pose>Unspecified</pose>
		<truncated>0</truncated>
		<difficult>0</difficult>
		<occluded>0</occluded>
		<bndbox>
			<xmin>779</xmin>
			<xmax>920</xmax>
			<ymin>186</ymin>
			<ymax>639</ymax>
		</bndbox>
	</object>
</annotation>
