<annotation>
	<folder></folder>
	<filename>IMG_4934-2_JPG.rf.e8d9cabc5ffd2baff498c367ed993f37.jpg</filename>
	<path>IMG_4934-2_JPG.rf.e8d9cabc5ffd2baff498c367ed993f37.jpg</path>
	<source>
		<database>roboflow.ai</database>
	</source>
	<size>
		<width>1024</width>
		<height>768</height>
		<depth>3</depth>
	</size>
	<segmented>0</segmented>
	<object>
		<name>Milk</name>
		<pose>Unspecified</pose>
		<truncated>0</truncated>
		<difficult>0</difficult>
		<occluded>0</occluded>
		<bndbox>
			<xmin>210</xmin>
			<xmax>433</xmax>
			<ymin>91</ymin>
			<ymax>719</ymax>
		</bndbox>
	</object>
	<object>
		<name>Milk</name>
		<pose>Unspecified</pose>
		<truncated>0</truncated>
		<difficult>0</difficult>
		<occluded>0</occluded>
		<bndbox>
			<xmin>658</xmin>
			<xmax>879</xmax>
			<ymin>163</ymin>
			<ymax>694</ymax>
		</bndbox>
	</object>
</annotation>
