<annotation>
	<folder></folder>
	<filename>IMG_4927-2_JPG.rf.7713edc508d5dbce7ab3b94abab84852.jpg</filename>
	<path>IMG_4927-2_JPG.rf.7713edc508d5dbce7ab3b94abab84852.jpg</path>
	<source>
		<database>roboflow.ai</database>
	</source>
	<size>
		<width>1024</width>
		<height>768</height>
		<depth>3</depth>
	</size>
	<segmented>0</segmented>
	<object>
		<name>Milk</name>
		<pose>Unspecified</pose>
		<truncated>0</truncated>
		<difficult>0</difficult>
		<occluded>0</occluded>
		<bndbox>
			<xmin>527</xmin>
			<xmax>688</xmax>
			<ymin>158</ymin>
			<ymax>585</ymax>
		</bndbox>
	</object>
	<object>
		<name>Milk</name>
		<pose>Unspecified</pose>
		<truncated>0</truncated>
		<difficult>0</difficult>
		<occluded>0</occluded>
		<bndbox>
			<xmin>361</xmin>
			<xmax>601</xmax>
			<ymin>197</ymin>
			<ymax>709</ymax>
		</bndbox>
	</object>
</annotation>
