<annotation>
	<folder></folder>
	<filename>IMG_5119_JPG.rf.ff3e51e972117663893fa799361addea.jpg</filename>
	<path>IMG_5119_JPG.rf.ff3e51e972117663893fa799361addea.jpg</path>
	<source>
		<database>roboflow.ai</database>
	</source>
	<size>
		<width>1024</width>
		<height>768</height>
		<depth>3</depth>
	</size>
	<segmented>0</segmented>
	<object>
		<name>Soap</name>
		<pose>Unspecified</pose>
		<truncated>0</truncated>
		<difficult>0</difficult>
		<occluded>0</occluded>
		<bndbox>
			<xmin>783</xmin>
			<xmax>1021</xmax>
			<ymin>68</ymin>
			<ymax>651</ymax>
		</bndbox>
	</object>
	<object>
		<name>Milk</name>
		<pose>Unspecified</pose>
		<truncated>0</truncated>
		<difficult>0</difficult>
		<occluded>0</occluded>
		<bndbox>
			<xmin>553</xmin>
			<xmax>769</xmax>
			<ymin>68</ymin>
			<ymax>658</ymax>
		</bndbox>
	</object>
	<object>
		<name>Milk</name>
		<pose>Unspecified</pose>
		<truncated>0</truncated>
		<difficult>0</difficult>
		<occluded>0</occluded>
		<bndbox>
			<xmin>1</xmin>
			<xmax>265</xmax>
			<ymin>79</ymin>
			<ymax>691</ymax>
		</bndbox>
	</object>
	<object>
		<name>OrangeJuice</name>
		<pose>Unspecified</pose>
		<truncated>0</truncated>
		<difficult>0</difficult>
		<occluded>0</occluded>
		<bndbox>
			<xmin>305</xmin>
			<xmax>515</xmax>
			<ymin>119</ymin>
			<ymax>669</ymax>
		</bndbox>
	</object>
</annotation>
