<annotation>
	<folder></folder>
	<filename>IMG_5150_JPG.rf.81d0fccc43738bfde16a81b2b95cd4b5.jpg</filename>
	<path>IMG_5150_JPG.rf.81d0fccc43738bfde16a81b2b95cd4b5.jpg</path>
	<source>
		<database>roboflow.ai</database>
	</source>
	<size>
		<width>1024</width>
		<height>768</height>
		<depth>3</depth>
	</size>
	<segmented>0</segmented>
	<object>
		<name>Water</name>
		<pose>Unspecified</pose>
		<truncated>0</truncated>
		<difficult>0</difficult>
		<occluded>0</occluded>
		<bndbox>
			<xmin>719</xmin>
			<xmax>833</xmax>
			<ymin>152</ymin>
			<ymax>534</ymax>
		</bndbox>
	</object>
	<object>
		<name>Water</name>
		<pose>Unspecified</pose>
		<truncated>0</truncated>
		<difficult>0</difficult>
		<occluded>0</occluded>
		<bndbox>
			<xmin>442</xmin>
			<xmax>532</xmax>
			<ymin>189</ymin>
			<ymax>526</ymax>
		</bndbox>
	</object>
</annotation>
