<annotation>
	<folder></folder>
	<filename>IMG_5212_JPG.rf.63db611c0bf9d7037c552f14f0318c26.jpg</filename>
	<path>IMG_5212_JPG.rf.63db611c0bf9d7037c552f14f0318c26.jpg</path>
	<source>
		<database>roboflow.ai</database>
	</source>
	<size>
		<width>1024</width>
		<height>768</height>
		<depth>3</depth>
	</size>
	<segmented>0</segmented>
	<object>
		<name>Soap</name>
		<pose>Unspecified</pose>
		<truncated>0</truncated>
		<difficult>0</difficult>
		<occluded>0</occluded>
		<bndbox>
			<xmin>780</xmin>
			<xmax>946</xmax>
			<ymin>95</ymin>
			<ymax>635</ymax>
		</bndbox>
	</object>
	<object>
		<name>Soap</name>
		<pose>Unspecified</pose>
		<truncated>0</truncated>
		<difficult>0</difficult>
		<occluded>0</occluded>
		<bndbox>
			<xmin>584</xmin>
			<xmax>740</xmax>
			<ymin>109</ymin>
			<ymax>632</ymax>
		</bndbox>
	</object>
	<object>
		<name>Soap</name>
		<pose>Unspecified</pose>
		<truncated>0</truncated>
		<difficult>0</difficult>
		<occluded>0</occluded>
		<bndbox>
			<xmin>306</xmin>
			<xmax>466</xmax>
			<ymin>109</ymin>
			<ymax>634</ymax>
		</bndbox>
	</object>
	<object>
		<name>Soap</name>
		<pose>Unspecified</pose>
		<truncated>0</truncated>
		<difficult>0</difficult>
		<occluded>0</occluded>
		<bndbox>
			<xmin>74</xmin>
			<xmax>254</xmax>
			<ymin>124</ymin>
			<ymax>655</ymax>
		</bndbox>
	</object>
</annotation>
