<annotation>
	<folder></folder>
	<filename>IMG_5062_JPG.rf.b0586395420beca11daa6801edeea115.jpg</filename>
	<path>IMG_5062_JPG.rf.b0586395420beca11daa6801edeea115.jpg</path>
	<source>
		<database>roboflow.ai</database>
	</source>
	<size>
		<width>1024</width>
		<height>768</height>
		<depth>3</depth>
	</size>
	<segmented>0</segmented>
	<object>
		<name>oil</name>
		<pose>Unspecified</pose>
		<truncated>0</truncated>
		<difficult>0</difficult>
		<occluded>0</occluded>
		<bndbox>
			<xmin>533</xmin>
			<xmax>813</xmax>
			<ymin>1</ymin>
			<ymax>766</ymax>
		</bndbox>
	</object>
	<object>
		<name>oil</name>
		<pose>Unspecified</pose>
		<truncated>0</truncated>
		<difficult>0</difficult>
		<occluded>0</occluded>
		<bndbox>
			<xmin>293</xmin>
			<xmax>423</xmax>
			<ymin>244</ymin>
			<ymax>702</ymax>
		</bndbox>
	</object>
	<object>
		<name>oil</name>
		<pose>Unspecified</pose>
		<truncated>0</truncated>
		<difficult>0</difficult>
		<occluded>0</occluded>
		<bndbox>
			<xmin>129</xmin>
			<xmax>235</xmax>
			<ymin>292</ymin>
			<ymax>683</ymax>
		</bndbox>
	</object>
</annotation>
