<annotation>
	<folder></folder>
	<filename>IMG_4817_JPG.rf.e41b4199313fcfcce86bb9e983eb5eb7.jpg</filename>
	<path>IMG_4817_JPG.rf.e41b4199313fcfcce86bb9e983eb5eb7.jpg</path>
	<source>
		<database>roboflow.ai</database>
	</source>
	<size>
		<width>1024</width>
		<height>768</height>
		<depth>3</depth>
	</size>
	<segmented>0</segmented>
	<object>
		<name>Soap</name>
		<pose>Unspecified</pose>
		<truncated>0</truncated>
		<difficult>0</difficult>
		<occluded>0</occluded>
		<bndbox>
			<xmin>493</xmin>
			<xmax>654</xmax>
			<ymin>79</ymin>
			<ymax>654</ymax>
		</bndbox>
	</object>
</annotation>
