<annotation>
	<folder></folder>
	<filename>IMG_4914-2_JPG.rf.bfc5d55242f6b5fe1563b1e4d34a0c26.jpg</filename>
	<path>IMG_4914-2_JPG.rf.bfc5d55242f6b5fe1563b1e4d34a0c26.jpg</path>
	<source>
		<database>roboflow.ai</database>
	</source>
	<size>
		<width>1024</width>
		<height>768</height>
		<depth>3</depth>
	</size>
	<segmented>0</segmented>
	<object>
		<name>BeerCan</name>
		<pose>Unspecified</pose>
		<truncated>0</truncated>
		<difficult>0</difficult>
		<occluded>0</occluded>
		<bndbox>
			<xmin>655</xmin>
			<xmax>874</xmax>
			<ymin>106</ymin>
			<ymax>660</ymax>
		</bndbox>
	</object>
	<object>
		<name>BeerCan</name>
		<pose>Unspecified</pose>
		<truncated>0</truncated>
		<difficult>0</difficult>
		<occluded>0</occluded>
		<bndbox>
			<xmin>298</xmin>
			<xmax>573</xmax>
			<ymin>50</ymin>
			<ymax>768</ymax>
		</bndbox>
	</object>
</annotation>
