<annotation>
	<folder></folder>
	<filename>IMG_4980-2_JPG.rf.0ce0a462cad23f7a8f308166e05e61f1.jpg</filename>
	<path>IMG_4980-2_JPG.rf.0ce0a462cad23f7a8f308166e05e61f1.jpg</path>
	<source>
		<database>roboflow.ai</database>
	</source>
	<size>
		<width>1024</width>
		<height>768</height>
		<depth>3</depth>
	</size>
	<segmented>0</segmented>
	<object>
		<name>OrangeJuice</name>
		<pose>Unspecified</pose>
		<truncated>0</truncated>
		<difficult>0</difficult>
		<occluded>0</occluded>
		<bndbox>
			<xmin>266</xmin>
			<xmax>507</xmax>
			<ymin>95</ymin>
			<ymax>733</ymax>
		</bndbox>
	</object>
</annotation>
