<annotation>
	<folder></folder>
	<filename>IMG_4951-2_JPG.rf.e7ff6b1c4072b7b4e86b47ec568a4215.jpg</filename>
	<path>IMG_4951-2_JPG.rf.e7ff6b1c4072b7b4e86b47ec568a4215.jpg</path>
	<source>
		<database>roboflow.ai</database>
	</source>
	<size>
		<width>1024</width>
		<height>768</height>
		<depth>3</depth>
	</size>
	<segmented>0</segmented>
	<object>
		<name>Milk</name>
		<pose>Unspecified</pose>
		<truncated>0</truncated>
		<difficult>0</difficult>
		<occluded>0</occluded>
		<bndbox>
			<xmin>199</xmin>
			<xmax>385</xmax>
			<ymin>33</ymin>
			<ymax>559</ymax>
		</bndbox>
	</object>
	<object>
		<name>Milk</name>
		<pose>Unspecified</pose>
		<truncated>0</truncated>
		<difficult>0</difficult>
		<occluded>0</occluded>
		<bndbox>
			<xmin>695</xmin>
			<xmax>890</xmax>
			<ymin>96</ymin>
			<ymax>553</ymax>
		</bndbox>
	</object>
</annotation>
