<annotation>
	<folder></folder>
	<filename>IMG_5145_JPG.rf.727054ec36fc471a214887920b59f652.jpg</filename>
	<path>IMG_5145_JPG.rf.727054ec36fc471a214887920b59f652.jpg</path>
	<source>
		<database>roboflow.ai</database>
	</source>
	<size>
		<width>1024</width>
		<height>768</height>
		<depth>3</depth>
	</size>
	<segmented>0</segmented>
	<object>
		<name>Water</name>
		<pose>Unspecified</pose>
		<truncated>0</truncated>
		<difficult>0</difficult>
		<occluded>0</occluded>
		<bndbox>
			<xmin>332</xmin>
			<xmax>529</xmax>
			<ymin>15</ymin>
			<ymax>703</ymax>
		</bndbox>
	</object>
	<object>
		<name>Water</name>
		<pose>Unspecified</pose>
		<truncated>0</truncated>
		<difficult>0</difficult>
		<occluded>0</occluded>
		<bndbox>
			<xmin>560</xmin>
			<xmax>691</xmax>
			<ymin>166</ymin>
			<ymax>658</ymax>
		</bndbox>
	</object>
</annotation>
