<annotation>
	<folder></folder>
	<filename>IMG_4769_JPG.rf.a3f5b96fc9640836beb3a75bed0d835d.jpg</filename>
	<path>IMG_4769_JPG.rf.a3f5b96fc9640836beb3a75bed0d835d.jpg</path>
	<source>
		<database>roboflow.ai</database>
	</source>
	<size>
		<width>1024</width>
		<height>768</height>
		<depth>3</depth>
	</size>
	<segmented>0</segmented>
	<object>
		<name>Beer</name>
		<pose>Unspecified</pose>
		<truncated>0</truncated>
		<difficult>0</difficult>
		<occluded>0</occluded>
		<bndbox>
			<xmin>319</xmin>
			<xmax>431</xmax>
			<ymin>167</ymin>
			<ymax>583</ymax>
		</bndbox>
	</object>
	<object>
		<name>Beer</name>
		<pose>Unspecified</pose>
		<truncated>0</truncated>
		<difficult>0</difficult>
		<occluded>0</occluded>
		<bndbox>
			<xmin>457</xmin>
			<xmax>562</xmax>
			<ymin>186</ymin>
			<ymax>606</ymax>
		</bndbox>
	</object>
	<object>
		<name>Beer</name>
		<pose>Unspecified</pose>
		<truncated>0</truncated>
		<difficult>0</difficult>
		<occluded>0</occluded>
		<bndbox>
			<xmin>699</xmin>
			<xmax>849</xmax>
			<ymin>209</ymin>
			<ymax>673</ymax>
		</bndbox>
	</object>
</annotation>
