<annotation>
	<folder></folder>
	<filename>IMG_5078_JPG.rf.63c0ae66043a6657f973e678ac0c6318.jpg</filename>
	<path>IMG_5078_JPG.rf.63c0ae66043a6657f973e678ac0c6318.jpg</path>
	<source>
		<database>roboflow.ai</database>
	</source>
	<size>
		<width>1024</width>
		<height>768</height>
		<depth>3</depth>
	</size>
	<segmented>0</segmented>
	<object>
		<name>oil</name>
		<pose>Unspecified</pose>
		<truncated>0</truncated>
		<difficult>0</difficult>
		<occluded>0</occluded>
		<bndbox>
			<xmin>116</xmin>
			<xmax>262</xmax>
			<ymin>195</ymin>
			<ymax>705</ymax>
		</bndbox>
	</object>
	<object>
		<name>oil</name>
		<pose>Unspecified</pose>
		<truncated>0</truncated>
		<difficult>0</difficult>
		<occluded>0</occluded>
		<bndbox>
			<xmin>546</xmin>
			<xmax>668</xmax>
			<ymin>202</ymin>
			<ymax>701</ymax>
		</bndbox>
	</object>
	<object>
		<name>oil</name>
		<pose>Unspecified</pose>
		<truncated>0</truncated>
		<difficult>0</difficult>
		<occluded>0</occluded>
		<bndbox>
			<xmin>336</xmin>
			<xmax>458</xmax>
			<ymin>200</ymin>
			<ymax>705</ymax>
		</bndbox>
	</object>
	<object>
		<name>oil</name>
		<pose>Unspecified</pose>
		<truncated>0</truncated>
		<difficult>0</difficult>
		<occluded>0</occluded>
		<bndbox>
			<xmin>706</xmin>
			<xmax>872</xmax>
			<ymin>197</ymin>
			<ymax>708</ymax>
		</bndbox>
	</object>
</annotation>
