<annotation>
	<folder></folder>
	<filename>IMG_4966-2_JPG.rf.0abad1a863c29fe67adaa634e6615368.jpg</filename>
	<path>IMG_4966-2_JPG.rf.0abad1a863c29fe67adaa634e6615368.jpg</path>
	<source>
		<database>roboflow.ai</database>
	</source>
	<size>
		<width>1024</width>
		<height>768</height>
		<depth>3</depth>
	</size>
	<segmented>0</segmented>
	<object>
		<name>Milk</name>
		<pose>Unspecified</pose>
		<truncated>0</truncated>
		<difficult>0</difficult>
		<occluded>0</occluded>
		<bndbox>
			<xmin>617</xmin>
			<xmax>812</xmax>
			<ymin>92</ymin>
			<ymax>600</ymax>
		</bndbox>
	</object>
	<object>
		<name>Milk</name>
		<pose>Unspecified</pose>
		<truncated>0</truncated>
		<difficult>0</difficult>
		<occluded>0</occluded>
		<bndbox>
			<xmin>315</xmin>
			<xmax>487</xmax>
			<ymin>153</ymin>
			<ymax>580</ymax>
		</bndbox>
	</object>
</annotation>
