<annotation>
	<folder></folder>
	<filename>IMG_5193_JPG.rf.6df944f62ae9803397ea873ff69613c4.jpg</filename>
	<path>IMG_5193_JPG.rf.6df944f62ae9803397ea873ff69613c4.jpg</path>
	<source>
		<database>roboflow.ai</database>
	</source>
	<size>
		<width>1024</width>
		<height>768</height>
		<depth>3</depth>
	</size>
	<segmented>0</segmented>
	<object>
		<name>Water</name>
		<pose>Unspecified</pose>
		<truncated>0</truncated>
		<difficult>0</difficult>
		<occluded>0</occluded>
		<bndbox>
			<xmin>791</xmin>
			<xmax>934</xmax>
			<ymin>48</ymin>
			<ymax>540</ymax>
		</bndbox>
	</object>
	<object>
		<name>Water</name>
		<pose>Unspecified</pose>
		<truncated>0</truncated>
		<difficult>0</difficult>
		<occluded>0</occluded>
		<bndbox>
			<xmin>406</xmin>
			<xmax>558</xmax>
			<ymin>26</ymin>
			<ymax>570</ymax>
		</bndbox>
	</object>
	<object>
		<name>Water</name>
		<pose>Unspecified</pose>
		<truncated>0</truncated>
		<difficult>0</difficult>
		<occluded>0</occluded>
		<bndbox>
			<xmin>591</xmin>
			<xmax>734</xmax>
			<ymin>52</ymin>
			<ymax>549</ymax>
		</bndbox>
	</object>
	<object>
		<name>Water</name>
		<pose>Unspecified</pose>
		<truncated>0</truncated>
		<difficult>0</difficult>
		<occluded>0</occluded>
		<bndbox>
			<xmin>191</xmin>
			<xmax>349</xmax>
			<ymin>26</ymin>
			<ymax>591</ymax>
		</bndbox>
	</object>
</annotation>
