<annotation>
	<folder></folder>
	<filename>IMG_4838_JPG.rf.2be57cad59078043eced0f1987fe58ad.jpg</filename>
	<path>IMG_4838_JPG.rf.2be57cad59078043eced0f1987fe58ad.jpg</path>
	<source>
		<database>roboflow.ai</database>
	</source>
	<size>
		<width>1024</width>
		<height>768</height>
		<depth>3</depth>
	</size>
	<segmented>0</segmented>
	<object>
		<name>WineRed</name>
		<pose>Unspecified</pose>
		<truncated>0</truncated>
		<difficult>0</difficult>
		<occluded>0</occluded>
		<bndbox>
			<xmin>602</xmin>
			<xmax>727</xmax>
			<ymin>92</ymin>
			<ymax>532</ymax>
		</bndbox>
	</object>
	<object>
		<name>WineRed</name>
		<pose>Unspecified</pose>
		<truncated>0</truncated>
		<difficult>0</difficult>
		<occluded>0</occluded>
		<bndbox>
			<xmin>294</xmin>
			<xmax>417</xmax>
			<ymin>85</ymin>
			<ymax>549</ymax>
		</bndbox>
	</object>
</annotation>
