<annotation>
	<folder></folder>
	<filename>IMG_4825_JPG.rf.d21bf58450e2b38cccb1d78031c7ba51.jpg</filename>
	<path>IMG_4825_JPG.rf.d21bf58450e2b38cccb1d78031c7ba51.jpg</path>
	<source>
		<database>roboflow.ai</database>
	</source>
	<size>
		<width>1024</width>
		<height>768</height>
		<depth>3</depth>
	</size>
	<segmented>0</segmented>
	<object>
		<name>WineRed</name>
		<pose>Unspecified</pose>
		<truncated>0</truncated>
		<difficult>0</difficult>
		<occluded>0</occluded>
		<bndbox>
			<xmin>282</xmin>
			<xmax>466</xmax>
			<ymin>1</ymin>
			<ymax>685</ymax>
		</bndbox>
	</object>
	<object>
		<name>WineRed</name>
		<pose>Unspecified</pose>
		<truncated>0</truncated>
		<difficult>0</difficult>
		<occluded>0</occluded>
		<bndbox>
			<xmin>620</xmin>
			<xmax>802</xmax>
			<ymin>9</ymin>
			<ymax>692</ymax>
		</bndbox>
	</object>
</annotation>
