<annotation>
	<folder></folder>
	<filename>IMG_4982-2_JPG.rf.1ef47f284059b1685035595067625608.jpg</filename>
	<path>IMG_4982-2_JPG.rf.1ef47f284059b1685035595067625608.jpg</path>
	<source>
		<database>roboflow.ai</database>
	</source>
	<size>
		<width>1024</width>
		<height>768</height>
		<depth>3</depth>
	</size>
	<segmented>0</segmented>
	<object>
		<name>OrangeJuice</name>
		<pose>Unspecified</pose>
		<truncated>0</truncated>
		<difficult>0</difficult>
		<occluded>0</occluded>
		<bndbox>
			<xmin>330</xmin>
			<xmax>606</xmax>
			<ymin>8</ymin>
			<ymax>740</ymax>
		</bndbox>
	</object>
</annotation>
