<annotation>
	<folder></folder>
	<filename>IMG_4861_JPG.rf.0c20af6f51ad5284de8ba722755215b7.jpg</filename>
	<path>IMG_4861_JPG.rf.0c20af6f51ad5284de8ba722755215b7.jpg</path>
	<source>
		<database>roboflow.ai</database>
	</source>
	<size>
		<width>1024</width>
		<height>768</height>
		<depth>3</depth>
	</size>
	<segmented>0</segmented>
	<object>
		<name>Water</name>
		<pose>Unspecified</pose>
		<truncated>0</truncated>
		<difficult>0</difficult>
		<occluded>0</occluded>
		<bndbox>
			<xmin>506</xmin>
			<xmax>682</xmax>
			<ymin>59</ymin>
			<ymax>669</ymax>
		</bndbox>
	</object>
	<object>
		<name>Beer</name>
		<pose>Unspecified</pose>
		<truncated>0</truncated>
		<difficult>0</difficult>
		<occluded>0</occluded>
		<bndbox>
			<xmin>670</xmin>
			<xmax>779</xmax>
			<ymin>311</ymin>
			<ymax>641</ymax>
		</bndbox>
	</object>
	<object>
		<name>Beer</name>
		<pose>Unspecified</pose>
		<truncated>0</truncated>
		<difficult>0</difficult>
		<occluded>0</occluded>
		<bndbox>
			<xmin>356</xmin>
			<xmax>493</xmax>
			<ymin>272</ymin>
			<ymax>698</ymax>
		</bndbox>
	</object>
</annotation>
