<annotation>
	<folder></folder>
	<filename>IMG_4928-2_JPG.rf.191f902fbaad05ef7d20efd101e000db.jpg</filename>
	<path>IMG_4928-2_JPG.rf.191f902fbaad05ef7d20efd101e000db.jpg</path>
	<source>
		<database>roboflow.ai</database>
	</source>
	<size>
		<width>1024</width>
		<height>768</height>
		<depth>3</depth>
	</size>
	<segmented>0</segmented>
	<object>
		<name>Milk</name>
		<pose>Unspecified</pose>
		<truncated>0</truncated>
		<difficult>0</difficult>
		<occluded>0</occluded>
		<bndbox>
			<xmin>321</xmin>
			<xmax>507</xmax>
			<ymin>70</ymin>
			<ymax>578</ymax>
		</bndbox>
	</object>
	<object>
		<name>Milk</name>
		<pose>Unspecified</pose>
		<truncated>0</truncated>
		<difficult>0</difficult>
		<occluded>0</occluded>
		<bndbox>
			<xmin>548</xmin>
			<xmax>826</xmax>
			<ymin>62</ymin>
			<ymax>692</ymax>
		</bndbox>
	</object>
</annotation>
