<annotation>
	<folder></folder>
	<filename>IMG_4783_JPG.rf.722f37e36a8be0ac111364a804f5f6a9.jpg</filename>
	<path>IMG_4783_JPG.rf.722f37e36a8be0ac111364a804f5f6a9.jpg</path>
	<source>
		<database>roboflow.ai</database>
	</source>
	<size>
		<width>1024</width>
		<height>768</height>
		<depth>3</depth>
	</size>
	<segmented>0</segmented>
	<object>
		<name>Beer</name>
		<pose>Unspecified</pose>
		<truncated>0</truncated>
		<difficult>0</difficult>
		<occluded>0</occluded>
		<bndbox>
			<xmin>334</xmin>
			<xmax>421</xmax>
			<ymin>244</ymin>
			<ymax>549</ymax>
		</bndbox>
	</object>
	<object>
		<name>Beer</name>
		<pose>Unspecified</pose>
		<truncated>0</truncated>
		<difficult>0</difficult>
		<occluded>0</occluded>
		<bndbox>
			<xmin>730</xmin>
			<xmax>862</xmax>
			<ymin>178</ymin>
			<ymax>665</ymax>
		</bndbox>
	</object>
	<object>
		<name>Beer</name>
		<pose>Unspecified</pose>
		<truncated>0</truncated>
		<difficult>0</difficult>
		<occluded>0</occluded>
		<bndbox>
			<xmin>432</xmin>
			<xmax>559</xmax>
			<ymin>258</ymin>
			<ymax>661</ymax>
		</bndbox>
	</object>
</annotation>
