<annotation>
	<folder></folder>
	<filename>IMG_5134_JPG.rf.c5c5ecb8a3764e4635c5c7edfa99ed30.jpg</filename>
	<path>IMG_5134_JPG.rf.c5c5ecb8a3764e4635c5c7edfa99ed30.jpg</path>
	<source>
		<database>roboflow.ai</database>
	</source>
	<size>
		<width>1024</width>
		<height>768</height>
		<depth>3</depth>
	</size>
	<segmented>0</segmented>
	<object>
		<name>Soap</name>
		<pose>Unspecified</pose>
		<truncated>0</truncated>
		<difficult>0</difficult>
		<occluded>0</occluded>
		<bndbox>
			<xmin>323</xmin>
			<xmax>514</xmax>
			<ymin>40</ymin>
			<ymax>727</ymax>
		</bndbox>
	</object>
	<object>
		<name>Soap</name>
		<pose>Unspecified</pose>
		<truncated>0</truncated>
		<difficult>0</difficult>
		<occluded>0</occluded>
		<bndbox>
			<xmin>513</xmin>
			<xmax>675</xmax>
			<ymin>126</ymin>
			<ymax>664</ymax>
		</bndbox>
	</object>
</annotation>
