<annotation>
	<folder></folder>
	<filename>IMG_4795_JPG.rf.6db5e960d91d4fd6aaa64f05526a7adc.jpg</filename>
	<path>IMG_4795_JPG.rf.6db5e960d91d4fd6aaa64f05526a7adc.jpg</path>
	<source>
		<database>roboflow.ai</database>
	</source>
	<size>
		<width>1024</width>
		<height>768</height>
		<depth>3</depth>
	</size>
	<segmented>0</segmented>
	<object>
		<name>Water</name>
		<pose>Unspecified</pose>
		<truncated>0</truncated>
		<difficult>0</difficult>
		<occluded>0</occluded>
		<bndbox>
			<xmin>481</xmin>
			<xmax>640</xmax>
			<ymin>77</ymin>
			<ymax>711</ymax>
		</bndbox>
	</object>
</annotation>
