<annotation>
	<folder></folder>
	<filename>IMG_4973-2_JPG.rf.7234aa0fc9d4e53c0da47591d68049f3.jpg</filename>
	<path>IMG_4973-2_JPG.rf.7234aa0fc9d4e53c0da47591d68049f3.jpg</path>
	<source>
		<database>roboflow.ai</database>
	</source>
	<size>
		<width>1024</width>
		<height>768</height>
		<depth>3</depth>
	</size>
	<segmented>0</segmented>
	<object>
		<name>OrangeJuice</name>
		<pose>Unspecified</pose>
		<truncated>0</truncated>
		<difficult>0</difficult>
		<occluded>0</occluded>
		<bndbox>
			<xmin>430</xmin>
			<xmax>682</xmax>
			<ymin>35</ymin>
			<ymax>708</ymax>
		</bndbox>
	</object>
</annotation>
