<annotation>
	<folder></folder>
	<filename>IMG_4858_JPG.rf.4b0b19c922af2476228ada506ceb8457.jpg</filename>
	<path>IMG_4858_JPG.rf.4b0b19c922af2476228ada506ceb8457.jpg</path>
	<source>
		<database>roboflow.ai</database>
	</source>
	<size>
		<width>1024</width>
		<height>768</height>
		<depth>3</depth>
	</size>
	<segmented>0</segmented>
	<object>
		<name>Beer</name>
		<pose>Unspecified</pose>
		<truncated>0</truncated>
		<difficult>0</difficult>
		<occluded>0</occluded>
		<bndbox>
			<xmin>249</xmin>
			<xmax>431</xmax>
			<ymin>182</ymin>
			<ymax>719</ymax>
		</bndbox>
	</object>
	<object>
		<name>Beer</name>
		<pose>Unspecified</pose>
		<truncated>0</truncated>
		<difficult>0</difficult>
		<occluded>0</occluded>
		<bndbox>
			<xmin>443</xmin>
			<xmax>573</xmax>
			<ymin>257</ymin>
			<ymax>676</ymax>
		</bndbox>
	</object>
	<object>
		<name>Beer</name>
		<pose>Unspecified</pose>
		<truncated>0</truncated>
		<difficult>0</difficult>
		<occluded>0</occluded>
		<bndbox>
			<xmin>573</xmin>
			<xmax>694</xmax>
			<ymin>305</ymin>
			<ymax>657</ymax>
		</bndbox>
	</object>
</annotation>
