<annotation>
	<folder></folder>
	<filename>IMG_4886_JPG.rf.9923f8528485b8c142ed38364a20f942.jpg</filename>
	<path>IMG_4886_JPG.rf.9923f8528485b8c142ed38364a20f942.jpg</path>
	<source>
		<database>roboflow.ai</database>
	</source>
	<size>
		<width>1024</width>
		<height>768</height>
		<depth>3</depth>
	</size>
	<segmented>0</segmented>
	<object>
		<name>WineRed</name>
		<pose>Unspecified</pose>
		<truncated>0</truncated>
		<difficult>0</difficult>
		<occluded>0</occluded>
		<bndbox>
			<xmin>569</xmin>
			<xmax>725</xmax>
			<ymin>13</ymin>
			<ymax>688</ymax>
		</bndbox>
	</object>
</annotation>
