<annotation>
	<folder></folder>
	<filename>IMG_4949-2_JPG.rf.032b4235e86d0e24e9901e97f31dac96.jpg</filename>
	<path>IMG_4949-2_JPG.rf.032b4235e86d0e24e9901e97f31dac96.jpg</path>
	<source>
		<database>roboflow.ai</database>
	</source>
	<size>
		<width>1024</width>
		<height>768</height>
		<depth>3</depth>
	</size>
	<segmented>0</segmented>
	<object>
		<name>Milk</name>
		<pose>Unspecified</pose>
		<truncated>0</truncated>
		<difficult>0</difficult>
		<occluded>0</occluded>
		<bndbox>
			<xmin>236</xmin>
			<xmax>502</xmax>
			<ymin>35</ymin>
			<ymax>747</ymax>
		</bndbox>
	</object>
	<object>
		<name>Milk</name>
		<pose>Unspecified</pose>
		<truncated>0</truncated>
		<difficult>0</difficult>
		<occluded>0</occluded>
		<bndbox>
			<xmin>690</xmin>
			<xmax>905</xmax>
			<ymin>154</ymin>
			<ymax>650</ymax>
		</bndbox>
	</object>
</annotation>
