<annotation>
	<folder></folder>
	<filename>IMG_4813_JPG.rf.8b8d51cab6ccabfcec5353963c3e01f2.jpg</filename>
	<path>IMG_4813_JPG.rf.8b8d51cab6ccabfcec5353963c3e01f2.jpg</path>
	<source>
		<database>roboflow.ai</database>
	</source>
	<size>
		<width>1024</width>
		<height>768</height>
		<depth>3</depth>
	</size>
	<segmented>0</segmented>
	<object>
		<name>Soap</name>
		<pose>Unspecified</pose>
		<truncated>0</truncated>
		<difficult>0</difficult>
		<occluded>0</occluded>
		<bndbox>
			<xmin>409</xmin>
			<xmax>603</xmax>
			<ymin>38</ymin>
			<ymax>719</ymax>
		</bndbox>
	</object>
</annotation>
