<annotation>
	<folder></folder>
	<filename>IMG_5067_JPG.rf.2b7a1d4af7359b5d20530f91e5140874.jpg</filename>
	<path>IMG_5067_JPG.rf.2b7a1d4af7359b5d20530f91e5140874.jpg</path>
	<source>
		<database>roboflow.ai</database>
	</source>
	<size>
		<width>1024</width>
		<height>768</height>
		<depth>3</depth>
	</size>
	<segmented>0</segmented>
	<object>
		<name>oil</name>
		<pose>Unspecified</pose>
		<truncated>0</truncated>
		<difficult>0</difficult>
		<occluded>0</occluded>
		<bndbox>
			<xmin>751</xmin>
			<xmax>907</xmax>
			<ymin>78</ymin>
			<ymax>599</ymax>
		</bndbox>
	</object>
	<object>
		<name>oil</name>
		<pose>Unspecified</pose>
		<truncated>0</truncated>
		<difficult>0</difficult>
		<occluded>0</occluded>
		<bndbox>
			<xmin>474</xmin>
			<xmax>607</xmax>
			<ymin>126</ymin>
			<ymax>559</ymax>
		</bndbox>
	</object>
	<object>
		<name>oil</name>
		<pose>Unspecified</pose>
		<truncated>0</truncated>
		<difficult>0</difficult>
		<occluded>0</occluded>
		<bndbox>
			<xmin>23</xmin>
			<xmax>122</xmax>
			<ymin>181</ymin>
			<ymax>543</ymax>
		</bndbox>
	</object>
	<object>
		<name>oil</name>
		<pose>Unspecified</pose>
		<truncated>0</truncated>
		<difficult>0</difficult>
		<occluded>0</occluded>
		<bndbox>
			<xmin>334</xmin>
			<xmax>406</xmax>
			<ymin>241</ymin>
			<ymax>524</ymax>
		</bndbox>
	</object>
</annotation>
