<annotation>
	<folder></folder>
	<filename>IMG_5135_JPG.rf.2e6fa73e5d1d04d0d36a3514c838b72d.jpg</filename>
	<path>IMG_5135_JPG.rf.2e6fa73e5d1d04d0d36a3514c838b72d.jpg</path>
	<source>
		<database>roboflow.ai</database>
	</source>
	<size>
		<width>1024</width>
		<height>768</height>
		<depth>3</depth>
	</size>
	<segmented>0</segmented>
	<object>
		<name>Soap</name>
		<pose>Unspecified</pose>
		<truncated>0</truncated>
		<difficult>0</difficult>
		<occluded>0</occluded>
		<bndbox>
			<xmin>290</xmin>
			<xmax>494</xmax>
			<ymin>40</ymin>
			<ymax>725</ymax>
		</bndbox>
	</object>
	<object>
		<name>Soap</name>
		<pose>Unspecified</pose>
		<truncated>0</truncated>
		<difficult>0</difficult>
		<occluded>0</occluded>
		<bndbox>
			<xmin>613</xmin>
			<xmax>818</xmax>
			<ymin>68</ymin>
			<ymax>723</ymax>
		</bndbox>
	</object>
</annotation>
