<annotation>
	<folder></folder>
	<filename>IMG_5143_JPG.rf.6e2e26f9b6cc4d187444864f638b1395.jpg</filename>
	<path>IMG_5143_JPG.rf.6e2e26f9b6cc4d187444864f638b1395.jpg</path>
	<source>
		<database>roboflow.ai</database>
	</source>
	<size>
		<width>1024</width>
		<height>768</height>
		<depth>3</depth>
	</size>
	<segmented>0</segmented>
	<object>
		<name>Milk</name>
		<pose>Unspecified</pose>
		<truncated>0</truncated>
		<difficult>0</difficult>
		<occluded>0</occluded>
		<bndbox>
			<xmin>130</xmin>
			<xmax>388</xmax>
			<ymin>1</ymin>
			<ymax>683</ymax>
		</bndbox>
	</object>
	<object>
		<name>OrangeJuice</name>
		<pose>Unspecified</pose>
		<truncated>0</truncated>
		<difficult>0</difficult>
		<occluded>0</occluded>
		<bndbox>
			<xmin>611</xmin>
			<xmax>813</xmax>
			<ymin>64</ymin>
			<ymax>653</ymax>
		</bndbox>
	</object>
	<object>
		<name>BeerCan</name>
		<pose>Unspecified</pose>
		<truncated>0</truncated>
		<difficult>0</difficult>
		<occluded>0</occluded>
		<bndbox>
			<xmin>446</xmin>
			<xmax>606</xmax>
			<ymin>224</ymin>
			<ymax>670</ymax>
		</bndbox>
	</object>
</annotation>
