<annotation>
	<folder></folder>
	<filename>IMG_5214_JPG.rf.523926257cb4bcce77e3f5cb274c3a21.jpg</filename>
	<path>IMG_5214_JPG.rf.523926257cb4bcce77e3f5cb274c3a21.jpg</path>
	<source>
		<database>roboflow.ai</database>
	</source>
	<size>
		<width>1024</width>
		<height>768</height>
		<depth>3</depth>
	</size>
	<segmented>0</segmented>
	<object>
		<name>Soap</name>
		<pose>Unspecified</pose>
		<truncated>0</truncated>
		<difficult>0</difficult>
		<occluded>0</occluded>
		<bndbox>
			<xmin>721</xmin>
			<xmax>839</xmax>
			<ymin>123</ymin>
			<ymax>506</ymax>
		</bndbox>
	</object>
	<object>
		<name>Soap</name>
		<pose>Unspecified</pose>
		<truncated>0</truncated>
		<difficult>0</difficult>
		<occluded>0</occluded>
		<bndbox>
			<xmin>224</xmin>
			<xmax>352</xmax>
			<ymin>113</ymin>
			<ymax>517</ymax>
		</bndbox>
	</object>
	<object>
		<name>Soap</name>
		<pose>Unspecified</pose>
		<truncated>0</truncated>
		<difficult>0</difficult>
		<occluded>0</occluded>
		<bndbox>
			<xmin>560</xmin>
			<xmax>668</xmax>
			<ymin>129</ymin>
			<ymax>505</ymax>
		</bndbox>
	</object>
	<object>
		<name>Soap</name>
		<pose>Unspecified</pose>
		<truncated>0</truncated>
		<difficult>0</difficult>
		<occluded>0</occluded>
		<bndbox>
			<xmin>400</xmin>
			<xmax>514</xmax>
			<ymin>145</ymin>
			<ymax>508</ymax>
		</bndbox>
	</object>
</annotation>
