<annotation>
	<folder></folder>
	<filename>IMG_4814_JPG.rf.8bde7bff473432437e95af3d55596144.jpg</filename>
	<path>IMG_4814_JPG.rf.8bde7bff473432437e95af3d55596144.jpg</path>
	<source>
		<database>roboflow.ai</database>
	</source>
	<size>
		<width>1024</width>
		<height>768</height>
		<depth>3</depth>
	</size>
	<segmented>0</segmented>
	<object>
		<name>Soap</name>
		<pose>Unspecified</pose>
		<truncated>0</truncated>
		<difficult>0</difficult>
		<occluded>0</occluded>
		<bndbox>
			<xmin>418</xmin>
			<xmax>592</xmax>
			<ymin>33</ymin>
			<ymax>657</ymax>
		</bndbox>
	</object>
</annotation>
