<annotation>
	<folder></folder>
	<filename>IMG_4997_JPG.rf.fc43ce29f26f6527fcd1e86e895d2bff.jpg</filename>
	<path>IMG_4997_JPG.rf.fc43ce29f26f6527fcd1e86e895d2bff.jpg</path>
	<source>
		<database>roboflow.ai</database>
	</source>
	<size>
		<width>1024</width>
		<height>768</height>
		<depth>3</depth>
	</size>
	<segmented>0</segmented>
	<object>
		<name>WineWhite</name>
		<pose>Unspecified</pose>
		<truncated>0</truncated>
		<difficult>0</difficult>
		<occluded>0</occluded>
		<bndbox>
			<xmin>232</xmin>
			<xmax>378</xmax>
			<ymin>75</ymin>
			<ymax>655</ymax>
		</bndbox>
	</object>
	<object>
		<name>WineWhite</name>
		<pose>Unspecified</pose>
		<truncated>0</truncated>
		<difficult>0</difficult>
		<occluded>0</occluded>
		<bndbox>
			<xmin>1</xmin>
			<xmax>185</xmax>
			<ymin>74</ymin>
			<ymax>670</ymax>
		</bndbox>
	</object>
	<object>
		<name>WineWhite</name>
		<pose>Unspecified</pose>
		<truncated>0</truncated>
		<difficult>0</difficult>
		<occluded>0</occluded>
		<bndbox>
			<xmin>465</xmin>
			<xmax>579</xmax>
			<ymin>176</ymin>
			<ymax>631</ymax>
		</bndbox>
	</object>
	<object>
		<name>WineWhite</name>
		<pose>Unspecified</pose>
		<truncated>0</truncated>
		<difficult>0</difficult>
		<occluded>0</occluded>
		<bndbox>
			<xmin>724</xmin>
			<xmax>857</xmax>
			<ymin>181</ymin>
			<ymax>631</ymax>
		</bndbox>
	</object>
	<object>
		<name>WineWhite</name>
		<pose>Unspecified</pose>
		<truncated>0</truncated>
		<difficult>0</difficult>
		<occluded>0</occluded>
		<bndbox>
			<xmin>858</xmin>
			<xmax>987</xmax>
			<ymin>220</ymin>
			<ymax>614</ymax>
		</bndbox>
	</object>
</annotation>
