<annotation>
	<folder></folder>
	<filename>IMG_4923_JPG.rf.02ba4438e35b923f0feb9bfcf42593c8.jpg</filename>
	<path>IMG_4923_JPG.rf.02ba4438e35b923f0feb9bfcf42593c8.jpg</path>
	<source>
		<database>roboflow.ai</database>
	</source>
	<size>
		<width>1024</width>
		<height>768</height>
		<depth>3</depth>
	</size>
	<segmented>0</segmented>
	<object>
		<name>Milk</name>
		<pose>Unspecified</pose>
		<truncated>0</truncated>
		<difficult>0</difficult>
		<occluded>0</occluded>
		<bndbox>
			<xmin>345</xmin>
			<xmax>599</xmax>
			<ymin>18</ymin>
			<ymax>709</ymax>
		</bndbox>
	</object>
</annotation>
