<annotation>
	<folder></folder>
	<filename>IMG_5118_JPG.rf.ce71b4aba8631d65e4b4a418aa9c0a90.jpg</filename>
	<path>IMG_5118_JPG.rf.ce71b4aba8631d65e4b4a418aa9c0a90.jpg</path>
	<source>
		<database>roboflow.ai</database>
	</source>
	<size>
		<width>1024</width>
		<height>768</height>
		<depth>3</depth>
	</size>
	<segmented>0</segmented>
	<object>
		<name>Water</name>
		<pose>Unspecified</pose>
		<truncated>0</truncated>
		<difficult>0</difficult>
		<occluded>0</occluded>
		<bndbox>
			<xmin>296</xmin>
			<xmax>467</xmax>
			<ymin>46</ymin>
			<ymax>716</ymax>
		</bndbox>
	</object>
	<object>
		<name>Water</name>
		<pose>Unspecified</pose>
		<truncated>0</truncated>
		<difficult>0</difficult>
		<occluded>0</occluded>
		<bndbox>
			<xmin>591</xmin>
			<xmax>758</xmax>
			<ymin>52</ymin>
			<ymax>715</ymax>
		</bndbox>
	</object>
</annotation>
