<annotation>
	<folder></folder>
	<filename>IMG_4948-2_JPG.rf.59c899443adbb8b62106cf244277de5e.jpg</filename>
	<path>IMG_4948-2_JPG.rf.59c899443adbb8b62106cf244277de5e.jpg</path>
	<source>
		<database>roboflow.ai</database>
	</source>
	<size>
		<width>1024</width>
		<height>768</height>
		<depth>3</depth>
	</size>
	<segmented>0</segmented>
	<object>
		<name>Milk</name>
		<pose>Unspecified</pose>
		<truncated>0</truncated>
		<difficult>0</difficult>
		<occluded>0</occluded>
		<bndbox>
			<xmin>383</xmin>
			<xmax>662</xmax>
			<ymin>21</ymin>
			<ymax>736</ymax>
		</bndbox>
	</object>
</annotation>
