<annotation>
	<folder></folder>
	<filename>IMG_4802_JPG.rf.a57a8e97a02f0ea36f3efd6c7265412a.jpg</filename>
	<path>IMG_4802_JPG.rf.a57a8e97a02f0ea36f3efd6c7265412a.jpg</path>
	<source>
		<database>roboflow.ai</database>
	</source>
	<size>
		<width>1024</width>
		<height>768</height>
		<depth>3</depth>
	</size>
	<segmented>0</segmented>
	<object>
		<name>Water</name>
		<pose>Unspecified</pose>
		<truncated>0</truncated>
		<difficult>0</difficult>
		<occluded>0</occluded>
		<bndbox>
			<xmin>417</xmin>
			<xmax>586</xmax>
			<ymin>60</ymin>
			<ymax>694</ymax>
		</bndbox>
	</object>
</annotation>
