<annotation>
	<folder></folder>
	<filename>IMG_5092_JPG.rf.5e3e7354b531029b0ac474c73f37e82a.jpg</filename>
	<path>IMG_5092_JPG.rf.5e3e7354b531029b0ac474c73f37e82a.jpg</path>
	<source>
		<database>roboflow.ai</database>
	</source>
	<size>
		<width>1024</width>
		<height>768</height>
		<depth>3</depth>
	</size>
	<segmented>0</segmented>
	<object>
		<name>oil</name>
		<pose>Unspecified</pose>
		<truncated>0</truncated>
		<difficult>0</difficult>
		<occluded>0</occluded>
		<bndbox>
			<xmin>665</xmin>
			<xmax>934</xmax>
			<ymin>16</ymin>
			<ymax>715</ymax>
		</bndbox>
	</object>
	<object>
		<name>oil</name>
		<pose>Unspecified</pose>
		<truncated>0</truncated>
		<difficult>0</difficult>
		<occluded>0</occluded>
		<bndbox>
			<xmin>264</xmin>
			<xmax>393</xmax>
			<ymin>170</ymin>
			<ymax>694</ymax>
		</bndbox>
	</object>
	<object>
		<name>oil</name>
		<pose>Unspecified</pose>
		<truncated>0</truncated>
		<difficult>0</difficult>
		<occluded>0</occluded>
		<bndbox>
			<xmin>399</xmin>
			<xmax>528</xmax>
			<ymin>203</ymin>
			<ymax>678</ymax>
		</bndbox>
	</object>
	<object>
		<name>oil</name>
		<pose>Unspecified</pose>
		<truncated>0</truncated>
		<difficult>0</difficult>
		<occluded>0</occluded>
		<bndbox>
			<xmin>541</xmin>
			<xmax>670</xmax>
			<ymin>199</ymin>
			<ymax>684</ymax>
		</bndbox>
	</object>
</annotation>
