<annotation>
	<folder></folder>
	<filename>IMG_5210_JPG.rf.27d761a71550d427f879076b3f60a787.jpg</filename>
	<path>IMG_5210_JPG.rf.27d761a71550d427f879076b3f60a787.jpg</path>
	<source>
		<database>roboflow.ai</database>
	</source>
	<size>
		<width>1024</width>
		<height>768</height>
		<depth>3</depth>
	</size>
	<segmented>0</segmented>
	<object>
		<name>Soap</name>
		<pose>Unspecified</pose>
		<truncated>0</truncated>
		<difficult>0</difficult>
		<occluded>0</occluded>
		<bndbox>
			<xmin>543</xmin>
			<xmax>643</xmax>
			<ymin>6</ymin>
			<ymax>336</ymax>
		</bndbox>
	</object>
	<object>
		<name>Soap</name>
		<pose>Unspecified</pose>
		<truncated>0</truncated>
		<difficult>0</difficult>
		<occluded>0</occluded>
		<bndbox>
			<xmin>771</xmin>
			<xmax>915</xmax>
			<ymin>164</ymin>
			<ymax>634</ymax>
		</bndbox>
	</object>
	<object>
		<name>Soap</name>
		<pose>Unspecified</pose>
		<truncated>0</truncated>
		<difficult>0</difficult>
		<occluded>0</occluded>
		<bndbox>
			<xmin>393</xmin>
			<xmax>524</xmax>
			<ymin>175</ymin>
			<ymax>641</ymax>
		</bndbox>
	</object>
	<object>
		<name>Soap</name>
		<pose>Unspecified</pose>
		<truncated>0</truncated>
		<difficult>0</difficult>
		<occluded>0</occluded>
		<bndbox>
			<xmin>107</xmin>
			<xmax>264</xmax>
			<ymin>179</ymin>
			<ymax>673</ymax>
		</bndbox>
	</object>
</annotation>
