<annotation>
	<folder></folder>
	<filename>IMG_5061_JPG.rf.08e3f37f209834a05b78882f41b503f2.jpg</filename>
	<path>IMG_5061_JPG.rf.08e3f37f209834a05b78882f41b503f2.jpg</path>
	<source>
		<database>roboflow.ai</database>
	</source>
	<size>
		<width>1024</width>
		<height>768</height>
		<depth>3</depth>
	</size>
	<segmented>0</segmented>
	<object>
		<name>oil</name>
		<pose>Unspecified</pose>
		<truncated>0</truncated>
		<difficult>0</difficult>
		<occluded>0</occluded>
		<bndbox>
			<xmin>302</xmin>
			<xmax>432</xmax>
			<ymin>125</ymin>
			<ymax>684</ymax>
		</bndbox>
	</object>
	<object>
		<name>oil</name>
		<pose>Unspecified</pose>
		<truncated>0</truncated>
		<difficult>0</difficult>
		<occluded>0</occluded>
		<bndbox>
			<xmin>610</xmin>
			<xmax>759</xmax>
			<ymin>220</ymin>
			<ymax>615</ymax>
		</bndbox>
	</object>
	<object>
		<name>oil</name>
		<pose>Unspecified</pose>
		<truncated>0</truncated>
		<difficult>0</difficult>
		<occluded>0</occluded>
		<bndbox>
			<xmin>465</xmin>
			<xmax>574</xmax>
			<ymin>221</ymin>
			<ymax>646</ymax>
		</bndbox>
	</object>
</annotation>
