<annotation>
	<folder></folder>
	<filename>IMG_5204_JPG.rf.68b7dee79316badc9bd50b39e647a45b.jpg</filename>
	<path>IMG_5204_JPG.rf.68b7dee79316badc9bd50b39e647a45b.jpg</path>
	<source>
		<database>roboflow.ai</database>
	</source>
	<size>
		<width>1024</width>
		<height>768</height>
		<depth>3</depth>
	</size>
	<segmented>0</segmented>
	<object>
		<name>Soap</name>
		<pose>Unspecified</pose>
		<truncated>0</truncated>
		<difficult>0</difficult>
		<occluded>0</occluded>
		<bndbox>
			<xmin>237</xmin>
			<xmax>399</xmax>
			<ymin>78</ymin>
			<ymax>568</ymax>
		</bndbox>
	</object>
	<object>
		<name>Soap</name>
		<pose>Unspecified</pose>
		<truncated>0</truncated>
		<difficult>0</difficult>
		<occluded>0</occluded>
		<bndbox>
			<xmin>467</xmin>
			<xmax>578</xmax>
			<ymin>160</ymin>
			<ymax>498</ymax>
		</bndbox>
	</object>
	<object>
		<name>Soap</name>
		<pose>Unspecified</pose>
		<truncated>0</truncated>
		<difficult>0</difficult>
		<occluded>0</occluded>
		<bndbox>
			<xmin>553</xmin>
			<xmax>704</xmax>
			<ymin>105</ymin>
			<ymax>565</ymax>
		</bndbox>
	</object>
	<object>
		<name>Soap</name>
		<pose>Unspecified</pose>
		<truncated>0</truncated>
		<difficult>0</difficult>
		<occluded>0</occluded>
		<bndbox>
			<xmin>679</xmin>
			<xmax>786</xmax>
			<ymin>190</ymin>
			<ymax>503</ymax>
		</bndbox>
	</object>
</annotation>
