<annotation>
	<folder></folder>
	<filename>IMG_5090_JPG.rf.0f1be2992ce6227a2c51b5890731dc0d.jpg</filename>
	<path>IMG_5090_JPG.rf.0f1be2992ce6227a2c51b5890731dc0d.jpg</path>
	<source>
		<database>roboflow.ai</database>
	</source>
	<size>
		<width>1024</width>
		<height>768</height>
		<depth>3</depth>
	</size>
	<segmented>0</segmented>
	<object>
		<name>oil</name>
		<pose>Unspecified</pose>
		<truncated>0</truncated>
		<difficult>0</difficult>
		<occluded>0</occluded>
		<bndbox>
			<xmin>548</xmin>
			<xmax>786</xmax>
			<ymin>91</ymin>
			<ymax>732</ymax>
		</bndbox>
	</object>
	<object>
		<name>oil</name>
		<pose>Unspecified</pose>
		<truncated>0</truncated>
		<difficult>0</difficult>
		<occluded>0</occluded>
		<bndbox>
			<xmin>333</xmin>
			<xmax>480</xmax>
			<ymin>195</ymin>
			<ymax>726</ymax>
		</bndbox>
	</object>
	<object>
		<name>oil</name>
		<pose>Unspecified</pose>
		<truncated>0</truncated>
		<difficult>0</difficult>
		<occluded>0</occluded>
		<bndbox>
			<xmin>90</xmin>
			<xmax>251</xmax>
			<ymin>197</ymin>
			<ymax>739</ymax>
		</bndbox>
	</object>
</annotation>
