<annotation>
	<folder></folder>
	<filename>IMG_4841_JPG.rf.81ff4639c024e17b20c3e830541c53b1.jpg</filename>
	<path>IMG_4841_JPG.rf.81ff4639c024e17b20c3e830541c53b1.jpg</path>
	<source>
		<database>roboflow.ai</database>
	</source>
	<size>
		<width>1024</width>
		<height>768</height>
		<depth>3</depth>
	</size>
	<segmented>0</segmented>
	<object>
		<name>WineRed</name>
		<pose>Unspecified</pose>
		<truncated>0</truncated>
		<difficult>0</difficult>
		<occluded>0</occluded>
		<bndbox>
			<xmin>355</xmin>
			<xmax>483</xmax>
			<ymin>1</ymin>
			<ymax>449</ymax>
		</bndbox>
	</object>
	<object>
		<name>WineRed</name>
		<pose>Unspecified</pose>
		<truncated>0</truncated>
		<difficult>0</difficult>
		<occluded>0</occluded>
		<bndbox>
			<xmin>543</xmin>
			<xmax>656</xmax>
			<ymin>29</ymin>
			<ymax>441</ymax>
		</bndbox>
	</object>
</annotation>
