<annotation>
	<folder></folder>
	<filename>IMG_4925-2_JPG.rf.6b0c1ca9ec94713d1229cfb1b778356f.jpg</filename>
	<path>IMG_4925-2_JPG.rf.6b0c1ca9ec94713d1229cfb1b778356f.jpg</path>
	<source>
		<database>roboflow.ai</database>
	</source>
	<size>
		<width>1024</width>
		<height>768</height>
		<depth>3</depth>
	</size>
	<segmented>0</segmented>
	<object>
		<name>Milk</name>
		<pose>Unspecified</pose>
		<truncated>0</truncated>
		<difficult>0</difficult>
		<occluded>0</occluded>
		<bndbox>
			<xmin>604</xmin>
			<xmax>786</xmax>
			<ymin>140</ymin>
			<ymax>683</ymax>
		</bndbox>
	</object>
	<object>
		<name>Milk</name>
		<pose>Unspecified</pose>
		<truncated>0</truncated>
		<difficult>0</difficult>
		<occluded>0</occluded>
		<bndbox>
			<xmin>220</xmin>
			<xmax>470</xmax>
			<ymin>206</ymin>
			<ymax>725</ymax>
		</bndbox>
	</object>
</annotation>
