<annotation>
	<folder></folder>
	<filename>IMG_5044_JPG.rf.2522a4ab31f908e6237a100c927b4422.jpg</filename>
	<path>IMG_5044_JPG.rf.2522a4ab31f908e6237a100c927b4422.jpg</path>
	<source>
		<database>roboflow.ai</database>
	</source>
	<size>
		<width>1024</width>
		<height>768</height>
		<depth>3</depth>
	</size>
	<segmented>0</segmented>
	<object>
		<name>WineWhite</name>
		<pose>Unspecified</pose>
		<truncated>0</truncated>
		<difficult>0</difficult>
		<occluded>0</occluded>
		<bndbox>
			<xmin>365</xmin>
			<xmax>512</xmax>
			<ymin>109</ymin>
			<ymax>664</ymax>
		</bndbox>
	</object>
	<object>
		<name>WineWhite</name>
		<pose>Unspecified</pose>
		<truncated>0</truncated>
		<difficult>0</difficult>
		<occluded>0</occluded>
		<bndbox>
			<xmin>625</xmin>
			<xmax>807</xmax>
			<ymin>47</ymin>
			<ymax>748</ymax>
		</bndbox>
	</object>
</annotation>
