<annotation>
	<folder></folder>
	<filename>IMG_4893_JPG.rf.a3052b2b6cbf9f09dc1ac47aad532eb9.jpg</filename>
	<path>IMG_4893_JPG.rf.a3052b2b6cbf9f09dc1ac47aad532eb9.jpg</path>
	<source>
		<database>roboflow.ai</database>
	</source>
	<size>
		<width>1024</width>
		<height>768</height>
		<depth>3</depth>
	</size>
	<segmented>0</segmented>
	<object>
		<name>BeerCan</name>
		<pose>Unspecified</pose>
		<truncated>0</truncated>
		<difficult>0</difficult>
		<occluded>0</occluded>
		<bndbox>
			<xmin>225</xmin>
			<xmax>376</xmax>
			<ymin>165</ymin>
			<ymax>468</ymax>
		</bndbox>
	</object>
	<object>
		<name>BeerCan</name>
		<pose>Unspecified</pose>
		<truncated>0</truncated>
		<difficult>0</difficult>
		<occluded>0</occluded>
		<bndbox>
			<xmin>412</xmin>
			<xmax>585</xmax>
			<ymin>132</ymin>
			<ymax>505</ymax>
		</bndbox>
	</object>
	<object>
		<name>BeerCan</name>
		<pose>Unspecified</pose>
		<truncated>0</truncated>
		<difficult>0</difficult>
		<occluded>0</occluded>
		<bndbox>
			<xmin>615</xmin>
			<xmax>873</xmax>
			<ymin>54</ymin>
			<ymax>705</ymax>
		</bndbox>
	</object>
</annotation>
