<annotation>
	<folder></folder>
	<filename>IMG_4987_JPG.rf.f4694ca1b6f42b2821d05f1df593139d.jpg</filename>
	<path>IMG_4987_JPG.rf.f4694ca1b6f42b2821d05f1df593139d.jpg</path>
	<source>
		<database>roboflow.ai</database>
	</source>
	<size>
		<width>1024</width>
		<height>768</height>
		<depth>3</depth>
	</size>
	<segmented>0</segmented>
	<object>
		<name>WineWhite</name>
		<pose>Unspecified</pose>
		<truncated>0</truncated>
		<difficult>0</difficult>
		<occluded>0</occluded>
		<bndbox>
			<xmin>258</xmin>
			<xmax>443</xmax>
			<ymin>68</ymin>
			<ymax>702</ymax>
		</bndbox>
	</object>
	<object>
		<name>WineWhite</name>
		<pose>Unspecified</pose>
		<truncated>0</truncated>
		<difficult>0</difficult>
		<occluded>0</occluded>
		<bndbox>
			<xmin>1</xmin>
			<xmax>239</xmax>
			<ymin>75</ymin>
			<ymax>700</ymax>
		</bndbox>
	</object>
	<object>
		<name>WineWhite</name>
		<pose>Unspecified</pose>
		<truncated>0</truncated>
		<difficult>0</difficult>
		<occluded>0</occluded>
		<bndbox>
			<xmin>771</xmin>
			<xmax>1009</xmax>
			<ymin>22</ymin>
			<ymax>766</ymax>
		</bndbox>
	</object>
	<object>
		<name>WineWhite</name>
		<pose>Unspecified</pose>
		<truncated>0</truncated>
		<difficult>0</difficult>
		<occluded>0</occluded>
		<bndbox>
			<xmin>537</xmin>
			<xmax>710</xmax>
			<ymin>88</ymin>
			<ymax>736</ymax>
		</bndbox>
	</object>
</annotation>
