<annotation>
	<folder></folder>
	<filename>IMG_4891_JPG.rf.e46194974a6c8567ca62fd14c688ed33.jpg</filename>
	<path>IMG_4891_JPG.rf.e46194974a6c8567ca62fd14c688ed33.jpg</path>
	<source>
		<database>roboflow.ai</database>
	</source>
	<size>
		<width>1024</width>
		<height>768</height>
		<depth>3</depth>
	</size>
	<segmented>0</segmented>
	<object>
		<name>BeerCan</name>
		<pose>Unspecified</pose>
		<truncated>0</truncated>
		<difficult>0</difficult>
		<occluded>0</occluded>
		<bndbox>
			<xmin>23</xmin>
			<xmax>217</xmax>
			<ymin>216</ymin>
			<ymax>660</ymax>
		</bndbox>
	</object>
	<object>
		<name>BeerCan</name>
		<pose>Unspecified</pose>
		<truncated>0</truncated>
		<difficult>0</difficult>
		<occluded>0</occluded>
		<bndbox>
			<xmin>477</xmin>
			<xmax>663</xmax>
			<ymin>195</ymin>
			<ymax>700</ymax>
		</bndbox>
	</object>
	<object>
		<name>BeerCan</name>
		<pose>Unspecified</pose>
		<truncated>0</truncated>
		<difficult>0</difficult>
		<occluded>0</occluded>
		<bndbox>
			<xmin>832</xmin>
			<xmax>1020</xmax>
			<ymin>237</ymin>
			<ymax>685</ymax>
		</bndbox>
	</object>
</annotation>
