<annotation>
	<folder></folder>
	<filename>IMG_4746_JPG.rf.31e65527c1443d772871fa944f64cbc7.jpg</filename>
	<path>IMG_4746_JPG.rf.31e65527c1443d772871fa944f64cbc7.jpg</path>
	<source>
		<database>roboflow.ai</database>
	</source>
	<size>
		<width>1024</width>
		<height>768</height>
		<depth>3</depth>
	</size>
	<segmented>0</segmented>
	<object>
		<name>Milk</name>
		<pose>Unspecified</pose>
		<truncated>0</truncated>
		<difficult>0</difficult>
		<occluded>0</occluded>
		<bndbox>
			<xmin>1</xmin>
			<xmax>118</xmax>
			<ymin>123</ymin>
			<ymax>678</ymax>
		</bndbox>
	</object>
	<object>
		<name>Milk</name>
		<pose>Unspecified</pose>
		<truncated>0</truncated>
		<difficult>0</difficult>
		<occluded>0</occluded>
		<bndbox>
			<xmin>459</xmin>
			<xmax>654</xmax>
			<ymin>126</ymin>
			<ymax>693</ymax>
		</bndbox>
	</object>
</annotation>
