<annotation>
	<folder></folder>
	<filename>IMG_5197_JPG.rf.6d467b49ed0400498543bb81ebcf8d2e.jpg</filename>
	<path>IMG_5197_JPG.rf.6d467b49ed0400498543bb81ebcf8d2e.jpg</path>
	<source>
		<database>roboflow.ai</database>
	</source>
	<size>
		<width>1024</width>
		<height>768</height>
		<depth>3</depth>
	</size>
	<segmented>0</segmented>
	<object>
		<name>Soap</name>
		<pose>Unspecified</pose>
		<truncated>0</truncated>
		<difficult>0</difficult>
		<occluded>0</occluded>
		<bndbox>
			<xmin>297</xmin>
			<xmax>483</xmax>
			<ymin>1</ymin>
			<ymax>665</ymax>
		</bndbox>
	</object>
	<object>
		<name>Soap</name>
		<pose>Unspecified</pose>
		<truncated>0</truncated>
		<difficult>0</difficult>
		<occluded>0</occluded>
		<bndbox>
			<xmin>614</xmin>
			<xmax>803</xmax>
			<ymin>56</ymin>
			<ymax>649</ymax>
		</bndbox>
	</object>
</annotation>
