<annotation>
	<folder></folder>
	<filename>IMG_4880_JPG.rf.bb335e4c32b9f2621ab28909a78a9691.jpg</filename>
	<path>IMG_4880_JPG.rf.bb335e4c32b9f2621ab28909a78a9691.jpg</path>
	<source>
		<database>roboflow.ai</database>
	</source>
	<size>
		<width>1024</width>
		<height>768</height>
		<depth>3</depth>
	</size>
	<segmented>0</segmented>
	<object>
		<name>WineRed</name>
		<pose>Unspecified</pose>
		<truncated>0</truncated>
		<difficult>0</difficult>
		<occluded>0</occluded>
		<bndbox>
			<xmin>114</xmin>
			<xmax>295</xmax>
			<ymin>22</ymin>
			<ymax>726</ymax>
		</bndbox>
	</object>
</annotation>
