<annotation>
	<folder></folder>
	<filename>IMG_4763_JPG.rf.3f23b7ba13d38a0d8a87e3ae41f69e28.jpg</filename>
	<path>IMG_4763_JPG.rf.3f23b7ba13d38a0d8a87e3ae41f69e28.jpg</path>
	<source>
		<database>roboflow.ai</database>
	</source>
	<size>
		<width>1024</width>
		<height>768</height>
		<depth>3</depth>
	</size>
	<segmented>0</segmented>
	<object>
		<name>Milk</name>
		<pose>Unspecified</pose>
		<truncated>0</truncated>
		<difficult>0</difficult>
		<occluded>0</occluded>
		<bndbox>
			<xmin>689</xmin>
			<xmax>891</xmax>
			<ymin>42</ymin>
			<ymax>621</ymax>
		</bndbox>
	</object>
	<object>
		<name>Milk</name>
		<pose>Unspecified</pose>
		<truncated>0</truncated>
		<difficult>0</difficult>
		<occluded>0</occluded>
		<bndbox>
			<xmin>97</xmin>
			<xmax>352</xmax>
			<ymin>1</ymin>
			<ymax>727</ymax>
		</bndbox>
	</object>
</annotation>
