<annotation>
	<folder></folder>
	<filename>IMG_4740_JPG.rf.4d61156b6010e6c0dabaf7d890b18ae4.jpg</filename>
	<path>IMG_4740_JPG.rf.4d61156b6010e6c0dabaf7d890b18ae4.jpg</path>
	<source>
		<database>roboflow.ai</database>
	</source>
	<size>
		<width>1024</width>
		<height>768</height>
		<depth>3</depth>
	</size>
	<segmented>0</segmented>
	<object>
		<name>Milk</name>
		<pose>Unspecified</pose>
		<truncated>0</truncated>
		<difficult>0</difficult>
		<occluded>0</occluded>
		<bndbox>
			<xmin>589</xmin>
			<xmax>741</xmax>
			<ymin>113</ymin>
			<ymax>558</ymax>
		</bndbox>
	</object>
	<object>
		<name>Milk</name>
		<pose>Unspecified</pose>
		<truncated>0</truncated>
		<difficult>0</difficult>
		<occluded>0</occluded>
		<bndbox>
			<xmin>358</xmin>
			<xmax>511</xmax>
			<ymin>107</ymin>
			<ymax>577</ymax>
		</bndbox>
	</object>
</annotation>
