<annotation>
	<folder></folder>
	<filename>IMG_5219_JPG.rf.c583c46172c75c77f7aa63720649265a.jpg</filename>
	<path>IMG_5219_JPG.rf.c583c46172c75c77f7aa63720649265a.jpg</path>
	<source>
		<database>roboflow.ai</database>
	</source>
	<size>
		<width>1024</width>
		<height>768</height>
		<depth>3</depth>
	</size>
	<segmented>0</segmented>
	<object>
		<name>Soap</name>
		<pose>Unspecified</pose>
		<truncated>0</truncated>
		<difficult>0</difficult>
		<occluded>0</occluded>
		<bndbox>
			<xmin>775</xmin>
			<xmax>928</xmax>
			<ymin>122</ymin>
			<ymax>619</ymax>
		</bndbox>
	</object>
	<object>
		<name>Soap</name>
		<pose>Unspecified</pose>
		<truncated>0</truncated>
		<difficult>0</difficult>
		<occluded>0</occluded>
		<bndbox>
			<xmin>425</xmin>
			<xmax>583</xmax>
			<ymin>129</ymin>
			<ymax>626</ymax>
		</bndbox>
	</object>
	<object>
		<name>Soap</name>
		<pose>Unspecified</pose>
		<truncated>0</truncated>
		<difficult>0</difficult>
		<occluded>0</occluded>
		<bndbox>
			<xmin>106</xmin>
			<xmax>268</xmax>
			<ymin>125</ymin>
			<ymax>641</ymax>
		</bndbox>
	</object>
	<object>
		<name>Soap</name>
		<pose>Unspecified</pose>
		<truncated>0</truncated>
		<difficult>0</difficult>
		<occluded>0</occluded>
		<bndbox>
			<xmin>278</xmin>
			<xmax>420</xmax>
			<ymin>146</ymin>
			<ymax>631</ymax>
		</bndbox>
	</object>
</annotation>
