<annotation>
	<folder></folder>
	<filename>IMG_5152_JPG.rf.6ba90a230d13cf349afc8ae663da2d32.jpg</filename>
	<path>IMG_5152_JPG.rf.6ba90a230d13cf349afc8ae663da2d32.jpg</path>
	<source>
		<database>roboflow.ai</database>
	</source>
	<size>
		<width>1024</width>
		<height>768</height>
		<depth>3</depth>
	</size>
	<segmented>0</segmented>
	<object>
		<name>OrangeJuice</name>
		<pose>Unspecified</pose>
		<truncated>0</truncated>
		<difficult>0</difficult>
		<occluded>0</occluded>
		<bndbox>
			<xmin>627</xmin>
			<xmax>819</xmax>
			<ymin>66</ymin>
			<ymax>671</ymax>
		</bndbox>
	</object>
	<object>
		<name>OrangeJuice</name>
		<pose>Unspecified</pose>
		<truncated>0</truncated>
		<difficult>0</difficult>
		<occluded>0</occluded>
		<bndbox>
			<xmin>167</xmin>
			<xmax>379</xmax>
			<ymin>128</ymin>
			<ymax>664</ymax>
		</bndbox>
	</object>
</annotation>
