<annotation>
	<folder></folder>
	<filename>IMG_4955-2_JPG.rf.c5064a45ef3f2eff6252c94c1d14dd53.jpg</filename>
	<path>IMG_4955-2_JPG.rf.c5064a45ef3f2eff6252c94c1d14dd53.jpg</path>
	<source>
		<database>roboflow.ai</database>
	</source>
	<size>
		<width>1024</width>
		<height>768</height>
		<depth>3</depth>
	</size>
	<segmented>0</segmented>
	<object>
		<name>Milk</name>
		<pose>Unspecified</pose>
		<truncated>0</truncated>
		<difficult>0</difficult>
		<occluded>0</occluded>
		<bndbox>
			<xmin>699</xmin>
			<xmax>970</xmax>
			<ymin>29</ymin>
			<ymax>651</ymax>
		</bndbox>
	</object>
	<object>
		<name>Milk</name>
		<pose>Unspecified</pose>
		<truncated>0</truncated>
		<difficult>0</difficult>
		<occluded>0</occluded>
		<bndbox>
			<xmin>156</xmin>
			<xmax>323</xmax>
			<ymin>123</ymin>
			<ymax>596</ymax>
		</bndbox>
	</object>
</annotation>
