<annotation>
	<folder></folder>
	<filename>IMG_5181_JPG.rf.c8d10d12c1dd7ace4e5d275db27a31c9.jpg</filename>
	<path>IMG_5181_JPG.rf.c8d10d12c1dd7ace4e5d275db27a31c9.jpg</path>
	<source>
		<database>roboflow.ai</database>
	</source>
	<size>
		<width>1024</width>
		<height>768</height>
		<depth>3</depth>
	</size>
	<segmented>0</segmented>
	<object>
		<name>OrangeJuice</name>
		<pose>Unspecified</pose>
		<truncated>0</truncated>
		<difficult>0</difficult>
		<occluded>0</occluded>
		<bndbox>
			<xmin>703</xmin>
			<xmax>900</xmax>
			<ymin>128</ymin>
			<ymax>599</ymax>
		</bndbox>
	</object>
	<object>
		<name>OrangeJuice</name>
		<pose>Unspecified</pose>
		<truncated>0</truncated>
		<difficult>0</difficult>
		<occluded>0</occluded>
		<bndbox>
			<xmin>110</xmin>
			<xmax>252</xmax>
			<ymin>167</ymin>
			<ymax>574</ymax>
		</bndbox>
	</object>
</annotation>
