<annotation>
	<folder></folder>
	<filename>IMG_4978-2_JPG.rf.87984bc1d50b31277bb693e8470664c6.jpg</filename>
	<path>IMG_4978-2_JPG.rf.87984bc1d50b31277bb693e8470664c6.jpg</path>
	<source>
		<database>roboflow.ai</database>
	</source>
	<size>
		<width>1024</width>
		<height>768</height>
		<depth>3</depth>
	</size>
	<segmented>0</segmented>
	<object>
		<name>OrangeJuice</name>
		<pose>Unspecified</pose>
		<truncated>0</truncated>
		<difficult>0</difficult>
		<occluded>0</occluded>
		<bndbox>
			<xmin>312</xmin>
			<xmax>533</xmax>
			<ymin>84</ymin>
			<ymax>687</ymax>
		</bndbox>
	</object>
</annotation>
