<annotation>
	<folder></folder>
	<filename>IMG_4809_JPG.rf.8032985c82e71951b9a167ef3248b1b2.jpg</filename>
	<path>IMG_4809_JPG.rf.8032985c82e71951b9a167ef3248b1b2.jpg</path>
	<source>
		<database>roboflow.ai</database>
	</source>
	<size>
		<width>1024</width>
		<height>768</height>
		<depth>3</depth>
	</size>
	<segmented>0</segmented>
	<object>
		<name>Soap</name>
		<pose>Unspecified</pose>
		<truncated>0</truncated>
		<difficult>0</difficult>
		<occluded>0</occluded>
		<bndbox>
			<xmin>370</xmin>
			<xmax>577</xmax>
			<ymin>2</ymin>
			<ymax>714</ymax>
		</bndbox>
	</object>
</annotation>
