<annotation>
	<folder></folder>
	<filename>IMG_4876_JPG.rf.102b27215a415b8e5c5374adf903ce59.jpg</filename>
	<path>IMG_4876_JPG.rf.102b27215a415b8e5c5374adf903ce59.jpg</path>
	<source>
		<database>roboflow.ai</database>
	</source>
	<size>
		<width>1024</width>
		<height>768</height>
		<depth>3</depth>
	</size>
	<segmented>0</segmented>
	<object>
		<name>Water</name>
		<pose>Unspecified</pose>
		<truncated>0</truncated>
		<difficult>0</difficult>
		<occluded>0</occluded>
		<bndbox>
			<xmin>761</xmin>
			<xmax>960</xmax>
			<ymin>12</ymin>
			<ymax>705</ymax>
		</bndbox>
	</object>
	<object>
		<name>Beer</name>
		<pose>Unspecified</pose>
		<truncated>0</truncated>
		<difficult>0</difficult>
		<occluded>0</occluded>
		<bndbox>
			<xmin>346</xmin>
			<xmax>466</xmax>
			<ymin>221</ymin>
			<ymax>668</ymax>
		</bndbox>
	</object>
	<object>
		<name>Beer</name>
		<pose>Unspecified</pose>
		<truncated>0</truncated>
		<difficult>0</difficult>
		<occluded>0</occluded>
		<bndbox>
			<xmin>148</xmin>
			<xmax>286</xmax>
			<ymin>224</ymin>
			<ymax>681</ymax>
		</bndbox>
	</object>
	<object>
		<name>Beer</name>
		<pose>Unspecified</pose>
		<truncated>0</truncated>
		<difficult>0</difficult>
		<occluded>0</occluded>
		<bndbox>
			<xmin>667</xmin>
			<xmax>767</xmax>
			<ymin>302</ymin>
			<ymax>618</ymax>
		</bndbox>
	</object>
	<object>
		<name>Beer</name>
		<pose>Unspecified</pose>
		<truncated>0</truncated>
		<difficult>0</difficult>
		<occluded>0</occluded>
		<bndbox>
			<xmin>469</xmin>
			<xmax>613</xmax>
			<ymin>214</ymin>
			<ymax>726</ymax>
		</bndbox>
	</object>
</annotation>
