<annotation>
	<folder></folder>
	<filename>IMG_5066_JPG.rf.aa544af2bd4b0875fb9c6410be5ff4c4.jpg</filename>
	<path>IMG_5066_JPG.rf.aa544af2bd4b0875fb9c6410be5ff4c4.jpg</path>
	<source>
		<database>roboflow.ai</database>
	</source>
	<size>
		<width>1024</width>
		<height>768</height>
		<depth>3</depth>
	</size>
	<segmented>0</segmented>
	<object>
		<name>oil</name>
		<pose>Unspecified</pose>
		<truncated>0</truncated>
		<difficult>0</difficult>
		<occluded>0</occluded>
		<bndbox>
			<xmin>769</xmin>
			<xmax>966</xmax>
			<ymin>164</ymin>
			<ymax>717</ymax>
		</bndbox>
	</object>
	<object>
		<name>oil</name>
		<pose>Unspecified</pose>
		<truncated>0</truncated>
		<difficult>0</difficult>
		<occluded>0</occluded>
		<bndbox>
			<xmin>290</xmin>
			<xmax>423</xmax>
			<ymin>229</ymin>
			<ymax>683</ymax>
		</bndbox>
	</object>
	<object>
		<name>oil</name>
		<pose>Unspecified</pose>
		<truncated>0</truncated>
		<difficult>0</difficult>
		<occluded>0</occluded>
		<bndbox>
			<xmin>499</xmin>
			<xmax>626</xmax>
			<ymin>239</ymin>
			<ymax>717</ymax>
		</bndbox>
	</object>
	<object>
		<name>oil</name>
		<pose>Unspecified</pose>
		<truncated>0</truncated>
		<difficult>0</difficult>
		<occluded>0</occluded>
		<bndbox>
			<xmin>70</xmin>
			<xmax>205</xmax>
			<ymin>275</ymin>
			<ymax>703</ymax>
		</bndbox>
	</object>
</annotation>
