<annotation>
	<folder></folder>
	<filename>IMG_5148_JPG.rf.6659b3a9ce20cd1f669af67e6e5ff66a.jpg</filename>
	<path>IMG_5148_JPG.rf.6659b3a9ce20cd1f669af67e6e5ff66a.jpg</path>
	<source>
		<database>roboflow.ai</database>
	</source>
	<size>
		<width>1024</width>
		<height>768</height>
		<depth>3</depth>
	</size>
	<segmented>0</segmented>
	<object>
		<name>Water</name>
		<pose>Unspecified</pose>
		<truncated>0</truncated>
		<difficult>0</difficult>
		<occluded>0</occluded>
		<bndbox>
			<xmin>200</xmin>
			<xmax>417</xmax>
			<ymin>72</ymin>
			<ymax>741</ymax>
		</bndbox>
	</object>
	<object>
		<name>Water</name>
		<pose>Unspecified</pose>
		<truncated>0</truncated>
		<difficult>0</difficult>
		<occluded>0</occluded>
		<bndbox>
			<xmin>640</xmin>
			<xmax>828</xmax>
			<ymin>109</ymin>
			<ymax>743</ymax>
		</bndbox>
	</object>
</annotation>
