<annotation>
	<folder></folder>
	<filename>IMG_4937-2_JPG.rf.8617b3b49562751d35217fe5f2f4115c.jpg</filename>
	<path>IMG_4937-2_JPG.rf.8617b3b49562751d35217fe5f2f4115c.jpg</path>
	<source>
		<database>roboflow.ai</database>
	</source>
	<size>
		<width>1024</width>
		<height>768</height>
		<depth>3</depth>
	</size>
	<segmented>0</segmented>
	<object>
		<name>Milk</name>
		<pose>Unspecified</pose>
		<truncated>0</truncated>
		<difficult>0</difficult>
		<occluded>0</occluded>
		<bndbox>
			<xmin>723</xmin>
			<xmax>900</xmax>
			<ymin>78</ymin>
			<ymax>595</ymax>
		</bndbox>
	</object>
	<object>
		<name>Milk</name>
		<pose>Unspecified</pose>
		<truncated>0</truncated>
		<difficult>0</difficult>
		<occluded>0</occluded>
		<bndbox>
			<xmin>463</xmin>
			<xmax>706</xmax>
			<ymin>71</ymin>
			<ymax>708</ymax>
		</bndbox>
	</object>
</annotation>
