<annotation>
	<folder></folder>
	<filename>IMG_5106_JPG.rf.e5f6cd79b6ed7f6be9f8f381b6885a63.jpg</filename>
	<path>IMG_5106_JPG.rf.e5f6cd79b6ed7f6be9f8f381b6885a63.jpg</path>
	<source>
		<database>roboflow.ai</database>
	</source>
	<size>
		<width>1024</width>
		<height>768</height>
		<depth>3</depth>
	</size>
	<segmented>0</segmented>
	<object>
		<name>Milk</name>
		<pose>Unspecified</pose>
		<truncated>0</truncated>
		<difficult>0</difficult>
		<occluded>0</occluded>
		<bndbox>
			<xmin>529</xmin>
			<xmax>729</xmax>
			<ymin>50</ymin>
			<ymax>682</ymax>
		</bndbox>
	</object>
	<object>
		<name>Milk</name>
		<pose>Unspecified</pose>
		<truncated>0</truncated>
		<difficult>0</difficult>
		<occluded>0</occluded>
		<bndbox>
			<xmin>285</xmin>
			<xmax>485</xmax>
			<ymin>71</ymin>
			<ymax>688</ymax>
		</bndbox>
	</object>
	<object>
		<name>BeerCan</name>
		<pose>Unspecified</pose>
		<truncated>0</truncated>
		<difficult>0</difficult>
		<occluded>0</occluded>
		<bndbox>
			<xmin>777</xmin>
			<xmax>950</xmax>
			<ymin>241</ymin>
			<ymax>682</ymax>
		</bndbox>
	</object>
</annotation>
