<annotation>
	<folder></folder>
	<filename>IMG_5124_JPG.rf.038ce132b1762006459846a88d8fe3a2.jpg</filename>
	<path>IMG_5124_JPG.rf.038ce132b1762006459846a88d8fe3a2.jpg</path>
	<source>
		<database>roboflow.ai</database>
	</source>
	<size>
		<width>1024</width>
		<height>768</height>
		<depth>3</depth>
	</size>
	<segmented>0</segmented>
	<object>
		<name>Water</name>
		<pose>Unspecified</pose>
		<truncated>0</truncated>
		<difficult>0</difficult>
		<occluded>0</occluded>
		<bndbox>
			<xmin>192</xmin>
			<xmax>378</xmax>
			<ymin>54</ymin>
			<ymax>692</ymax>
		</bndbox>
	</object>
	<object>
		<name>Water</name>
		<pose>Unspecified</pose>
		<truncated>0</truncated>
		<difficult>0</difficult>
		<occluded>0</occluded>
		<bndbox>
			<xmin>442</xmin>
			<xmax>605</xmax>
			<ymin>55</ymin>
			<ymax>695</ymax>
		</bndbox>
	</object>
	<object>
		<name>Water</name>
		<pose>Unspecified</pose>
		<truncated>0</truncated>
		<difficult>0</difficult>
		<occluded>0</occluded>
		<bndbox>
			<xmin>615</xmin>
			<xmax>764</xmax>
			<ymin>116</ymin>
			<ymax>661</ymax>
		</bndbox>
	</object>
</annotation>
