<annotation>
	<folder></folder>
	<filename>IMG_4960-2_JPG.rf.b7bab890608c87c336cf446a54213e0e.jpg</filename>
	<path>IMG_4960-2_JPG.rf.b7bab890608c87c336cf446a54213e0e.jpg</path>
	<source>
		<database>roboflow.ai</database>
	</source>
	<size>
		<width>1024</width>
		<height>768</height>
		<depth>3</depth>
	</size>
	<segmented>0</segmented>
	<object>
		<name>Milk</name>
		<pose>Unspecified</pose>
		<truncated>0</truncated>
		<difficult>0</difficult>
		<occluded>0</occluded>
		<bndbox>
			<xmin>514</xmin>
			<xmax>758</xmax>
			<ymin>96</ymin>
			<ymax>693</ymax>
		</bndbox>
	</object>
	<object>
		<name>Milk</name>
		<pose>Unspecified</pose>
		<truncated>0</truncated>
		<difficult>0</difficult>
		<occluded>0</occluded>
		<bndbox>
			<xmin>13</xmin>
			<xmax>369</xmax>
			<ymin>58</ymin>
			<ymax>737</ymax>
		</bndbox>
	</object>
</annotation>
