<annotation>
	<folder></folder>
	<filename>IMG_5091_JPG.rf.fc18d3ba77ff278f323765f8b4eb6bcf.jpg</filename>
	<path>IMG_5091_JPG.rf.fc18d3ba77ff278f323765f8b4eb6bcf.jpg</path>
	<source>
		<database>roboflow.ai</database>
	</source>
	<size>
		<width>1024</width>
		<height>768</height>
		<depth>3</depth>
	</size>
	<segmented>0</segmented>
	<object>
		<name>oil</name>
		<pose>Unspecified</pose>
		<truncated>0</truncated>
		<difficult>0</difficult>
		<occluded>0</occluded>
		<bndbox>
			<xmin>727</xmin>
			<xmax>900</xmax>
			<ymin>161</ymin>
			<ymax>611</ymax>
		</bndbox>
	</object>
	<object>
		<name>oil</name>
		<pose>Unspecified</pose>
		<truncated>0</truncated>
		<difficult>0</difficult>
		<occluded>0</occluded>
		<bndbox>
			<xmin>137</xmin>
			<xmax>235</xmax>
			<ymin>242</ymin>
			<ymax>616</ymax>
		</bndbox>
	</object>
	<object>
		<name>oil</name>
		<pose>Unspecified</pose>
		<truncated>0</truncated>
		<difficult>0</difficult>
		<occluded>0</occluded>
		<bndbox>
			<xmin>584</xmin>
			<xmax>685</xmax>
			<ymin>252</ymin>
			<ymax>606</ymax>
		</bndbox>
	</object>
	<object>
		<name>oil</name>
		<pose>Unspecified</pose>
		<truncated>0</truncated>
		<difficult>0</difficult>
		<occluded>0</occluded>
		<bndbox>
			<xmin>270</xmin>
			<xmax>368</xmax>
			<ymin>261</ymin>
			<ymax>607</ymax>
		</bndbox>
	</object>
	<object>
		<name>oil</name>
		<pose>Unspecified</pose>
		<truncated>0</truncated>
		<difficult>0</difficult>
		<occluded>0</occluded>
		<bndbox>
			<xmin>442</xmin>
			<xmax>528</xmax>
			<ymin>266</ymin>
			<ymax>604</ymax>
		</bndbox>
	</object>
</annotation>
