<annotation>
	<folder></folder>
	<filename>IMG_5049_JPG.rf.2254362507afbe28e7b3e7d14c27f27d.jpg</filename>
	<path>IMG_5049_JPG.rf.2254362507afbe28e7b3e7d14c27f27d.jpg</path>
	<source>
		<database>roboflow.ai</database>
	</source>
	<size>
		<width>1024</width>
		<height>768</height>
		<depth>3</depth>
	</size>
	<segmented>0</segmented>
	<object>
		<name>WineWhite</name>
		<pose>Unspecified</pose>
		<truncated>0</truncated>
		<difficult>0</difficult>
		<occluded>0</occluded>
		<bndbox>
			<xmin>552</xmin>
			<xmax>699</xmax>
			<ymin>25</ymin>
			<ymax>641</ymax>
		</bndbox>
	</object>
	<object>
		<name>WineWhite</name>
		<pose>Unspecified</pose>
		<truncated>0</truncated>
		<difficult>0</difficult>
		<occluded>0</occluded>
		<bndbox>
			<xmin>832</xmin>
			<xmax>984</xmax>
			<ymin>114</ymin>
			<ymax>641</ymax>
		</bndbox>
	</object>
	<object>
		<name>WineWhite</name>
		<pose>Unspecified</pose>
		<truncated>0</truncated>
		<difficult>0</difficult>
		<occluded>0</occluded>
		<bndbox>
			<xmin>396</xmin>
			<xmax>502</xmax>
			<ymin>194</ymin>
			<ymax>591</ymax>
		</bndbox>
	</object>
	<object>
		<name>WineWhite</name>
		<pose>Unspecified</pose>
		<truncated>0</truncated>
		<difficult>0</difficult>
		<occluded>0</occluded>
		<bndbox>
			<xmin>309</xmin>
			<xmax>399</xmax>
			<ymin>246</ymin>
			<ymax>572</ymax>
		</bndbox>
	</object>
</annotation>
