<annotation>
	<folder></folder>
	<filename>IMG_4787_JPG.rf.919fd50576608dbdee89e8d48631f058.jpg</filename>
	<path>IMG_4787_JPG.rf.919fd50576608dbdee89e8d48631f058.jpg</path>
	<source>
		<database>roboflow.ai</database>
	</source>
	<size>
		<width>1024</width>
		<height>768</height>
		<depth>3</depth>
	</size>
	<segmented>0</segmented>
	<object>
		<name>Water</name>
		<pose>Unspecified</pose>
		<truncated>0</truncated>
		<difficult>0</difficult>
		<occluded>0</occluded>
		<bndbox>
			<xmin>427</xmin>
			<xmax>592</xmax>
			<ymin>37</ymin>
			<ymax>680</ymax>
		</bndbox>
	</object>
</annotation>
