<annotation>
	<folder></folder>
	<filename>IMG_4873_JPG.rf.bdb478207d4c5f9309bbf4ad69826ce2.jpg</filename>
	<path>IMG_4873_JPG.rf.bdb478207d4c5f9309bbf4ad69826ce2.jpg</path>
	<source>
		<database>roboflow.ai</database>
	</source>
	<size>
		<width>1024</width>
		<height>768</height>
		<depth>3</depth>
	</size>
	<segmented>0</segmented>
	<object>
		<name>Beer</name>
		<pose>Unspecified</pose>
		<truncated>0</truncated>
		<difficult>0</difficult>
		<occluded>0</occluded>
		<bndbox>
			<xmin>453</xmin>
			<xmax>648</xmax>
			<ymin>34</ymin>
			<ymax>749</ymax>
		</bndbox>
	</object>
	<object>
		<name>Beer</name>
		<pose>Unspecified</pose>
		<truncated>0</truncated>
		<difficult>0</difficult>
		<occluded>0</occluded>
		<bndbox>
			<xmin>699</xmin>
			<xmax>885</xmax>
			<ymin>109</ymin>
			<ymax>721</ymax>
		</bndbox>
	</object>
	<object>
		<name>Beer</name>
		<pose>Unspecified</pose>
		<truncated>0</truncated>
		<difficult>0</difficult>
		<occluded>0</occluded>
		<bndbox>
			<xmin>257</xmin>
			<xmax>424</xmax>
			<ymin>136</ymin>
			<ymax>697</ymax>
		</bndbox>
	</object>
</annotation>
