<annotation>
	<folder></folder>
	<filename>IMG_4964-2_JPG.rf.754c594d5c89e985f50dace2d721c91c.jpg</filename>
	<path>IMG_4964-2_JPG.rf.754c594d5c89e985f50dace2d721c91c.jpg</path>
	<source>
		<database>roboflow.ai</database>
	</source>
	<size>
		<width>1024</width>
		<height>768</height>
		<depth>3</depth>
	</size>
	<segmented>0</segmented>
	<object>
		<name>Milk</name>
		<pose>Unspecified</pose>
		<truncated>0</truncated>
		<difficult>0</difficult>
		<occluded>0</occluded>
		<bndbox>
			<xmin>563</xmin>
			<xmax>875</xmax>
			<ymin>27</ymin>
			<ymax>674</ymax>
		</bndbox>
	</object>
	<object>
		<name>Milk</name>
		<pose>Unspecified</pose>
		<truncated>0</truncated>
		<difficult>0</difficult>
		<occluded>0</occluded>
		<bndbox>
			<xmin>241</xmin>
			<xmax>443</xmax>
			<ymin>82</ymin>
			<ymax>638</ymax>
		</bndbox>
	</object>
</annotation>
