<annotation>
	<folder></folder>
	<filename>IMG_4745_JPG.rf.6e298391b4c22b31c9e9eb6a4533e26e.jpg</filename>
	<path>IMG_4745_JPG.rf.6e298391b4c22b31c9e9eb6a4533e26e.jpg</path>
	<source>
		<database>roboflow.ai</database>
	</source>
	<size>
		<width>1024</width>
		<height>768</height>
		<depth>3</depth>
	</size>
	<segmented>0</segmented>
	<object>
		<name>Water</name>
		<pose>Unspecified</pose>
		<truncated>0</truncated>
		<difficult>0</difficult>
		<occluded>0</occluded>
		<bndbox>
			<xmin>1</xmin>
			<xmax>91</xmax>
			<ymin>102</ymin>
			<ymax>650</ymax>
		</bndbox>
	</object>
	<object>
		<name>Water</name>
		<pose>Unspecified</pose>
		<truncated>0</truncated>
		<difficult>0</difficult>
		<occluded>0</occluded>
		<bndbox>
			<xmin>439</xmin>
			<xmax>635</xmax>
			<ymin>107</ymin>
			<ymax>691</ymax>
		</bndbox>
	</object>
</annotation>
