<annotation>
	<folder></folder>
	<filename>IMG_4939-2_JPG.rf.48a0073a137614ef8c83d620c0329389.jpg</filename>
	<path>IMG_4939-2_JPG.rf.48a0073a137614ef8c83d620c0329389.jpg</path>
	<source>
		<database>roboflow.ai</database>
	</source>
	<size>
		<width>1024</width>
		<height>768</height>
		<depth>3</depth>
	</size>
	<segmented>0</segmented>
	<object>
		<name>Milk</name>
		<pose>Unspecified</pose>
		<truncated>0</truncated>
		<difficult>0</difficult>
		<occluded>0</occluded>
		<bndbox>
			<xmin>192</xmin>
			<xmax>425</xmax>
			<ymin>27</ymin>
			<ymax>696</ymax>
		</bndbox>
	</object>
	<object>
		<name>Milk</name>
		<pose>Unspecified</pose>
		<truncated>0</truncated>
		<difficult>0</difficult>
		<occluded>0</occluded>
		<bndbox>
			<xmin>594</xmin>
			<xmax>891</xmax>
			<ymin>91</ymin>
			<ymax>710</ymax>
		</bndbox>
	</object>
</annotation>
