<annotation>
	<folder></folder>
	<filename>IMG_5160_JPG.rf.481e1242d322d8e025c4b26964063fda.jpg</filename>
	<path>IMG_5160_JPG.rf.481e1242d322d8e025c4b26964063fda.jpg</path>
	<source>
		<database>roboflow.ai</database>
	</source>
	<size>
		<width>1024</width>
		<height>768</height>
		<depth>3</depth>
	</size>
	<segmented>0</segmented>
	<object>
		<name>OrangeJuice</name>
		<pose>Unspecified</pose>
		<truncated>0</truncated>
		<difficult>0</difficult>
		<occluded>0</occluded>
		<bndbox>
			<xmin>630</xmin>
			<xmax>831</xmax>
			<ymin>100</ymin>
			<ymax>546</ymax>
		</bndbox>
	</object>
	<object>
		<name>OrangeJuice</name>
		<pose>Unspecified</pose>
		<truncated>0</truncated>
		<difficult>0</difficult>
		<occluded>0</occluded>
		<bndbox>
			<xmin>417</xmin>
			<xmax>630</xmax>
			<ymin>77</ymin>
			<ymax>704</ymax>
		</bndbox>
	</object>
</annotation>
