<annotation>
	<folder></folder>
	<filename>IMG_5216_JPG.rf.ef6c6d937bd174b81ee10aafa42e07ff.jpg</filename>
	<path>IMG_5216_JPG.rf.ef6c6d937bd174b81ee10aafa42e07ff.jpg</path>
	<source>
		<database>roboflow.ai</database>
	</source>
	<size>
		<width>1024</width>
		<height>768</height>
		<depth>3</depth>
	</size>
	<segmented>0</segmented>
	<object>
		<name>Soap</name>
		<pose>Unspecified</pose>
		<truncated>0</truncated>
		<difficult>0</difficult>
		<occluded>0</occluded>
		<bndbox>
			<xmin>552</xmin>
			<xmax>667</xmax>
			<ymin>149</ymin>
			<ymax>569</ymax>
		</bndbox>
	</object>
	<object>
		<name>Soap</name>
		<pose>Unspecified</pose>
		<truncated>0</truncated>
		<difficult>0</difficult>
		<occluded>0</occluded>
		<bndbox>
			<xmin>693</xmin>
			<xmax>796</xmax>
			<ymin>195</ymin>
			<ymax>532</ymax>
		</bndbox>
	</object>
	<object>
		<name>Soap</name>
		<pose>Unspecified</pose>
		<truncated>0</truncated>
		<difficult>0</difficult>
		<occluded>0</occluded>
		<bndbox>
			<xmin>470</xmin>
			<xmax>558</xmax>
			<ymin>223</ymin>
			<ymax>514</ymax>
		</bndbox>
	</object>
	<object>
		<name>Soap</name>
		<pose>Unspecified</pose>
		<truncated>0</truncated>
		<difficult>0</difficult>
		<occluded>0</occluded>
		<bndbox>
			<xmin>302</xmin>
			<xmax>485</xmax>
			<ymin>78</ymin>
			<ymax>669</ymax>
		</bndbox>
	</object>
</annotation>
