<annotation>
	<folder></folder>
	<filename>IMG_4945-2_JPG.rf.b95ea8f818e298b6e6f07bfe69a29ff6.jpg</filename>
	<path>IMG_4945-2_JPG.rf.b95ea8f818e298b6e6f07bfe69a29ff6.jpg</path>
	<source>
		<database>roboflow.ai</database>
	</source>
	<size>
		<width>1024</width>
		<height>768</height>
		<depth>3</depth>
	</size>
	<segmented>0</segmented>
	<object>
		<name>Milk</name>
		<pose>Unspecified</pose>
		<truncated>0</truncated>
		<difficult>0</difficult>
		<occluded>0</occluded>
		<bndbox>
			<xmin>216</xmin>
			<xmax>459</xmax>
			<ymin>42</ymin>
			<ymax>734</ymax>
		</bndbox>
	</object>
	<object>
		<name>Milk</name>
		<pose>Unspecified</pose>
		<truncated>0</truncated>
		<difficult>0</difficult>
		<occluded>0</occluded>
		<bndbox>
			<xmin>565</xmin>
			<xmax>789</xmax>
			<ymin>191</ymin>
			<ymax>672</ymax>
		</bndbox>
	</object>
</annotation>
