<annotation>
	<folder></folder>
	<filename>IMG_4976-2_JPG.rf.b2e9766050be0f5e4959dff24e96b9f8.jpg</filename>
	<path>IMG_4976-2_JPG.rf.b2e9766050be0f5e4959dff24e96b9f8.jpg</path>
	<source>
		<database>roboflow.ai</database>
	</source>
	<size>
		<width>1024</width>
		<height>1024</height>
		<depth>3</depth>
	</size>
	<segmented>0</segmented>
	<object>
		<name>OrangeJuice</name>
		<pose>Unspecified</pose>
		<truncated>0</truncated>
		<difficult>0</difficult>
		<occluded>0</occluded>
		<bndbox>
			<xmin>371</xmin>
			<xmax>666</xmax>
			<ymin>45</ymin>
			<ymax>895</ymax>
		</bndbox>
	</object>
</annotation>
