<annotation>
	<folder></folder>
	<filename>IMG_5201_JPG.rf.f796b38190610821ed5825ec29598a52.jpg</filename>
	<path>IMG_5201_JPG.rf.f796b38190610821ed5825ec29598a52.jpg</path>
	<source>
		<database>roboflow.ai</database>
	</source>
	<size>
		<width>1024</width>
		<height>768</height>
		<depth>3</depth>
	</size>
	<segmented>0</segmented>
	<object>
		<name>Soap</name>
		<pose>Unspecified</pose>
		<truncated>0</truncated>
		<difficult>0</difficult>
		<occluded>0</occluded>
		<bndbox>
			<xmin>179</xmin>
			<xmax>400</xmax>
			<ymin>103</ymin>
			<ymax>690</ymax>
		</bndbox>
	</object>
	<object>
		<name>Soap</name>
		<pose>Unspecified</pose>
		<truncated>0</truncated>
		<difficult>0</difficult>
		<occluded>0</occluded>
		<bndbox>
			<xmin>602</xmin>
			<xmax>773</xmax>
			<ymin>123</ymin>
			<ymax>701</ymax>
		</bndbox>
	</object>
	<object>
		<name>OrangeJuice</name>
		<pose>Unspecified</pose>
		<truncated>0</truncated>
		<difficult>0</difficult>
		<occluded>0</occluded>
		<bndbox>
			<xmin>977</xmin>
			<xmax>1025</xmax>
			<ymin>303</ymin>
			<ymax>618</ymax>
		</bndbox>
	</object>
</annotation>
