<annotation>
	<folder></folder>
	<filename>IMG_4766_JPG.rf.9b05a1f0d3f085cbd54c75b5f07141ae.jpg</filename>
	<path>IMG_4766_JPG.rf.9b05a1f0d3f085cbd54c75b5f07141ae.jpg</path>
	<source>
		<database>roboflow.ai</database>
	</source>
	<size>
		<width>1024</width>
		<height>768</height>
		<depth>3</depth>
	</size>
	<segmented>0</segmented>
	<object>
		<name>Beer</name>
		<pose>Unspecified</pose>
		<truncated>0</truncated>
		<difficult>0</difficult>
		<occluded>0</occluded>
		<bndbox>
			<xmin>207</xmin>
			<xmax>358</xmax>
			<ymin>1</ymin>
			<ymax>536</ymax>
		</bndbox>
	</object>
	<object>
		<name>Beer</name>
		<pose>Unspecified</pose>
		<truncated>0</truncated>
		<difficult>0</difficult>
		<occluded>0</occluded>
		<bndbox>
			<xmin>417</xmin>
			<xmax>548</xmax>
			<ymin>26</ymin>
			<ymax>526</ymax>
		</bndbox>
	</object>
	<object>
		<name>Beer</name>
		<pose>Unspecified</pose>
		<truncated>0</truncated>
		<difficult>0</difficult>
		<occluded>0</occluded>
		<bndbox>
			<xmin>630</xmin>
			<xmax>793</xmax>
			<ymin>65</ymin>
			<ymax>586</ymax>
		</bndbox>
	</object>
</annotation>
