<annotation>
	<folder></folder>
	<filename>IMG_5178_JPG.rf.b50f5a62a7ac0b30b689c0f5cd05951b.jpg</filename>
	<path>IMG_5178_JPG.rf.b50f5a62a7ac0b30b689c0f5cd05951b.jpg</path>
	<source>
		<database>roboflow.ai</database>
	</source>
	<size>
		<width>1024</width>
		<height>768</height>
		<depth>3</depth>
	</size>
	<segmented>0</segmented>
	<object>
		<name>OrangeJuice</name>
		<pose>Unspecified</pose>
		<truncated>0</truncated>
		<difficult>0</difficult>
		<occluded>0</occluded>
		<bndbox>
			<xmin>259</xmin>
			<xmax>452</xmax>
			<ymin>65</ymin>
			<ymax>681</ymax>
		</bndbox>
	</object>
	<object>
		<name>OrangeJuice</name>
		<pose>Unspecified</pose>
		<truncated>0</truncated>
		<difficult>0</difficult>
		<occluded>0</occluded>
		<bndbox>
			<xmin>740</xmin>
			<xmax>946</xmax>
			<ymin>131</ymin>
			<ymax>675</ymax>
		</bndbox>
	</object>
</annotation>
