<annotation>
	<folder></folder>
	<filename>IMG_5104_JPG.rf.7d1d49c6d2e539901bd0d804e7e56c14.jpg</filename>
	<path>IMG_5104_JPG.rf.7d1d49c6d2e539901bd0d804e7e56c14.jpg</path>
	<source>
		<database>roboflow.ai</database>
	</source>
	<size>
		<width>1024</width>
		<height>768</height>
		<depth>3</depth>
	</size>
	<segmented>0</segmented>
	<object>
		<name>Milk</name>
		<pose>Unspecified</pose>
		<truncated>0</truncated>
		<difficult>0</difficult>
		<occluded>0</occluded>
		<bndbox>
			<xmin>41</xmin>
			<xmax>331</xmax>
			<ymin>30</ymin>
			<ymax>769</ymax>
		</bndbox>
	</object>
	<object>
		<name>OrangeJuice</name>
		<pose>Unspecified</pose>
		<truncated>0</truncated>
		<difficult>0</difficult>
		<occluded>0</occluded>
		<bndbox>
			<xmin>793</xmin>
			<xmax>1025</xmax>
			<ymin>65</ymin>
			<ymax>734</ymax>
		</bndbox>
	</object>
	<object>
		<name>Soap</name>
		<pose>Unspecified</pose>
		<truncated>0</truncated>
		<difficult>0</difficult>
		<occluded>0</occluded>
		<bndbox>
			<xmin>579</xmin>
			<xmax>818</xmax>
			<ymin>96</ymin>
			<ymax>740</ymax>
		</bndbox>
	</object>
	<object>
		<name>BeerCan</name>
		<pose>Unspecified</pose>
		<truncated>0</truncated>
		<difficult>0</difficult>
		<occluded>0</occluded>
		<bndbox>
			<xmin>382</xmin>
			<xmax>568</xmax>
			<ymin>249</ymin>
			<ymax>745</ymax>
		</bndbox>
	</object>
</annotation>
