<annotation>
	<folder></folder>
	<filename>IMG_4942-2_JPG.rf.59bbfef7f91ebbed7389cefa87836bd9.jpg</filename>
	<path>IMG_4942-2_JPG.rf.59bbfef7f91ebbed7389cefa87836bd9.jpg</path>
	<source>
		<database>roboflow.ai</database>
	</source>
	<size>
		<width>1024</width>
		<height>768</height>
		<depth>3</depth>
	</size>
	<segmented>0</segmented>
	<object>
		<name>Milk</name>
		<pose>Unspecified</pose>
		<truncated>0</truncated>
		<difficult>0</difficult>
		<occluded>0</occluded>
		<bndbox>
			<xmin>487</xmin>
			<xmax>758</xmax>
			<ymin>16</ymin>
			<ymax>769</ymax>
		</bndbox>
	</object>
</annotation>
