<annotation>
	<folder></folder>
	<filename>IMG_4899-2_JPG.rf.d52b6359513fc0d231331989d0d67748.jpg</filename>
	<path>IMG_4899-2_JPG.rf.d52b6359513fc0d231331989d0d67748.jpg</path>
	<source>
		<database>roboflow.ai</database>
	</source>
	<size>
		<width>1024</width>
		<height>768</height>
		<depth>3</depth>
	</size>
	<segmented>0</segmented>
	<object>
		<name>BeerCan</name>
		<pose>Unspecified</pose>
		<truncated>0</truncated>
		<difficult>0</difficult>
		<occluded>0</occluded>
		<bndbox>
			<xmin>731</xmin>
			<xmax>961</xmax>
			<ymin>159</ymin>
			<ymax>686</ymax>
		</bndbox>
	</object>
	<object>
		<name>BeerCan</name>
		<pose>Unspecified</pose>
		<truncated>0</truncated>
		<difficult>0</difficult>
		<occluded>0</occluded>
		<bndbox>
			<xmin>362</xmin>
			<xmax>504</xmax>
			<ymin>261</ymin>
			<ymax>627</ymax>
		</bndbox>
	</object>
	<object>
		<name>BeerCan</name>
		<pose>Unspecified</pose>
		<truncated>0</truncated>
		<difficult>0</difficult>
		<occluded>0</occluded>
		<bndbox>
			<xmin>53</xmin>
			<xmax>189</xmax>
			<ymin>303</ymin>
			<ymax>606</ymax>
		</bndbox>
	</object>
</annotation>
