<annotation>
	<folder></folder>
	<filename>IMG_4930-2_JPG.rf.631e74ce16f8783d7bc8e8fafb3cd670.jpg</filename>
	<path>IMG_4930-2_JPG.rf.631e74ce16f8783d7bc8e8fafb3cd670.jpg</path>
	<source>
		<database>roboflow.ai</database>
	</source>
	<size>
		<width>1024</width>
		<height>768</height>
		<depth>3</depth>
	</size>
	<segmented>0</segmented>
	<object>
		<name>Milk</name>
		<pose>Unspecified</pose>
		<truncated>0</truncated>
		<difficult>0</difficult>
		<occluded>0</occluded>
		<bndbox>
			<xmin>307</xmin>
			<xmax>556</xmax>
			<ymin>104</ymin>
			<ymax>757</ymax>
		</bndbox>
	</object>
	<object>
		<name>Milk</name>
		<pose>Unspecified</pose>
		<truncated>0</truncated>
		<difficult>0</difficult>
		<occluded>0</occluded>
		<bndbox>
			<xmin>724</xmin>
			<xmax>1006</xmax>
			<ymin>132</ymin>
			<ymax>769</ymax>
		</bndbox>
	</object>
</annotation>
