<annotation>
	<folder></folder>
	<filename>IMG_4900-2_JPG.rf.9ff00f00910bc566cc1f86a3be05fa16.jpg</filename>
	<path>IMG_4900-2_JPG.rf.9ff00f00910bc566cc1f86a3be05fa16.jpg</path>
	<source>
		<database>roboflow.ai</database>
	</source>
	<size>
		<width>1024</width>
		<height>768</height>
		<depth>3</depth>
	</size>
	<segmented>0</segmented>
	<object>
		<name>BeerCan</name>
		<pose>Unspecified</pose>
		<truncated>0</truncated>
		<difficult>0</difficult>
		<occluded>0</occluded>
		<bndbox>
			<xmin>81</xmin>
			<xmax>213</xmax>
			<ymin>96</ymin>
			<ymax>417</ymax>
		</bndbox>
	</object>
	<object>
		<name>BeerCan</name>
		<pose>Unspecified</pose>
		<truncated>0</truncated>
		<difficult>0</difficult>
		<occluded>0</occluded>
		<bndbox>
			<xmin>422</xmin>
			<xmax>557</xmax>
			<ymin>97</ymin>
			<ymax>436</ymax>
		</bndbox>
	</object>
	<object>
		<name>BeerCan</name>
		<pose>Unspecified</pose>
		<truncated>0</truncated>
		<difficult>0</difficult>
		<occluded>0</occluded>
		<bndbox>
			<xmin>805</xmin>
			<xmax>952</xmax>
			<ymin>121</ymin>
			<ymax>451</ymax>
		</bndbox>
	</object>
</annotation>
