<annotation>
	<folder></folder>
	<filename>IMG_5218_JPG.rf.a4fe84536eaf31374082c81de5a644f7.jpg</filename>
	<path>IMG_5218_JPG.rf.a4fe84536eaf31374082c81de5a644f7.jpg</path>
	<source>
		<database>roboflow.ai</database>
	</source>
	<size>
		<width>1024</width>
		<height>768</height>
		<depth>3</depth>
	</size>
	<segmented>0</segmented>
	<object>
		<name>Soap</name>
		<pose>Unspecified</pose>
		<truncated>0</truncated>
		<difficult>0</difficult>
		<occluded>0</occluded>
		<bndbox>
			<xmin>362</xmin>
			<xmax>491</xmax>
			<ymin>164</ymin>
			<ymax>567</ymax>
		</bndbox>
	</object>
	<object>
		<name>Soap</name>
		<pose>Unspecified</pose>
		<truncated>0</truncated>
		<difficult>0</difficult>
		<occluded>0</occluded>
		<bndbox>
			<xmin>168</xmin>
			<xmax>316</xmax>
			<ymin>167</ymin>
			<ymax>569</ymax>
		</bndbox>
	</object>
	<object>
		<name>Soap</name>
		<pose>Unspecified</pose>
		<truncated>0</truncated>
		<difficult>0</difficult>
		<occluded>0</occluded>
		<bndbox>
			<xmin>679</xmin>
			<xmax>833</xmax>
			<ymin>170</ymin>
			<ymax>569</ymax>
		</bndbox>
	</object>
	<object>
		<name>Soap</name>
		<pose>Unspecified</pose>
		<truncated>0</truncated>
		<difficult>0</difficult>
		<occluded>0</occluded>
		<bndbox>
			<xmin>538</xmin>
			<xmax>664</xmax>
			<ymin>175</ymin>
			<ymax>565</ymax>
		</bndbox>
	</object>
</annotation>
