<annotation>
	<folder></folder>
	<filename>IMG_5133_JPG.rf.67dd58a63e9b92ffbed7f9bbafcffb55.jpg</filename>
	<path>IMG_5133_JPG.rf.67dd58a63e9b92ffbed7f9bbafcffb55.jpg</path>
	<source>
		<database>roboflow.ai</database>
	</source>
	<size>
		<width>1024</width>
		<height>768</height>
		<depth>3</depth>
	</size>
	<segmented>0</segmented>
	<object>
		<name>Soap</name>
		<pose>Unspecified</pose>
		<truncated>0</truncated>
		<difficult>0</difficult>
		<occluded>0</occluded>
		<bndbox>
			<xmin>377</xmin>
			<xmax>553</xmax>
			<ymin>30</ymin>
			<ymax>649</ymax>
		</bndbox>
	</object>
	<object>
		<name>Soap</name>
		<pose>Unspecified</pose>
		<truncated>0</truncated>
		<difficult>0</difficult>
		<occluded>0</occluded>
		<bndbox>
			<xmin>585</xmin>
			<xmax>804</xmax>
			<ymin>9</ymin>
			<ymax>699</ymax>
		</bndbox>
	</object>
</annotation>
