<annotation>
	<folder></folder>
	<filename>IMG_4897-2_JPG.rf.e668813c24f7d01fbfea49efdbe20e96.jpg</filename>
	<path>IMG_4897-2_JPG.rf.e668813c24f7d01fbfea49efdbe20e96.jpg</path>
	<source>
		<database>roboflow.ai</database>
	</source>
	<size>
		<width>1024</width>
		<height>768</height>
		<depth>3</depth>
	</size>
	<segmented>0</segmented>
	<object>
		<name>BeerCan</name>
		<pose>Unspecified</pose>
		<truncated>0</truncated>
		<difficult>0</difficult>
		<occluded>0</occluded>
		<bndbox>
			<xmin>73</xmin>
			<xmax>315</xmax>
			<ymin>91</ymin>
			<ymax>654</ymax>
		</bndbox>
	</object>
	<object>
		<name>BeerCan</name>
		<pose>Unspecified</pose>
		<truncated>0</truncated>
		<difficult>0</difficult>
		<occluded>0</occluded>
		<bndbox>
			<xmin>517</xmin>
			<xmax>714</xmax>
			<ymin>137</ymin>
			<ymax>644</ymax>
		</bndbox>
	</object>
	<object>
		<name>BeerCan</name>
		<pose>Unspecified</pose>
		<truncated>0</truncated>
		<difficult>0</difficult>
		<occluded>0</occluded>
		<bndbox>
			<xmin>737</xmin>
			<xmax>900</xmax>
			<ymin>207</ymin>
			<ymax>608</ymax>
		</bndbox>
	</object>
</annotation>
