<annotation>
	<folder></folder>
	<filename>IMG_5081_JPG.rf.d0e1629d723e3195a78b903d4d8ef9a2.jpg</filename>
	<path>IMG_5081_JPG.rf.d0e1629d723e3195a78b903d4d8ef9a2.jpg</path>
	<source>
		<database>roboflow.ai</database>
	</source>
	<size>
		<width>1024</width>
		<height>768</height>
		<depth>3</depth>
	</size>
	<segmented>0</segmented>
	<object>
		<name>oil</name>
		<pose>Unspecified</pose>
		<truncated>0</truncated>
		<difficult>0</difficult>
		<occluded>0</occluded>
		<bndbox>
			<xmin>469</xmin>
			<xmax>665</xmax>
			<ymin>138</ymin>
			<ymax>648</ymax>
		</bndbox>
	</object>
	<object>
		<name>oil</name>
		<pose>Unspecified</pose>
		<truncated>0</truncated>
		<difficult>0</difficult>
		<occluded>0</occluded>
		<bndbox>
			<xmin>313</xmin>
			<xmax>461</xmax>
			<ymin>177</ymin>
			<ymax>699</ymax>
		</bndbox>
	</object>
	<object>
		<name>oil</name>
		<pose>Unspecified</pose>
		<truncated>0</truncated>
		<difficult>0</difficult>
		<occluded>0</occluded>
		<bndbox>
			<xmin>62</xmin>
			<xmax>234</xmax>
			<ymin>140</ymin>
			<ymax>751</ymax>
		</bndbox>
	</object>
</annotation>
