<annotation>
	<folder></folder>
	<filename>IMG_4794_JPG.rf.e0c7bb43e4c5bdcf73ea6eaf7fcb500b.jpg</filename>
	<path>IMG_4794_JPG.rf.e0c7bb43e4c5bdcf73ea6eaf7fcb500b.jpg</path>
	<source>
		<database>roboflow.ai</database>
	</source>
	<size>
		<width>1024</width>
		<height>768</height>
		<depth>3</depth>
	</size>
	<segmented>0</segmented>
	<object>
		<name>Water</name>
		<pose>Unspecified</pose>
		<truncated>0</truncated>
		<difficult>0</difficult>
		<occluded>0</occluded>
		<bndbox>
			<xmin>467</xmin>
			<xmax>621</xmax>
			<ymin>89</ymin>
			<ymax>666</ymax>
		</bndbox>
	</object>
</annotation>
