<annotation>
	<folder></folder>
	<filename>IMG_4881_JPG.rf.f81a5425045b1c35a1ca85e667ea6c6b.jpg</filename>
	<path>IMG_4881_JPG.rf.f81a5425045b1c35a1ca85e667ea6c6b.jpg</path>
	<source>
		<database>roboflow.ai</database>
	</source>
	<size>
		<width>1024</width>
		<height>768</height>
		<depth>3</depth>
	</size>
	<segmented>0</segmented>
	<object>
		<name>WineRed</name>
		<pose>Unspecified</pose>
		<truncated>0</truncated>
		<difficult>0</difficult>
		<occluded>0</occluded>
		<bndbox>
			<xmin>357</xmin>
			<xmax>531</xmax>
			<ymin>17</ymin>
			<ymax>751</ymax>
		</bndbox>
	</object>
	<object>
		<name>Shampoo</name>
		<pose>Unspecified</pose>
		<truncated>0</truncated>
		<difficult>0</difficult>
		<occluded>0</occluded>
		<bndbox>
			<xmin>1</xmin>
			<xmax>144</xmax>
			<ymin>188</ymin>
			<ymax>765</ymax>
		</bndbox>
	</object>
	<object>
		<name>Shampoo</name>
		<pose>Unspecified</pose>
		<truncated>0</truncated>
		<difficult>0</difficult>
		<occluded>0</occluded>
		<bndbox>
			<xmin>67</xmin>
			<xmax>204</xmax>
			<ymin>372</ymin>
			<ymax>726</ymax>
		</bndbox>
	</object>
</annotation>
