<annotation>
	<folder></folder>
	<filename>IMG_4870_JPG.rf.16fe45b6e2b7d3aba3b3d263d2b88004.jpg</filename>
	<path>IMG_4870_JPG.rf.16fe45b6e2b7d3aba3b3d263d2b88004.jpg</path>
	<source>
		<database>roboflow.ai</database>
	</source>
	<size>
		<width>1024</width>
		<height>768</height>
		<depth>3</depth>
	</size>
	<segmented>0</segmented>
	<object>
		<name>Water</name>
		<pose>Unspecified</pose>
		<truncated>0</truncated>
		<difficult>0</difficult>
		<occluded>0</occluded>
		<bndbox>
			<xmin>201</xmin>
			<xmax>386</xmax>
			<ymin>1</ymin>
			<ymax>696</ymax>
		</bndbox>
	</object>
	<object>
		<name>Beer</name>
		<pose>Unspecified</pose>
		<truncated>0</truncated>
		<difficult>0</difficult>
		<occluded>0</occluded>
		<bndbox>
			<xmin>676</xmin>
			<xmax>768</xmax>
			<ymin>300</ymin>
			<ymax>580</ymax>
		</bndbox>
	</object>
	<object>
		<name>Beer</name>
		<pose>Unspecified</pose>
		<truncated>0</truncated>
		<difficult>0</difficult>
		<occluded>0</occluded>
		<bndbox>
			<xmin>553</xmin>
			<xmax>655</xmax>
			<ymin>291</ymin>
			<ymax>615</ymax>
		</bndbox>
	</object>
	<object>
		<name>Beer</name>
		<pose>Unspecified</pose>
		<truncated>0</truncated>
		<difficult>0</difficult>
		<occluded>0</occluded>
		<bndbox>
			<xmin>410</xmin>
			<xmax>519</xmax>
			<ymin>284</ymin>
			<ymax>625</ymax>
		</bndbox>
	</object>
</annotation>
