<annotation>
	<folder></folder>
	<filename>IMG_4831_JPG.rf.1188726f436c7955ebff8dff5082357c.jpg</filename>
	<path>IMG_4831_JPG.rf.1188726f436c7955ebff8dff5082357c.jpg</path>
	<source>
		<database>roboflow.ai</database>
	</source>
	<size>
		<width>1024</width>
		<height>768</height>
		<depth>3</depth>
	</size>
	<segmented>0</segmented>
	<object>
		<name>WineRed</name>
		<pose>Unspecified</pose>
		<truncated>0</truncated>
		<difficult>0</difficult>
		<occluded>0</occluded>
		<bndbox>
			<xmin>240</xmin>
			<xmax>403</xmax>
			<ymin>62</ymin>
			<ymax>683</ymax>
		</bndbox>
	</object>
	<object>
		<name>WineRed</name>
		<pose>Unspecified</pose>
		<truncated>0</truncated>
		<difficult>0</difficult>
		<occluded>0</occluded>
		<bndbox>
			<xmin>653</xmin>
			<xmax>815</xmax>
			<ymin>71</ymin>
			<ymax>690</ymax>
		</bndbox>
	</object>
</annotation>
