<annotation>
	<folder></folder>
	<filename>IMG_4926-2_JPG.rf.95bfab7d538c5b43219ec166671a0fa8.jpg</filename>
	<path>IMG_4926-2_JPG.rf.95bfab7d538c5b43219ec166671a0fa8.jpg</path>
	<source>
		<database>roboflow.ai</database>
	</source>
	<size>
		<width>1024</width>
		<height>768</height>
		<depth>3</depth>
	</size>
	<segmented>0</segmented>
	<object>
		<name>Milk</name>
		<pose>Unspecified</pose>
		<truncated>0</truncated>
		<difficult>0</difficult>
		<occluded>0</occluded>
		<bndbox>
			<xmin>681</xmin>
			<xmax>869</xmax>
			<ymin>141</ymin>
			<ymax>643</ymax>
		</bndbox>
	</object>
	<object>
		<name>Milk</name>
		<pose>Unspecified</pose>
		<truncated>0</truncated>
		<difficult>0</difficult>
		<occluded>0</occluded>
		<bndbox>
			<xmin>378</xmin>
			<xmax>591</xmax>
			<ymin>209</ymin>
			<ymax>721</ymax>
		</bndbox>
	</object>
</annotation>
