<annotation>
	<folder></folder>
	<filename>IMG_5167_JPG.rf.04f28d66b5d644dead2756e22ff118f3.jpg</filename>
	<path>IMG_5167_JPG.rf.04f28d66b5d644dead2756e22ff118f3.jpg</path>
	<source>
		<database>roboflow.ai</database>
	</source>
	<size>
		<width>1024</width>
		<height>768</height>
		<depth>3</depth>
	</size>
	<segmented>0</segmented>
	<object>
		<name>OrangeJuice</name>
		<pose>Unspecified</pose>
		<truncated>0</truncated>
		<difficult>0</difficult>
		<occluded>0</occluded>
		<bndbox>
			<xmin>372</xmin>
			<xmax>570</xmax>
			<ymin>60</ymin>
			<ymax>682</ymax>
		</bndbox>
	</object>
	<object>
		<name>OrangeJuice</name>
		<pose>Unspecified</pose>
		<truncated>0</truncated>
		<difficult>0</difficult>
		<occluded>0</occluded>
		<bndbox>
			<xmin>182</xmin>
			<xmax>359</xmax>
			<ymin>198</ymin>
			<ymax>634</ymax>
		</bndbox>
	</object>
</annotation>
