<annotation>
	<folder></folder>
	<filename>IMG_4836_JPG.rf.5702e320396416095df4c8573539c8d6.jpg</filename>
	<path>IMG_4836_JPG.rf.5702e320396416095df4c8573539c8d6.jpg</path>
	<source>
		<database>roboflow.ai</database>
	</source>
	<size>
		<width>1024</width>
		<height>768</height>
		<depth>3</depth>
	</size>
	<segmented>0</segmented>
	<object>
		<name>WineRed</name>
		<pose>Unspecified</pose>
		<truncated>0</truncated>
		<difficult>0</difficult>
		<occluded>0</occluded>
		<bndbox>
			<xmin>343</xmin>
			<xmax>502</xmax>
			<ymin>25</ymin>
			<ymax>586</ymax>
		</bndbox>
	</object>
	<object>
		<name>WineRed</name>
		<pose>Unspecified</pose>
		<truncated>0</truncated>
		<difficult>0</difficult>
		<occluded>0</occluded>
		<bndbox>
			<xmin>643</xmin>
			<xmax>796</xmax>
			<ymin>81</ymin>
			<ymax>558</ymax>
		</bndbox>
	</object>
</annotation>
