<annotation>
	<folder></folder>
	<filename>IMG_5107_JPG.rf.6d33667f0032b7ab173952403c2a6105.jpg</filename>
	<path>IMG_5107_JPG.rf.6d33667f0032b7ab173952403c2a6105.jpg</path>
	<source>
		<database>roboflow.ai</database>
	</source>
	<size>
		<width>1024</width>
		<height>768</height>
		<depth>3</depth>
	</size>
	<segmented>0</segmented>
	<object>
		<name>Milk</name>
		<pose>Unspecified</pose>
		<truncated>0</truncated>
		<difficult>0</difficult>
		<occluded>0</occluded>
		<bndbox>
			<xmin>206</xmin>
			<xmax>442</xmax>
			<ymin>1</ymin>
			<ymax>712</ymax>
		</bndbox>
	</object>
	<object>
		<name>Milk</name>
		<pose>Unspecified</pose>
		<truncated>0</truncated>
		<difficult>0</difficult>
		<occluded>0</occluded>
		<bndbox>
			<xmin>486</xmin>
			<xmax>720</xmax>
			<ymin>8</ymin>
			<ymax>735</ymax>
		</bndbox>
	</object>
	<object>
		<name>BeerCan</name>
		<pose>Unspecified</pose>
		<truncated>0</truncated>
		<difficult>0</difficult>
		<occluded>0</occluded>
		<bndbox>
			<xmin>759</xmin>
			<xmax>970</xmax>
			<ymin>213</ymin>
			<ymax>719</ymax>
		</bndbox>
	</object>
</annotation>
