<annotation>
	<folder></folder>
	<filename>IMG_4776_JPG.rf.a204467277c4db978d9e4b52bfd2b772.jpg</filename>
	<path>IMG_4776_JPG.rf.a204467277c4db978d9e4b52bfd2b772.jpg</path>
	<source>
		<database>roboflow.ai</database>
	</source>
	<size>
		<width>1024</width>
		<height>768</height>
		<depth>3</depth>
	</size>
	<segmented>0</segmented>
	<object>
		<name>Beer</name>
		<pose>Unspecified</pose>
		<truncated>0</truncated>
		<difficult>0</difficult>
		<occluded>0</occluded>
		<bndbox>
			<xmin>633</xmin>
			<xmax>713</xmax>
			<ymin>214</ymin>
			<ymax>529</ymax>
		</bndbox>
	</object>
	<object>
		<name>Beer</name>
		<pose>Unspecified</pose>
		<truncated>0</truncated>
		<difficult>0</difficult>
		<occluded>0</occluded>
		<bndbox>
			<xmin>413</xmin>
			<xmax>484</xmax>
			<ymin>271</ymin>
			<ymax>491</ymax>
		</bndbox>
	</object>
	<object>
		<name>Beer</name>
		<pose>Unspecified</pose>
		<truncated>0</truncated>
		<difficult>0</difficult>
		<occluded>0</occluded>
		<bndbox>
			<xmin>515</xmin>
			<xmax>616</xmax>
			<ymin>236</ymin>
			<ymax>623</ymax>
		</bndbox>
	</object>
</annotation>
