<annotation>
	<folder></folder>
	<filename>IMG_5126_JPG.rf.caf037ba65851a5f947d88e3e226fb6c.jpg</filename>
	<path>IMG_5126_JPG.rf.caf037ba65851a5f947d88e3e226fb6c.jpg</path>
	<source>
		<database>roboflow.ai</database>
	</source>
	<size>
		<width>1024</width>
		<height>768</height>
		<depth>3</depth>
	</size>
	<segmented>0</segmented>
	<object>
		<name>Water</name>
		<pose>Unspecified</pose>
		<truncated>0</truncated>
		<difficult>0</difficult>
		<occluded>0</occluded>
		<bndbox>
			<xmin>63</xmin>
			<xmax>303</xmax>
			<ymin>25</ymin>
			<ymax>750</ymax>
		</bndbox>
	</object>
	<object>
		<name>Water</name>
		<pose>Unspecified</pose>
		<truncated>0</truncated>
		<difficult>0</difficult>
		<occluded>0</occluded>
		<bndbox>
			<xmin>674</xmin>
			<xmax>921</xmax>
			<ymin>22</ymin>
			<ymax>758</ymax>
		</bndbox>
	</object>
	<object>
		<name>Milk</name>
		<pose>Unspecified</pose>
		<truncated>0</truncated>
		<difficult>0</difficult>
		<occluded>0</occluded>
		<bndbox>
			<xmin>394</xmin>
			<xmax>575</xmax>
			<ymin>196</ymin>
			<ymax>747</ymax>
		</bndbox>
	</object>
</annotation>
