<annotation>
	<folder></folder>
	<filename>IMG_4888_JPG.rf.2f9afa71c320c39b1b7ef7e0505583d7.jpg</filename>
	<path>IMG_4888_JPG.rf.2f9afa71c320c39b1b7ef7e0505583d7.jpg</path>
	<source>
		<database>roboflow.ai</database>
	</source>
	<size>
		<width>1024</width>
		<height>768</height>
		<depth>3</depth>
	</size>
	<segmented>0</segmented>
	<object>
		<name>BeerCan</name>
		<pose>Unspecified</pose>
		<truncated>0</truncated>
		<difficult>0</difficult>
		<occluded>0</occluded>
		<bndbox>
			<xmin>684</xmin>
			<xmax>899</xmax>
			<ymin>152</ymin>
			<ymax>662</ymax>
		</bndbox>
	</object>
	<object>
		<name>BeerCan</name>
		<pose>Unspecified</pose>
		<truncated>0</truncated>
		<difficult>0</difficult>
		<occluded>0</occluded>
		<bndbox>
			<xmin>131</xmin>
			<xmax>375</xmax>
			<ymin>111</ymin>
			<ymax>735</ymax>
		</bndbox>
	</object>
	<object>
		<name>BeerCan</name>
		<pose>Unspecified</pose>
		<truncated>0</truncated>
		<difficult>0</difficult>
		<occluded>0</occluded>
		<bndbox>
			<xmin>397</xmin>
			<xmax>562</xmax>
			<ymin>219</ymin>
			<ymax>635</ymax>
		</bndbox>
	</object>
</annotation>
