<annotation>
	<folder></folder>
	<filename>IMG_4857_JPG.rf.a16006a880c43621ccac2d5960726d8c.jpg</filename>
	<path>IMG_4857_JPG.rf.a16006a880c43621ccac2d5960726d8c.jpg</path>
	<source>
		<database>roboflow.ai</database>
	</source>
	<size>
		<width>1024</width>
		<height>768</height>
		<depth>3</depth>
	</size>
	<segmented>0</segmented>
	<object>
		<name>Beer</name>
		<pose>Unspecified</pose>
		<truncated>0</truncated>
		<difficult>0</difficult>
		<occluded>0</occluded>
		<bndbox>
			<xmin>674</xmin>
			<xmax>907</xmax>
			<ymin>40</ymin>
			<ymax>769</ymax>
		</bndbox>
	</object>
	<object>
		<name>Beer</name>
		<pose>Unspecified</pose>
		<truncated>0</truncated>
		<difficult>0</difficult>
		<occluded>0</occluded>
		<bndbox>
			<xmin>127</xmin>
			<xmax>298</xmax>
			<ymin>153</ymin>
			<ymax>670</ymax>
		</bndbox>
	</object>
	<object>
		<name>Beer</name>
		<pose>Unspecified</pose>
		<truncated>0</truncated>
		<difficult>0</difficult>
		<occluded>0</occluded>
		<bndbox>
			<xmin>352</xmin>
			<xmax>534</xmax>
			<ymin>118</ymin>
			<ymax>718</ymax>
		</bndbox>
	</object>
</annotation>
